meter_number,account_id,transaction_id,amount,created_at,payment_date_time
PO12464267,6170449000,BBPSBD016131BALAAAJV593E,893.00,2026-05-12 00:00:22.632501+05:30,2026-05-12 05:30:21+05:30
PO12008085,6923504000,DHD5FBX1JSDMVJ,1000.00,2026-05-12 00:02:12.096310+05:30,2026-05-12 05:32:10+05:30
PO12160184,5969429000,BBPSPP016131BX6OI000P204,1.00,2026-05-12 00:11:23.611538+05:30,2026-05-12 05:41:21+05:30
PO12430467,1631453000,HGALP14C130349095855,113.00,2026-05-12 00:11:43.035218+05:30,2026-05-12 05:41:41+05:30
PO12131480,4846488888,PP01BX124759563TYJI5564754R61311247,192.00,2026-05-12 00:16:50.754697+05:30,2026-05-12 05:46:49+05:30
PO12173452,9053508000,PP01BX001830052PDYC4703909R61320018,227.00,2026-05-12 00:18:45.954679+05:30,2026-05-12 05:48:44+05:30
PO12542680,7983060046,BBPSPP016132BX0J000WJ075,106.00,2026-05-12 00:20:03.645775+05:30,2026-05-12 05:50:02+05:30
PO12006562,4598384000,28556716217,100.00,2026-05-12 00:20:53.636139+05:30,2026-05-12 05:50:52+05:30
PO12089261,3461288000,BBPSPP016132BX2WT00YF580,60.00,2026-05-12 00:21:03.073114+05:30,2026-05-12 05:51:01+05:30
PO12366765,0830713000,PP01BX194808505Z3KU7753766R61281948,166.00,2026-05-12 00:21:10.096568+05:30,2026-05-12 05:51:08+05:30
PO12272200,2430348000,BBPSPU016132ULLTM0PZ9576,25.00,2026-05-12 00:22:23.032108+05:30,2026-05-12 05:52:21+05:30
PO12401407,6480569473,BBPSPP016132BX45Y0115928,84.00,2026-05-12 00:22:42.947865+05:30,2026-05-12 05:52:41+05:30
PO12390715,9960553000,BBPSPP016132BX3F2011T680,100.00,2026-05-12 00:23:24.344655+05:30,2026-05-12 05:53:22+05:30
PO12405635,2228353000,DHD5M7H1JSEMGN,1500.00,2026-05-12 00:25:20.268596+05:30,2026-05-12 05:55:19+05:30
AL2275023,0963484000,DHD546R1JSEQ1V,1576.00,2026-05-12 00:28:15.304898+05:30,2026-05-12 05:58:13+05:30
PO12173498,9435767000,PP01BX081545967DKOA0948438R61310815,478.00,2026-05-12 00:29:52.208485+05:30,2026-05-12 05:59:50+05:30
PO12272058,8795097000,HGALP152CF0349160439,354.00,2026-05-12 00:32:24.600886+05:30,2026-05-12 06:02:23+05:30
PO12195596,5451708000,DHD5X9J1JSEX5D,500.00,2026-05-12 00:33:10.612122+05:30,2026-05-12 06:03:09+05:30
PO12300775,6134340100,DHD5T781JSEYAI,1000.00,2026-05-12 00:34:07.071198+05:30,2026-05-12 06:04:05+05:30
PO12054394,5215338016,DHD5L3T1JSF7WP,344.00,2026-05-12 00:41:25.236303+05:30,2026-05-12 06:11:23+05:30
PO14812998,2208559065,DHD5F0L1JSFA5C,100.00,2026-05-12 00:42:58.674234+05:30,2026-05-12 06:12:57+05:30
PO12220979,0967051107,28556819189,100.00,2026-05-12 00:46:29.185844+05:30,2026-05-12 06:16:27+05:30
AL2275467,3420353000,BBPSPP016132BX0U9029V033,651.00,2026-05-12 00:49:44.044111+05:30,2026-05-12 06:19:41+05:30
PO12061343,9074684000,28556836134,2000.00,2026-05-12 00:49:55.808815+05:30,2026-05-12 06:19:54+05:30
PO12103822,5740577000,PP01BX004521565ABQB8873304R61310045,38.00,2026-05-12 00:55:29.498053+05:30,2026-05-12 06:25:28+05:30
PO12258729,3077981795,DPHW6K01JSFQIY,5.00,2026-05-12 00:57:32.267019+05:30,2026-05-12 06:27:30+05:30
PO12216650,1060413000,28556865437,100.00,2026-05-12 00:57:39.094638+05:30,2026-05-12 06:27:37+05:30
PO12195596,5451708000,DHD5SMO1JSFJ90,300.00,2026-05-12 01:00:13.524758+05:30,2026-05-12 06:30:12+05:30
PO12211921,3421384000,28556915761,300.00,2026-05-12 01:13:08.812185+05:30,2026-05-12 06:43:06+05:30
PO12037215,1658323000,BBPSPP016131BX2QU03GD186,47.00,2026-05-12 01:25:03.301614+05:30,2026-05-12 06:55:01+05:30
PO12268421,6522287000,PP01BX011959830CVDN3773689R61310119,388.00,2026-05-12 01:30:08.631124+05:30,2026-05-12 07:00:06+05:30
PO12549505,7184858471,28556976516,50.00,2026-05-12 01:40:33.131393+05:30,2026-05-12 07:10:31+05:30
PO12273715,6168603000,HGVRCRMCVDP2SMZQWCXVXW79VNZ61320152,781.00,2026-05-12 01:52:36.159628+05:30,2026-05-12 07:22:33+05:30
PO12132754,0788203000,BBPSPP016131BX5DT0565249,70.00,2026-05-12 02:02:23.385565+05:30,2026-05-12 07:32:21+05:30
PO12256486,8042492000,BBPSPP016131BX2WT058U914,50.00,2026-05-12 02:04:03.264785+05:30,2026-05-12 07:34:01+05:30
PO12292512,4368774000,PP01BX0154561094NQU4430182R61310154,31.00,2026-05-12 02:05:04.559325+05:30,2026-05-12 07:35:03+05:30
PO12191852,0425746000,BBPSPP016132BX2WT05S5099,409.00,2026-05-12 02:05:22.901164+05:30,2026-05-12 07:35:21+05:30
PO12116964,7370194284,2053936998882213888TISKl20261312035,293.00,2026-05-12 02:05:40.786900+05:30,2026-05-12 07:35:39+05:30
PO12180440,3516525000,DHD5W8B1JSH9HU,621.00,2026-05-12 02:10:06.054610+05:30,2026-05-12 07:40:04+05:30
PO12562540,2464663000,DHD5AZ51JSHJAI,100.00,2026-05-12 02:20:04.524680+05:30,2026-05-12 07:50:02+05:30
PO12331446,7999001482,DHD5PH41JSHI3B,200.00,2026-05-12 02:20:05.716320+05:30,2026-05-12 07:50:04+05:30
PO12122882,5863269000,PP01BX021038340AHBM4430812R61310210,88.00,2026-05-12 02:21:05.246353+05:30,2026-05-12 07:51:03+05:30
PO12414791,3991494000,BBPSPP016131BX6WX061T451,199.00,2026-05-12 02:21:42.989462+05:30,2026-05-12 07:51:41+05:30
PO12175978,3738972000,28557058527,100.00,2026-05-12 02:27:49.575456+05:30,2026-05-12 07:57:47+05:30
PO12450998,3239194000,PP01BX0222260501TXT1679636R61310222,435.00,2026-05-12 02:34:29.303471+05:30,2026-05-12 08:04:27+05:30
PO12271427,9728599000,PP01BX0234327579UI78658303R61320234,203.00,2026-05-12 02:34:49.558928+05:30,2026-05-12 08:04:48+05:30
PO12323245,7141940100,DHD5GRF1JSHUCV,1000.00,2026-05-12 02:42:34.164747+05:30,2026-05-12 08:12:32+05:30
PO12350252,3134867000,HGALP14A050349292069,314.00,2026-05-12 02:43:22.818633+05:30,2026-05-12 08:13:21+05:30
PO12311047,5894642397,PP01BX023312324QD6V1089881R61310233,49.00,2026-05-12 02:46:44.061794+05:30,2026-05-12 08:16:42+05:30
PO12374635,2545017205,PP01BX0246248621OTW6442777R61310246,587.00,2026-05-12 02:56:38.413017+05:30,2026-05-12 08:26:36+05:30
PO12461839,5080543000,PP01BX0253022055OPW1679684R61310253,245.00,2026-05-12 03:03:11.811209+05:30,2026-05-12 08:33:10+05:30
PO12069433,9850718394,28557121899,270.00,2026-05-12 03:16:20.399727+05:30,2026-05-12 08:46:18+05:30
PO12032742,8957123000,PP01BX031129164SOJR3773881R61310311,231.00,2026-05-12 03:21:38.355171+05:30,2026-05-12 08:51:36+05:30
PO12232109,6352594000,PP01BX033854340TGAN5564605R61310338,4.00,2026-05-12 03:49:02.686435+05:30,2026-05-12 09:19:01+05:30
PO12070689,6258984000,20539666188798361609tfkD20261312232,1000.00,2026-05-12 04:03:30.147142+05:30,2026-05-12 09:33:28+05:30
PO14808361,7700669353,PP01BX041210549X0KE3834101R61310412,165.00,2026-05-12 04:22:18.645457+05:30,2026-05-12 09:52:17+05:30
PO12346374,0450094000,PP01BX041234797D6Z84499270R61310412,1.00,2026-05-12 04:22:45.254589+05:30,2026-05-12 09:52:43+05:30
PO12297179,2041918000,BBPSPP016131BX3GZ0BVF825,38.00,2026-05-12 04:27:03.045743+05:30,2026-05-12 09:57:01+05:30
PO12269111,6929787000,BBPSPP016131BX4YY0C4S196,173.00,2026-05-12 04:32:42.855324+05:30,2026-05-12 10:02:41+05:30
PO12391014,4397394000,DHD5SAX1JSJ0WH,1000.00,2026-05-12 04:34:15.194535+05:30,2026-05-12 10:04:13+05:30
PO12152323,0348961888,BBPSPP016131BX2RQ0C97914,489.00,2026-05-12 04:35:22.697613+05:30,2026-05-12 10:05:21+05:30
PO12116114,0439992387,PP01BX0203416549YVZ5398104R61290203,7.00,2026-05-12 04:50:38.770311+05:30,2026-05-12 10:20:37+05:30
PO12116114,0439992387,PP01BX045211774C9YF4430554R61320452,8.00,2026-05-12 04:52:56.714730+05:30,2026-05-12 10:22:55+05:30
PO14806647,3038338984,PP01BX0455233777JYC3834177R61310455,11.00,2026-05-12 05:05:31.182787+05:30,2026-05-12 10:35:29+05:30
PO12026288,6508441562,HGALP081860349385837,156.00,2026-05-12 05:09:02.964934+05:30,2026-05-12 10:39:01+05:30
PO12208041,9725773000,HGALP14EB00349387333,197.00,2026-05-12 05:10:42.853230+05:30,2026-05-12 10:40:41+05:30
PO12635329,2508514297,28557235263,436.00,2026-05-12 05:11:34.422739+05:30,2026-05-12 10:41:33+05:30
PO12576381,7110103000,PP01BX0501415404DNC5564147R61310501,7.00,2026-05-12 05:11:51.706033+05:30,2026-05-12 10:41:50+05:30
PO12157698,1801639000,PP01BX0502300201WZV4703277R61310502,3.00,2026-05-12 05:12:39.098302+05:30,2026-05-12 10:42:37+05:30
PO12139198,8677099000,BBPSPP016131BX3F20ENK928,2.00,2026-05-12 05:27:02.786307+05:30,2026-05-12 10:57:01+05:30
PO14803084,4139164000,BBPSPP016132BX45Y0FCA734,1045.00,2026-05-12 05:32:02.813613+05:30,2026-05-12 11:02:01+05:30
PO12367006,8666173000,BBPSPP016131BX3GZ0EZF896,215.00,2026-05-12 05:34:22.646397+05:30,2026-05-12 11:04:21+05:30
PO12363513,3423692000,28557269479,126.00,2026-05-12 05:35:20.418265+05:30,2026-05-12 11:05:19+05:30
PO12090962,6761272000,DHD5APX1JSK0GL,150.00,2026-05-12 05:36:22.374927+05:30,2026-05-12 11:06:21+05:30
PO12105710,3008704000,28557279950,219.00,2026-05-12 05:41:20.874939+05:30,2026-05-12 11:11:19+05:30
PO12190575,2935003516,DHD5RTL1JSK6F7,500.00,2026-05-12 05:43:42.574806+05:30,2026-05-12 11:13:41+05:30
PO12476362,5474482112,PP01BX054825860TAR45605096R61310548,350.00,2026-05-12 05:48:04.194664+05:30,2026-05-12 11:18:02+05:30
PO12551566,5157017747,PP01BX053901106F9HT0684473R61310539,50.00,2026-05-12 05:49:09.100354+05:30,2026-05-12 11:19:07+05:30
PO12476362,5474482112,BBPSPP016132BX1MO0G64469,3.00,2026-05-12 05:49:42.834694+05:30,2026-05-12 11:19:41+05:30
PO12283052,7107943000,28557299062,500.00,2026-05-12 05:52:31.484833+05:30,2026-05-12 11:22:30+05:30
PO12335971,9757592000,BBPSPP016132BX0QC0GB6681,7.00,2026-05-12 05:52:42.876501+05:30,2026-05-12 11:22:41+05:30
PO12273199,4580183000,28557303865,50.00,2026-05-12 05:55:05.790936+05:30,2026-05-12 11:25:04+05:30
PO12345813,9401862719,28557305510,1000.00,2026-05-12 05:55:47.688595+05:30,2026-05-12 11:25:46+05:30
PO12366344,7159334000,28557306373,301.00,2026-05-12 05:56:18.624592+05:30,2026-05-12 11:26:17+05:30
AL2270586,0970177563,PP01BX002113605OYTI5398698R61310021,328.00,2026-05-12 05:57:31.337935+05:30,2026-05-12 11:27:30+05:30
PO12195596,5451708000,DHD5WQ61JSKDQV,300.00,2026-05-12 06:00:06.205809+05:30,2026-05-12 11:30:05+05:30
PO12053289,3437936860,PP01BX0654365415OBX5398844R61310654,91.00,2026-05-12 06:03:28.636696+05:30,2026-05-12 11:33:27+05:30
PO12280577,0757844000,HGALP173EB0349470342,262.00,2026-05-12 06:04:03.155135+05:30,2026-05-12 11:34:01+05:30
PO12366344,7159334000,28557335486,15.00,2026-05-12 06:05:58.174384+05:30,2026-05-12 11:35:56+05:30
PO12280577,0757844000,HGALP0A1820349475576,2.00,2026-05-12 06:06:03.387755+05:30,2026-05-12 11:36:02+05:30
PO12413888,0572994000,DHD50JM1JSKOU2,147.00,2026-05-12 06:09:21.254858+05:30,2026-05-12 11:39:20+05:30
PO12409780,0535244000,BBPSPP016132BX3GZ0H2R639,16.00,2026-05-12 06:09:22.694810+05:30,2026-05-12 11:39:21+05:30
PO12409780,0535244000,PP01BX060927447TK7X3834675R61320609,1.00,2026-05-12 06:09:58.719348+05:30,2026-05-12 11:39:57+05:30
AL2275407,1352808260,DHD5HSA1JSKPMB,150.00,2026-05-12 06:10:10.591181+05:30,2026-05-12 11:40:09+05:30
PO12345313,3817973000,PP01BX121418578BVM88961940R61311214,8.00,2026-05-12 06:10:15.512780+05:30,2026-05-12 11:40:14+05:30
PO12595102,8303754000,APBWMVQXCIYYYNQ52O0A3YAI7BY61320609,224.00,2026-05-12 06:10:28.447715+05:30,2026-05-12 11:40:27+05:30
PO12190526,2946035000,28557349482,100.00,2026-05-12 06:10:42.147033+05:30,2026-05-12 11:40:40+05:30
PO12278200,0199454000,28557352869,1500.00,2026-05-12 06:12:03.367757+05:30,2026-05-12 11:42:02+05:30
PO12516826,0729292000,DHD5FXG1JSKSGB,49.00,2026-05-12 06:14:01.937196+05:30,2026-05-12 11:44:00+05:30
AL2275408,0166454709,DHD517Z1JSKSQZ,150.00,2026-05-12 06:14:06.885581+05:30,2026-05-12 11:44:05+05:30
PO12417408,5669176910,28557362672,138.00,2026-05-12 06:15:01.284643+05:30,2026-05-12 11:45:00+05:30
PO12413888,0572994000,DHD59RC1JSKTOP,3.00,2026-05-12 06:15:22.621343+05:30,2026-05-12 11:45:21+05:30
PO12347133,4148353000,DHMP0SM1JSKW4T,2000.00,2026-05-12 06:18:26.732835+05:30,2026-05-12 11:48:25+05:30
PO12508424,6608103000,DCHYFHA1JSKWA9,5994.00,2026-05-12 06:18:36.969833+05:30,2026-05-12 11:48:35+05:30
PO12245748,8714399000,PP01BX060941378832T0684641R61310609,222.00,2026-05-12 06:19:51.360290+05:30,2026-05-12 11:49:50+05:30
PO12035503,1568453000,DHD5HN11JSKQRF,96.00,2026-05-12 06:20:06.418470+05:30,2026-05-12 11:50:05+05:30
PO12350208,4120058000,BBPSPP016131BX6UH0H75313,674.00,2026-05-12 06:22:03.196383+05:30,2026-05-12 11:52:01+05:30
PO12045018,3562553000,HGALP0C6C70349523976,89.00,2026-05-12 06:22:03.324654+05:30,2026-05-12 11:52:02+05:30
PO12098611,8687173000,DHD5HXP1JSL2Z3,500.00,2026-05-12 06:26:33.626222+05:30,2026-05-12 11:56:32+05:30
PO12071735,4303893000,HGALP0A0970349542789,290.00,2026-05-12 06:27:23.395320+05:30,2026-05-12 11:57:22+05:30
PO12557872,0324876982,2QMM4YRLKC0H3HX6EW04JV26BFS61281214,118.00,2026-05-12 06:27:46.833352+05:30,2026-05-12 11:57:45+05:30
PO12288235,5903544000,28557415758,200.00,2026-05-12 06:30:03.529739+05:30,2026-05-12 12:00:02+05:30
PO14800120,7970463000,HGALP17FE80349553853,620.00,2026-05-12 06:30:22.941822+05:30,2026-05-12 12:00:21+05:30
PO12154340,3833302047,HGALP00CB60349554590,189.00,2026-05-12 06:30:42.867655+05:30,2026-05-12 12:00:41+05:30
PO12335468,5921994740,BBPSPP016132BX6WX0I2F569,277.00,2026-05-12 06:30:43.469261+05:30,2026-05-12 12:00:42+05:30
PO12417708,1668954000,HGALP035AE0349558945,15.00,2026-05-12 06:31:43.245290+05:30,2026-05-12 12:01:41+05:30
PO12235405,3581422578,28557425051,14.00,2026-05-12 06:32:17.436074+05:30,2026-05-12 12:02:16+05:30
PO12652958,4528794000,HGALP177AA0349561088,113.00,2026-05-12 06:32:22.966274+05:30,2026-05-12 12:02:21+05:30
PO12443372,5893223000,2053704324379795456jtFBvLLB61310510,99.00,2026-05-12 06:34:05.145623+05:30,2026-05-12 12:04:03+05:30
AL2272995,8364328302,BBPSPP016132BX77L0I91260,26.00,2026-05-12 06:34:43.184619+05:30,2026-05-12 12:04:41+05:30
PO12354393,8429654000,HGALP010C90349575581,1002.00,2026-05-12 06:36:02.954694+05:30,2026-05-12 12:06:01+05:30
PO12357008,6712813000,28557444340,133.00,2026-05-12 06:37:13.172059+05:30,2026-05-12 12:07:11+05:30
PO12430064,4499023000,PP01BX062715405Z9ZF4703074R61310627,120.00,2026-05-12 06:37:23.687730+05:30,2026-05-12 12:07:22+05:30
PO12436204,6154084000,HGALP03C7B0349586916,1624.00,2026-05-12 06:38:42.860718+05:30,2026-05-12 12:08:41+05:30
PO12619058,2081443000,HGALP014340349591703,92.00,2026-05-12 06:39:42.834488+05:30,2026-05-12 12:09:41+05:30
PO12120414,1890358000,HGALP02D740349591162,214.00,2026-05-12 06:39:43.158093+05:30,2026-05-12 12:09:42+05:30
PO12056429,2817866058,28557459121,100.00,2026-05-12 06:40:38.669505+05:30,2026-05-12 12:10:37+05:30
PO12405769,7377043000,28557459630,100.00,2026-05-12 06:40:39.904746+05:30,2026-05-12 12:10:38+05:30
PO12341870,1764014000,HGALP0DED30349607750,358.00,2026-05-12 06:43:23.209214+05:30,2026-05-12 12:13:22+05:30
PO12093788,7478378321,28557468336,194.00,2026-05-12 06:43:54.495647+05:30,2026-05-12 12:13:53+05:30
PO12460663,3469714000,28557474036,100.00,2026-05-12 06:44:22.120869+05:30,2026-05-12 12:14:20+05:30
PO12565318,2840444000,2054007324925173760KHFIO20261320114,142.00,2026-05-12 06:45:25.413010+05:30,2026-05-12 12:15:24+05:30
PO12519928,4470433000,HGALP16A560349630360,32.00,2026-05-12 06:48:23.253867+05:30,2026-05-12 12:18:21+05:30
PO14803084,4139164000,BBPSPP016132BX3GZ0IY2187,5.00,2026-05-12 06:49:43.954693+05:30,2026-05-12 12:19:42+05:30
PO12122181,2252929000,PP01BX063938887I9751089979R61310639,111.00,2026-05-12 06:49:48.061859+05:30,2026-05-12 12:19:46+05:30
PO12338366,7936672026,DHD51EO1JSLPRB,273.00,2026-05-12 06:49:55.950568+05:30,2026-05-12 12:19:54+05:30
PO12335963,1739974000,DHD5CUF1JSLGEE,200.00,2026-05-12 06:50:06.768458+05:30,2026-05-12 12:20:05+05:30
PO12461893,0796223000,DHD56M01JSLRX2,166.00,2026-05-12 06:51:36.298451+05:30,2026-05-12 12:21:35+05:30
PO12354213,3502174000,PP01BX064152790L5UL8873121R61310641,146.00,2026-05-12 06:52:00.281340+05:30,2026-05-12 12:21:59+05:30
PO12515114,3103587904,2053868446579048448WPOoB20261311602,277.00,2026-05-12 06:54:49.477853+05:30,2026-05-12 12:24:48+05:30
PO12360082,9293497085,HGALP06DDB0349676590,259.00,2026-05-12 06:57:43.355317+05:30,2026-05-12 12:27:42+05:30
PO12093751,4470558000,PP01BX064830125SGCE4430064R61310648,60.00,2026-05-12 06:58:41.004768+05:30,2026-05-12 12:28:39+05:30
PO12583150,3738168000,BBPSBD016132BALAAAJV9FVV,14.00,2026-05-12 06:58:42.912680+05:30,2026-05-12 12:28:41+05:30
PO12288235,5903544000,28557546458,200.00,2026-05-12 06:59:29.441004+05:30,2026-05-12 12:29:28+05:30
PO12210910,7201066526,DHD5JGN1JSLYFV,30.00,2026-05-12 07:00:06.785105+05:30,2026-05-12 12:30:05+05:30
PO12276389,5548846102,DHD5R9N1JSLVE7,23.00,2026-05-12 07:00:06.791891+05:30,2026-05-12 12:30:05+05:30
PO12417875,1060424000,HGALP0671D0349691140,100.00,2026-05-12 07:00:23.536664+05:30,2026-05-12 12:30:22+05:30
PO12616477,0388534000,BBPSPU016132AMDCKRPZ4164,115.00,2026-05-12 07:01:23.014261+05:30,2026-05-12 12:31:21+05:30
PO12525585,5494653127,DHD57BW1JSM6W1,58.00,2026-05-12 07:03:24.086176+05:30,2026-05-12 12:33:22+05:30
PO12093751,4470558000,PP01BX070025563ZKND1089366R61320700,3.00,2026-05-12 07:03:34.414598+05:30,2026-05-12 12:33:33+05:30
AL2278332,9738356136,HGVRPWY2RUWHX5FQCTPBQ2JSXJR61320703,34.00,2026-05-12 07:03:43.431510+05:30,2026-05-12 12:33:42+05:30
PO12426203,9368933000,PP01BX103752995K0JI5564701R61311037,8.00,2026-05-12 07:03:48.680501+05:30,2026-05-12 12:33:47+05:30
PO12085430,2498599000,PP01BX0156410694KZI0948645R61310156,249.00,2026-05-12 07:03:50.002948+05:30,2026-05-12 12:33:48+05:30
PO12556809,4808110100,HGALP112D80349713529,121.00,2026-05-12 07:04:03.449576+05:30,2026-05-12 12:34:02+05:30
PO12419399,8407864000,PP01BX065354664XU665398957R61310653,87.00,2026-05-12 07:04:06.740107+05:30,2026-05-12 12:34:05+05:30
PO12281233,3706294000,HGALP025850349713941,395.00,2026-05-12 07:04:23.426068+05:30,2026-05-12 12:34:22+05:30
PO12390412,0892066000,HGVRUTZZ54PRGFVQW26TY6J0E1E61320704,86.00,2026-05-12 07:04:23.675973+05:30,2026-05-12 12:34:22+05:30
PO12423258,4303013000,BBPSBD016132BALAAAJV9LOC,355.00,2026-05-12 07:04:43.051249+05:30,2026-05-12 12:34:41+05:30
PO12141711,6798504000,BBPSBD016132BALAAAJV9LV1,286.00,2026-05-12 07:04:44.144791+05:30,2026-05-12 12:34:42+05:30
PO12461422,1074763000,HGVRWYHECUE6T9RDS0Y6JMVP42M61320704,310.00,2026-05-12 07:04:44.711377+05:30,2026-05-12 12:34:43+05:30
PO12502980,5448900100,HGVR5FUV11514NSBNQQI653IPU561320704,753.00,2026-05-12 07:04:47.764847+05:30,2026-05-12 12:34:46+05:30
PO12426203,9368933000,BBPSPP016132BX2WT0JNI627,100.00,2026-05-12 07:05:03.680460+05:30,2026-05-12 12:35:02+05:30
PO12391976,5043436930,BBPSBD016132BALAAAJV9MA3,106.00,2026-05-12 07:05:04.671637+05:30,2026-05-12 12:35:03+05:30
PO12426203,9368933000,PP01BX070459176ND723773592R61320704,1.00,2026-05-12 07:05:12.245762+05:30,2026-05-12 12:35:11+05:30
PO12529335,6517044000,PP01BX0705030201JJG9345480R61320705,214.00,2026-05-12 07:05:19.532622+05:30,2026-05-12 12:35:18+05:30
PO12131134,9034397704,BBPSBD016132BALAAAJV9MHR,79.00,2026-05-12 07:05:22.982117+05:30,2026-05-12 12:35:21+05:30
PO12059550,4206113000,BBPSBD016132BALAAAJV9MLY,191.00,2026-05-12 07:05:23.236449+05:30,2026-05-12 12:35:22+05:30
PO12525585,5494653127,DHD56JC1JSM9JW,1.00,2026-05-12 07:05:28.671783+05:30,2026-05-12 12:35:27+05:30
AL2271504,3229112675,BBPSBD016132BALAAAJV9MTI,31.00,2026-05-12 07:05:43.847984+05:30,2026-05-12 12:35:42+05:30
PO12042955,9164758376,HGVRVMMHEAE1WPF7K4PI09UCRPM61320705,38.00,2026-05-12 07:05:52.010016+05:30,2026-05-12 12:35:50+05:30
PO12460682,3930784000,BBPSPP016131BX3GZ0J94764,415.00,2026-05-12 07:06:23.394048+05:30,2026-05-12 12:36:22+05:30
PO12339258,5101849706,HGALP02B920349727419,187.00,2026-05-12 07:06:23.876571+05:30,2026-05-12 12:36:22+05:30
PO12139758,5803969000,28557598106,298.00,2026-05-12 07:07:26.405167+05:30,2026-05-12 12:37:25+05:30
PO12434256,2901389676,HGVRAJP4DZZGGKEQ2YK9JRUJ4HC61320709,31.00,2026-05-12 07:09:34.185709+05:30,2026-05-12 12:39:33+05:30
PO12405350,5617643000,BBPSPP016132BX3F20JW4817,311.00,2026-05-12 07:10:03.399965+05:30,2026-05-12 12:40:02+05:30
PO12276376,7483313000,DHD56XR1JSMH0B,225.00,2026-05-12 07:11:18.578586+05:30,2026-05-12 12:41:17+05:30
PO12115441,0778603000,HGALP176560349761274,9.00,2026-05-12 07:12:03.492462+05:30,2026-05-12 12:42:02+05:30
PO12044625,3300364000,DHD5ET71JSMIQA,100.00,2026-05-12 07:12:34.387928+05:30,2026-05-12 12:42:33+05:30
PO12142059,1026749000,28557635557,1.00,2026-05-12 07:13:27.633556+05:30,2026-05-12 12:43:25+05:30
PO12145504,5693224000,HGALP130D40349782805,109.00,2026-05-12 07:15:23.582382+05:30,2026-05-12 12:45:22+05:30
PO14811328,5559524000,CRUQQLJ4R5K36H5U98WCW2QBZTP61262159,633.00,2026-05-12 07:16:03.926162+05:30,2026-05-12 12:46:02+05:30
PO12117656,7287073000,BBPSPP016132BX6WX0K75544,301.00,2026-05-12 07:16:43.247027+05:30,2026-05-12 12:46:42+05:30
PO12451699,1274664000,BBPce01689896d847T20260512071717479,34.00,2026-05-12 07:17:40.094716+05:30,2026-05-12 12:47:38+05:30
PO12060865,9681973000,HGVRJRNUWTZNX6M9ZY3MIKX4DCP61320718,177.00,2026-05-12 07:18:58.386235+05:30,2026-05-12 12:48:56+05:30
PO12097110,3252999000,BBPSBD016132BALAAAJV93LX,525.00,2026-05-12 07:20:04.058644+05:30,2026-05-12 12:50:02+05:30
PO12322877,0277554000,DHD5KHU1JSMMYZ,788.00,2026-05-12 07:20:06.942328+05:30,2026-05-12 12:50:05+05:30
PO12455168,3244023000,HGALP080DF0349815425,327.00,2026-05-12 07:20:23.787607+05:30,2026-05-12 12:50:22+05:30
PO12009292,4877784588,HGALP11BB50349819952,958.00,2026-05-12 07:21:03.358282+05:30,2026-05-12 12:51:02+05:30
PO12133144,4397592000,PP01BX024859132AIUS4499070R61320248,161.00,2026-05-12 07:22:10.717703+05:30,2026-05-12 12:52:09+05:30
PO12407344,4555294013,HGALP098420349834296,18.00,2026-05-12 07:23:03.594603+05:30,2026-05-12 12:53:02+05:30
PO12236745,5246454000,MA0DYRKTNEVIHX0BM4S8WZMUO6Q61281420,28.00,2026-05-12 07:26:31.880091+05:30,2026-05-12 12:56:30+05:30
PO14802425,8342141393,28557721674,39.00,2026-05-12 07:27:02.399326+05:30,2026-05-12 12:57:01+05:30
PO12365817,0319324000,DSBIOGI1JSN46Z,1000.00,2026-05-12 07:27:08.519922+05:30,2026-05-12 12:57:07+05:30
PO12170133,9804353000,DEP775L1JSN6FV,500.00,2026-05-12 07:27:27.979851+05:30,2026-05-12 12:57:26+05:30
PO12232114,6664227594,HGVRX2QPDT0RXH26YGN2CX5R9TC61320729,130.00,2026-05-12 07:29:24.097486+05:30,2026-05-12 12:59:22+05:30
PO12331910,9758093000,DHD58JF1JSN9VY,306.00,2026-05-12 07:29:41.620121+05:30,2026-05-12 12:59:40+05:30
PO12033547,8795145654,BBPSPP016132BX45Y0KT9053,30.00,2026-05-12 07:30:03.716015+05:30,2026-05-12 13:00:02+05:30
PO14811163,9741124000,HGVR1TZB5QHXENSN0D5U2CGP7WA61320729,20.00,2026-05-12 07:30:08.834791+05:30,2026-05-12 13:00:07+05:30
PO12013836,6926600709,HGVRIMWD9DA355PYXDNP0B36VRD61320730,11.00,2026-05-12 07:30:17.266594+05:30,2026-05-12 13:00:15+05:30
PO12441034,5953763000,DHD5K071JSNDDV,49.00,2026-05-12 07:31:26.169596+05:30,2026-05-12 13:01:24+05:30
PO12365451,4118676336,NFETEU01700025957919412a82a61272306,132.00,2026-05-12 07:31:58.576301+05:30,2026-05-12 13:01:57+05:30
PO12486707,7568213000,BBPSPP016132BX5ZD0KWR334,136.00,2026-05-12 07:32:04.170607+05:30,2026-05-12 13:02:02+05:30
PO12317066,5027414000,BBPSPP016132BX6WX0KY4042,103.00,2026-05-12 07:33:02.767492+05:30,2026-05-12 13:03:01+05:30
PO12315657,9702963000,DHD5PFN1JSNPIB,20.00,2026-05-12 07:35:06.786067+05:30,2026-05-12 13:05:05+05:30
PO12401522,4117749155,DHD5W911JSNR5B,4435.00,2026-05-12 07:35:28.211176+05:30,2026-05-12 13:05:26+05:30
PO12380628,3755710100,HGALP076050349923055,146.00,2026-05-12 07:35:43.921034+05:30,2026-05-12 13:05:42+05:30
PO12608083,3702733000,DHD5SUU1JSNT8J,133.00,2026-05-12 07:36:04.323916+05:30,2026-05-12 13:06:02+05:30
PO12611278,7653697000,HGVRRYCGAFNGIG512YVI9QT1PAA61320736,142.00,2026-05-12 07:37:31.860435+05:30,2026-05-12 13:07:30+05:30
PO12267961,4664174000,BBPSPP016132BX5DT0L5T368,300.00,2026-05-12 07:37:43.460557+05:30,2026-05-12 13:07:42+05:30
PO12540307,1178944000,HGVR4H5V5WW4Z5QGYAXNAR9J49Q61320738,39.00,2026-05-12 07:38:18.777673+05:30,2026-05-12 13:08:17+05:30
PO12151506,5402734000,HGVRF1QJRZ5DSKSG6HK7YC0CY6G61320738,282.00,2026-05-12 07:38:43.694780+05:30,2026-05-12 13:08:42+05:30
PO12305812,1334464000,28557822104,98.00,2026-05-12 07:39:26.044782+05:30,2026-05-12 13:09:24+05:30
PO12502932,8162193694,DHD5BX51JSO4RQ,138.00,2026-05-12 07:39:47.763687+05:30,2026-05-12 13:09:46+05:30
PO12413419,8933864000,BBPSBD016132BALAAAJWAVAU,181.00,2026-05-12 07:40:43.794811+05:30,2026-05-12 13:10:42+05:30
PO12502212,9691229000,BBPSPP016132BX4BP0LB9190,149.00,2026-05-12 07:41:03.714089+05:30,2026-05-12 13:11:02+05:30
PO12128427,5404883000,28557841801,318.00,2026-05-12 07:41:44.234757+05:30,2026-05-12 13:11:42+05:30
PO12551527,9947962428,BBPSPP016132BX4AK0LDL839,1.00,2026-05-12 07:42:23.784729+05:30,2026-05-12 13:12:22+05:30
PO12606497,7876522219,EW1503580834560958464,407.00,2026-05-12 07:43:38.884710+05:30,2026-05-12 13:13:37+05:30
PO12360841,6034010100,PP01BX105838300MQLY5398285R61311058,35.00,2026-05-12 07:44:33.237503+05:30,2026-05-12 13:14:31+05:30
PO12600788,6885443000,HGALP0C6580350004433,927.00,2026-05-12 07:45:44.284080+05:30,2026-05-12 13:15:42+05:30
PO12566938,6673438084,EW1503581466495770624,38.00,2026-05-12 07:46:09.354969+05:30,2026-05-12 13:16:07+05:30
PO12139632,0761410100,DHD5E8N1JSOPVD,112.00,2026-05-12 07:46:26.897205+05:30,2026-05-12 13:16:25+05:30
PO12482939,3715258000,BBPSBD016132BALAAAJWA3Y4,205.00,2026-05-12 07:46:42.629391+05:30,2026-05-12 13:16:41+05:30
PO12320990,8697464000,PP01BX074343353FPKQ3590655R61320743,250.00,2026-05-12 07:48:23.761432+05:30,2026-05-12 13:18:22+05:30
PO12502932,8162193694,DHD5HH91JSO8TX,2.00,2026-05-12 07:50:08.821975+05:30,2026-05-12 13:20:07+05:30
PO12490408,5009264000,28557917779,4.00,2026-05-12 07:50:35.606345+05:30,2026-05-12 13:20:34+05:30
PO12500735,4407189000,HGVRUSYZ3YCFBEHRH1AYCMVQW2061320751,296.00,2026-05-12 07:51:15.821448+05:30,2026-05-12 13:21:14+05:30
PO12340298,0594444000,BBPSBD016132BALAAAJWBB1Z,97.00,2026-05-12 07:51:43.217433+05:30,2026-05-12 13:21:42+05:30
PO12423373,1089001750,EW1503583574662012928,516.00,2026-05-12 07:54:25.064850+05:30,2026-05-12 13:24:23+05:30
PO12271207,1911062849,2052945527014576128bUNkE20261290255,15.00,2026-05-12 07:56:12.970061+05:30,2026-05-12 13:26:11+05:30
PO12518179,3156954000,HGALP174590350095812,81.00,2026-05-12 07:56:23.505088+05:30,2026-05-12 13:26:22+05:30
PO12179826,8190694000,DHD5O8L1JSPOIQ,100.00,2026-05-12 07:56:44.864685+05:30,2026-05-12 13:26:43+05:30
PO12258184,8147514000,BBPSEU016132af1f96589ce1,212.00,2026-05-12 07:57:44.154757+05:30,2026-05-12 13:27:42+05:30
PO14803438,8457934000,DHD5JI01JSPA7T,50.00,2026-05-12 08:00:07.328381+05:30,2026-05-12 13:30:06+05:30
PO12161929,1691483000,HGALP14F0E0350150017,75.00,2026-05-12 08:02:45.424928+05:30,2026-05-12 13:32:43+05:30
PO12020002,9683398960,DHD5X761JSQB5J,73.00,2026-05-12 08:02:57.128480+05:30,2026-05-12 13:32:55+05:30
PO12160303,3109879000,BBPSPP016132BX6OI0MBX741,192.00,2026-05-12 08:03:03.273236+05:30,2026-05-12 13:33:01+05:30
PO12284145,3071610100,BBPSPP016132BX5ZD0MCF327,143.00,2026-05-12 08:03:03.724257+05:30,2026-05-12 13:33:02+05:30
PO12353690,5088603000,BBPSAX996131Bb1839015692,534.00,2026-05-12 08:04:43.384594+05:30,2026-05-12 13:34:42+05:30
PO12300686,2712398000,HGALP072C50350174166,50.65,2026-05-12 08:05:03.620011+05:30,2026-05-12 13:35:02+05:30
PO14811485,1553755517,HGALP0620A0350170984,97.00,2026-05-12 08:05:04.636011+05:30,2026-05-12 13:35:03+05:30
PO12296113,2517354000,HGALP1177B0350174973,124.00,2026-05-12 08:05:23.110436+05:30,2026-05-12 13:35:21+05:30
PO12415245,9121520100,PP01BX080415631CF5Y8354100R61320804,100.00,2026-05-12 08:05:26.063549+05:30,2026-05-12 13:35:24+05:30
PO12521827,3542523087,BBPSPU016132LXDSXQ4D5745,180.00,2026-05-12 08:06:24.161344+05:30,2026-05-12 13:36:22+05:30
PO12457604,7905784594,28558104379,170.00,2026-05-12 08:08:20.615167+05:30,2026-05-12 13:38:19+05:30
PO12026641,9356717818,HGALP0AC850350205395,272.00,2026-05-12 08:08:45.105045+05:30,2026-05-12 13:38:43+05:30
PO12088116,8308888000,PP01BX080853048IQ8Q1679121R61320808,221.00,2026-05-12 08:09:08.545051+05:30,2026-05-12 13:39:07+05:30
PO12028183,4903253000,PP01BX113631823QSOM6977065R61301136,510.00,2026-05-12 08:09:20.386170+05:30,2026-05-12 13:39:18+05:30
PO12465763,6766977602,HGALP13B8E0350216947,78.00,2026-05-12 08:09:44.174815+05:30,2026-05-12 13:39:42+05:30
PO12219663,5415634000,DHD5SF11JSQXEG,60.00,2026-05-12 08:10:07.424702+05:30,2026-05-12 13:40:06+05:30
PO12594988,7173733000,DHD5OTE1JSQMNW,765.00,2026-05-12 08:10:08.264685+05:30,2026-05-12 13:40:06+05:30
PO12138561,5969049000,PP01BX081108646ZM6P1089635R61320811,272.00,2026-05-12 08:11:29.114455+05:30,2026-05-12 13:41:27+05:30
PO12310366,1325614514,D8196P85KMBS73BSK1P035xv7U961320811,427.00,2026-05-12 08:12:06.574708+05:30,2026-05-12 13:42:05+05:30
PO12508831,4343693000,BBPSPP016132BX3MN0MTC389,43.00,2026-05-12 08:13:24.144741+05:30,2026-05-12 13:43:22+05:30
PO12443291,1327273000,28558162606,159.00,2026-05-12 08:13:45.994899+05:30,2026-05-12 13:43:44+05:30
PO12391014,4397394000,DEP7UZL1JSRGQ3,1000.00,2026-05-12 08:13:56.665318+05:30,2026-05-12 13:43:55+05:30
PO12555242,6864453000,28558151052,751.00,2026-05-12 08:14:22.764588+05:30,2026-05-12 13:44:21+05:30
PO12080885,4695724000,HGALP147960350267656,54.00,2026-05-12 08:15:04.778611+05:30,2026-05-12 13:45:03+05:30
PO12443291,1327273000,28558179889,4.00,2026-05-12 08:15:12.164832+05:30,2026-05-12 13:45:10+05:30
PO12197097,4735240878,PP01BX0457367763LM41089376R61280457,300.00,2026-05-12 08:16:01.807296+05:30,2026-05-12 13:46:00+05:30
PO12552079,2501656833,BBPSPP016132BX5ZD0MXX869,48.00,2026-05-12 08:16:05.101744+05:30,2026-05-12 13:46:03+05:30
PO12602224,7255613000,28558193755,187.00,2026-05-12 08:16:37.784650+05:30,2026-05-12 13:46:36+05:30
PO12571420,7634204000,DHD575C1JSRRMJ,82.00,2026-05-12 08:16:48.083307+05:30,2026-05-12 13:46:46+05:30
PO12325045,8679400100,PP01BX11240671292RJ5605218R61311124,93.00,2026-05-12 08:18:39.560795+05:30,2026-05-12 13:48:38+05:30
PO12014674,1006144023,BBPSPP016132BX3GZ0N2H429,75.00,2026-05-12 08:18:44.320611+05:30,2026-05-12 13:48:43+05:30
PO12365476,2150035000,BBPSPP016132BX0QC0N27896,309.00,2026-05-12 08:18:44.753065+05:30,2026-05-12 13:48:43+05:30
PO12521827,3542523087,BBPSPU016132YE9FQNCE4040,3.00,2026-05-12 08:18:45.120424+05:30,2026-05-12 13:48:43+05:30
PO12018109,1879775389,HGALP01F180350308145,895.00,2026-05-12 08:19:02.869171+05:30,2026-05-12 13:49:01+05:30
PO12127308,4340128507,D162XZE1JSRU4Y,66.00,2026-05-12 08:19:18.657314+05:30,2026-05-12 13:49:17+05:30
PO12408103,5308354000,EW1503589955267944448,911.00,2026-05-12 08:19:38.583800+05:30,2026-05-12 13:49:37+05:30
PO12409550,5290840699,BBPSPU016132PYEYTVS18200,336.00,2026-05-12 08:19:43.550296+05:30,2026-05-12 13:49:42+05:30
PO12500675,6155938000,DEP7E911JSS3I2,854.00,2026-05-12 08:20:02.183861+05:30,2026-05-12 13:50:00+05:30
PO12424122,8324663000,DHD5JNB1JSRXSP,53.00,2026-05-12 08:20:06.636384+05:30,2026-05-12 13:50:05+05:30
PO12112422,8308112635,DHD5TN91JSROGA,100.00,2026-05-12 08:20:08.207766+05:30,2026-05-12 13:50:06+05:30
PO12624852,6157467120,BBPSPU016132COV5JJXB1450,339.00,2026-05-12 08:21:05.704715+05:30,2026-05-12 13:51:04+05:30
PO12273053,9507803000,DPHW66M1JSS58O,800.00,2026-05-12 08:21:12.484752+05:30,2026-05-12 13:51:11+05:30
PO14810172,1487602053,2053609403912740864zGj2mE9X61302253,2537.00,2026-05-12 08:21:31.373192+05:30,2026-05-12 13:51:30+05:30
PO12078266,6240854000,DHD5Z4M1JSSBZ1,68.00,2026-05-12 08:22:29.600870+05:30,2026-05-12 13:52:28+05:30
PO12396996,0359752203,2054031662658912256pzLB220261320251,93.00,2026-05-12 08:23:46.588190+05:30,2026-05-12 13:53:45+05:30
PO12254306,3954104000,HGALP0D5290350362678,13.00,2026-05-12 08:24:24.394701+05:30,2026-05-12 13:54:23+05:30
PO12505598,4546434000,DF319611A885EA4690AA380AF9B61320824,50.00,2026-05-12 08:25:02.824972+05:30,2026-05-12 13:55:01+05:30
PO12472432,0457194000,28558283480,129.00,2026-05-12 08:25:07.782064+05:30,2026-05-12 13:55:06+05:30
PO12282766,0067261341,PP01BX03331675010JR5693673R61320333,88.00,2026-05-12 08:25:28.997824+05:30,2026-05-12 13:55:27+05:30
PO12449626,2788101369,BBPSPP016132BX4AK0NDW677,53.00,2026-05-12 08:25:43.854835+05:30,2026-05-12 13:55:42+05:30
PO12527789,9256673528,HGALP0BDEA0350382006,100.00,2026-05-12 08:26:03.034293+05:30,2026-05-12 13:56:01+05:30
PO12527789,9256673528,HGALP12C2E0350391095,1.00,2026-05-12 08:27:03.389594+05:30,2026-05-12 13:57:02+05:30
PO12508710,1792825705,28558310428,617.00,2026-05-12 08:27:04.049524+05:30,2026-05-12 13:57:02+05:30
PO12151780,0094276662,HGALP167CD0350408626,96.00,2026-05-12 08:28:42.974871+05:30,2026-05-12 13:58:41+05:30
PO12319090,1884200600,DHD5IKG1JST0D1,130.00,2026-05-12 08:29:05.524872+05:30,2026-05-12 13:59:04+05:30
PO14812519,4636629000,HGVRFV71JAITB4ITFE17K1Y95CA61320829,467.00,2026-05-12 08:29:48.055968+05:30,2026-05-12 13:59:46+05:30
PO12532855,4859079871,DHD5CCD1JSSTJD,283.00,2026-05-12 08:30:07.854719+05:30,2026-05-12 14:00:06+05:30
PO12142727,7059398000,28558337745,1509.00,2026-05-12 08:30:50.652415+05:30,2026-05-12 14:00:49+05:30
PO12281983,8414924000,BBPSPU016132LNO3OZAI4607,949.00,2026-05-12 08:31:23.415963+05:30,2026-05-12 14:01:22+05:30
PO12325045,8679400100,PP01BX083104425GSAF3558542R61320831,1.00,2026-05-12 08:31:30.952716+05:30,2026-05-12 14:01:29+05:30
PO12213404,5788458000,28558371925,250.00,2026-05-12 08:32:37.078112+05:30,2026-05-12 14:02:35+05:30
PO12540558,5563934000,DHD5NZ11JSTGVR,158.00,2026-05-12 08:33:17.185355+05:30,2026-05-12 14:03:15+05:30
PO12606343,2198534000,BBPSPP016132BX2YI0NS1062,1071.00,2026-05-12 08:34:03.266092+05:30,2026-05-12 14:04:01+05:30
PO12223574,4434825000,HGALP16A3F0350478224,502.00,2026-05-12 08:35:25.514829+05:30,2026-05-12 14:05:24+05:30
PO12384362,1375600100,28558417315,705.00,2026-05-12 08:36:47.294359+05:30,2026-05-12 14:06:46+05:30
PO12602708,4474624000,HGALP184670350494952,63.00,2026-05-12 08:37:02.926133+05:30,2026-05-12 14:07:01+05:30
PO12258512,7902843000,HGVRUPP0DAG1VBJJ6GDQUSQFJ9G61320836,40.00,2026-05-12 08:37:04.854589+05:30,2026-05-12 14:07:03+05:30
PO12099412,0368283000,PP01BX0837596931SN85398114R61320837,208.00,2026-05-12 08:38:14.838586+05:30,2026-05-12 14:08:13+05:30
PO12476471,3296730100,HGALP07AAD0350513621,37.00,2026-05-12 08:38:44.593227+05:30,2026-05-12 14:08:43+05:30
PO12429349,2777894000,BBPSAX996131B853d96b12a3,1410.00,2026-05-12 08:39:04.929091+05:30,2026-05-12 14:09:03+05:30
PO12311993,1036270313,2052780897546874880Zn5q6ZWy61281601,249.00,2026-05-12 08:39:38.811902+05:30,2026-05-12 14:09:37+05:30
PO12610261,7572017834,DHD58EC1JSU78K,240.00,2026-05-12 08:39:54.404867+05:30,2026-05-12 14:09:52+05:30
PO12091352,9310053000,DHD5EAY1JSU0W4,134.00,2026-05-12 08:40:06.164652+05:30,2026-05-12 14:10:04+05:30
PO12093199,5380963000,PP01BX065310024FWRG8658022R61310653,291.00,2026-05-12 08:40:17.653788+05:30,2026-05-12 14:10:16+05:30
PO12258104,6152224000,HGALP15CC50350530400,289.00,2026-05-12 08:40:25.055499+05:30,2026-05-12 14:10:23+05:30
PO12590825,5688518000,HGALP0076B0350540875,243.00,2026-05-12 08:41:25.626137+05:30,2026-05-12 14:11:24+05:30
PO12562049,2455643000,HGVRJMCMIIMESFSV7DQPFGI446661320841,106.00,2026-05-12 08:42:07.570784+05:30,2026-05-12 14:12:06+05:30
PO12441916,3823464000,HGALP052CF0350551196,99.00,2026-05-12 08:42:24.551848+05:30,2026-05-12 14:12:23+05:30
PO12060136,9121531181,28558489450,32.00,2026-05-12 08:43:03.420895+05:30,2026-05-12 14:13:02+05:30
PO12562045,1257744000,BBPSBD016132BALAAAJWD0FC,3510.00,2026-05-12 08:43:24.657867+05:30,2026-05-12 14:13:23+05:30
PO14811325,6793544000,HGALP042DD0350566151,1071.00,2026-05-12 08:43:44.574525+05:30,2026-05-12 14:13:43+05:30
PO12292151,4916854000,20540315127754588167naX620261320250,10.00,2026-05-12 08:44:05.674378+05:30,2026-05-12 14:14:04+05:30
PO12136247,4074140100,28558510169,184.00,2026-05-12 08:44:41.460494+05:30,2026-05-12 14:14:40+05:30
PO12187221,2824319000,28558517013,500.00,2026-05-12 08:45:23.154859+05:30,2026-05-12 14:15:21+05:30
AL2274785,6259384000,BBPSBD016132BALAAAJWD4V8,2.00,2026-05-12 08:45:24.144637+05:30,2026-05-12 14:15:22+05:30
PO12130734,4398341955,HGVRXCE3JIYQ64MNYBDK65IXSBA61320845,28.00,2026-05-12 08:46:00.684792+05:30,2026-05-12 14:15:59+05:30
PO12351248,8147430100,PP01BX033024166JLJO1089553R61280330,500.00,2026-05-12 08:46:01.934863+05:30,2026-05-12 14:16:00+05:30
PO12340330,8367991262,DCHY9971JSUWNI,93.00,2026-05-12 08:46:08.967076+05:30,2026-05-12 14:16:07+05:30
PO14811325,6793544000,HGALP017410350592911,9.00,2026-05-12 08:46:24.455924+05:30,2026-05-12 14:16:23+05:30
PO12574917,4541858081,BBPSPP016132BX0QC0OD4111,200.00,2026-05-12 08:46:43.042124+05:30,2026-05-12 14:16:41+05:30
PO12149497,4339169134,DPHWH7U1JSUXKN,131.00,2026-05-12 08:47:03.844703+05:30,2026-05-12 14:17:02+05:30
PO12323510,3863618000,SD011417785558553673195141961320847,166.00,2026-05-12 08:47:53.175454+05:30,2026-05-12 14:17:52+05:30
PO12130708,0497792000,HGVRDEPSZWZV50QAKX64P7W1BNU61320848,25.00,2026-05-12 08:48:19.365308+05:30,2026-05-12 14:18:18+05:30
PO12200519,4137844000,HGALP1859F0350612123,7.00,2026-05-12 08:48:22.849810+05:30,2026-05-12 14:18:21+05:30
PO12548058,3214043000,28558552812,403.00,2026-05-12 08:48:27.011827+05:30,2026-05-12 14:18:25+05:30
PO12030759,7620043040,BBPSBD016132BALAAAJWEB2T,213.00,2026-05-12 08:48:43.315982+05:30,2026-05-12 14:18:41+05:30
PO12458147,3404603000,BBPSBD016132BALAAAJWEBMU,142.00,2026-05-12 08:48:43.601579+05:30,2026-05-12 14:18:42+05:30
PO12562541,5330834000,PP01BX083834418NXJU3834597R61310838,570.00,2026-05-12 08:48:50.108193+05:30,2026-05-12 14:18:48+05:30
PO12044073,7716872000,BBPSBD016132BALAAAJWEED5,563.00,2026-05-12 08:49:43.839113+05:30,2026-05-12 14:19:42+05:30
PO12127675,8356883000,DHD5YC31JSUZO3,515.00,2026-05-12 08:50:06.895040+05:30,2026-05-12 14:20:05+05:30
PO12488066,7680728573,DHD58BU1JSV5FO,500.00,2026-05-12 08:50:08.444665+05:30,2026-05-12 14:20:07+05:30
PO12231066,2421754000,HGALP1481A0350652290,276.00,2026-05-12 08:52:04.032075+05:30,2026-05-12 14:22:02+05:30
PO12149134,6897541921,DHD567B1JSVL1S,8000.00,2026-05-12 08:52:18.964569+05:30,2026-05-12 14:22:17+05:30
AL2272000,2597522661,DHD51ED1JSVJ3P,1000.00,2026-05-12 08:52:42.444817+05:30,2026-05-12 14:22:41+05:30
PO12366464,4262872000,DEP7TPQ1JSVNSP,535.00,2026-05-12 08:54:06.051498+05:30,2026-05-12 14:24:04+05:30
PO12258799,1154793000,EW1503598643303112704,57.00,2026-05-12 08:54:20.009188+05:30,2026-05-12 14:24:18+05:30
PO12127675,8356883000,DHD5LYA1JSVUFF,50.00,2026-05-12 08:55:01.049762+05:30,2026-05-12 14:24:59+05:30
PO12159103,3338369000,HGALP129BE0350685578,2.00,2026-05-12 08:55:06.695094+05:30,2026-05-12 14:25:05+05:30
PO12518358,5393224000,DHD56RY1JSW0S6,1797.00,2026-05-12 08:56:28.645274+05:30,2026-05-12 14:26:27+05:30
PO12235130,8454618809,28558649444,50.00,2026-05-12 08:56:29.788872+05:30,2026-05-12 14:26:28+05:30
PO12030759,7620043040,PP01BX085552981YBPV6442829R61320855,3.00,2026-05-12 08:56:55.158053+05:30,2026-05-12 14:26:53+05:30
PO12147171,3092479227,PP01BX085102664ZE9M9345253R61320851,1253.00,2026-05-12 08:57:12.871903+05:30,2026-05-12 14:27:11+05:30
PO12434427,3371073000,EW1503599412580409344,191.00,2026-05-12 08:57:24.411657+05:30,2026-05-12 14:27:23+05:30
PO12233487,6260436988,28558673181,186.00,2026-05-12 08:58:12.461711+05:30,2026-05-12 14:28:11+05:30
PO12351936,6093240100,HGALP071A40350726706,258.00,2026-05-12 08:58:43.421519+05:30,2026-05-12 14:28:42+05:30
PO12407869,2014863000,DHD5N061JSVYO7,100.00,2026-05-12 09:00:07.257551+05:30,2026-05-12 14:30:05+05:30
PO12324423,6644330100,EW1503600207765921792,1356.00,2026-05-12 09:00:24.754950+05:30,2026-05-12 14:30:23+05:30
PO12035762,6344653245,28558694016,1000.00,2026-05-12 09:01:18.482588+05:30,2026-05-12 14:31:17+05:30
PO14805164,6464303000,HGALP0E4680350755571,839.00,2026-05-12 09:01:24.305296+05:30,2026-05-12 14:31:23+05:30
PO12624824,4921094000,PP01BX1828256663LVH3590644R61291828,90.00,2026-05-12 09:01:27.901650+05:30,2026-05-12 14:31:26+05:30
PO12383359,0392558000,HGALP1552A0350759416,526.00,2026-05-12 09:01:44.867527+05:30,2026-05-12 14:31:43+05:30
PO12364720,8188858742,BBPSPU016132G5VFQB6D1146,74.00,2026-05-12 09:03:04.173166+05:30,2026-05-12 14:33:02+05:30
PO14805164,6464303000,HGALP148FA0350773631,38.00,2026-05-12 09:03:25.200566+05:30,2026-05-12 14:33:24+05:30
PO12578995,5998265663,HGALP14FE70350773724,265.00,2026-05-12 09:03:25.405566+05:30,2026-05-12 14:33:24+05:30
PO12321296,6165074000,BBPSPP016132BX1AN0P4Z149,1.00,2026-05-12 09:03:43.120574+05:30,2026-05-12 14:33:41+05:30
PO12547087,5791791409,PP01BX114047123XPE45693457R61291140,2784.00,2026-05-12 09:03:55.404699+05:30,2026-05-12 14:33:54+05:30
PO12193030,9402714000,BBPSAX996131B49c681849a8,187.00,2026-05-12 09:04:46.387581+05:30,2026-05-12 14:34:45+05:30
PO12174251,6741003000,BBPSPU016132IFIY5ZNV9641,76.00,2026-05-12 09:05:05.793062+05:30,2026-05-12 14:35:04+05:30
PO12129457,6961103000,EW1503601543211343872,34.00,2026-05-12 09:05:50.324875+05:30,2026-05-12 14:35:49+05:30
PO12577409,3326104000,HGALP0D9550350806923,321.00,2026-05-12 09:06:24.063173+05:30,2026-05-12 14:36:22+05:30
PO12086432,5628500100,PP01BX183444824S9EX6473933R61301834,270.00,2026-05-12 09:06:53.604967+05:30,2026-05-12 14:36:52+05:30
PO12479469,2143609000,HGALP07AC90350827966,337.00,2026-05-12 09:08:03.746757+05:30,2026-05-12 14:38:02+05:30
PO14802618,2592782339,28558801676,40.00,2026-05-12 09:08:14.360979+05:30,2026-05-12 14:38:13+05:30
PO12550219,5748173000,HGVR3J6X2XXFMMCZWT1GSCF46HA61320908,272.00,2026-05-12 09:08:59.885569+05:30,2026-05-12 14:38:58+05:30
PO12355324,0216223000,28558814940,97.00,2026-05-12 09:09:24.556590+05:30,2026-05-12 14:39:23+05:30
PO12020008,2378634241,HGALP14ED70350848659,12.00,2026-05-12 09:10:05.151109+05:30,2026-05-12 14:40:03+05:30
PO12249408,3167956000,PP01BX062846323C41K3590660R61310628,34.00,2026-05-12 09:10:23.154720+05:30,2026-05-12 14:40:21+05:30
PO12098072,3230404000,DHD5XUU1JSXKDL,234.00,2026-05-12 09:10:41.594654+05:30,2026-05-12 14:40:40+05:30
PO12020008,2378634241,HGALP088CC0350859896,3.00,2026-05-12 09:11:05.037093+05:30,2026-05-12 14:41:03+05:30
PO12037316,7875523000,DHMPED71JSXQ87,500.00,2026-05-12 09:11:24.723494+05:30,2026-05-12 14:41:23+05:30
PO12444801,3266507633,HGVRC3VWGYRAK10U9QQ3UG4K9SG61320911,78.00,2026-05-12 09:11:36.649208+05:30,2026-05-12 14:41:35+05:30
PO12544061,3740533000,EW1503603036215795712,803.00,2026-05-12 09:11:50.521727+05:30,2026-05-12 14:41:49+05:30
AL2275058,2401484000,PP01BX090220476RRX59345969R61310902,75.00,2026-05-12 09:12:29.952584+05:30,2026-05-12 14:42:28+05:30
PO14811007,0316765835,28558855718,212.00,2026-05-12 09:12:31.426045+05:30,2026-05-12 14:42:30+05:30
PO12562727,3638204000,EW1503603457705598976,122.00,2026-05-12 09:13:20.254588+05:30,2026-05-12 14:43:19+05:30
PO12100994,5230689000,DHD53XI1JSXZ9D,660.00,2026-05-12 09:13:53.568684+05:30,2026-05-12 14:43:52+05:30
PO12289500,4506683000,BBPSMK016132BAAMS2MF9000,170.00,2026-05-12 09:14:43.608012+05:30,2026-05-12 14:44:42+05:30
PO12251071,1330533000,BBPSPP016132BX6G20PNG736,100.00,2026-05-12 09:14:44.846401+05:30,2026-05-12 14:44:43+05:30
PO12549152,6165053000,HGALP104F00350916686,509.00,2026-05-12 09:16:25.505004+05:30,2026-05-12 14:46:24+05:30
PO12347733,6391853519,HGALP0516E0350926053,186.00,2026-05-12 09:17:02.814733+05:30,2026-05-12 14:47:01+05:30
PO12068095,5584897118,HGALP14A5A0350935231,98.00,2026-05-12 09:18:05.698563+05:30,2026-05-12 14:48:04+05:30
PO12410972,3967002691,HGALP1810F0350943928,142.00,2026-05-12 09:18:43.162434+05:30,2026-05-12 14:48:41+05:30
PO12347733,6391853519,BBPSPP016132BX5ZD0PUU657,3.00,2026-05-12 09:19:03.587523+05:30,2026-05-12 14:49:02+05:30
PO12531287,8354143000,DHD5PIH1JSYLXU,264.00,2026-05-12 09:19:08.091186+05:30,2026-05-12 14:49:06+05:30
PO12112282,2526997000,HGALP0CB310350953796,232.00,2026-05-12 09:19:42.977508+05:30,2026-05-12 14:49:41+05:30
PO12105903,3299293899,BBPSPP016132BX4AK0PX0225,159.00,2026-05-12 09:20:22.881389+05:30,2026-05-12 14:50:21+05:30
PO12422089,8313679528,HGALP01A2D0350962629,1484.00,2026-05-12 09:20:23.320790+05:30,2026-05-12 14:50:22+05:30
PO12572027,9220055409,EW1503605306873569280,168.00,2026-05-12 09:20:50.971195+05:30,2026-05-12 14:50:49+05:30
PO12148477,2308883000,28558973850,593.00,2026-05-12 09:21:46.294126+05:30,2026-05-12 14:51:45+05:30
PO12050713,6895504370,EW1503605994198360064,201.00,2026-05-12 09:23:35.663172+05:30,2026-05-12 14:53:34+05:30
PO12601291,6417608142,EW1503606071658766336,65.00,2026-05-12 09:23:50.293961+05:30,2026-05-12 14:53:49+05:30
PO12410108,7907773000,EW1503606246859038720,244.00,2026-05-12 09:24:25.524554+05:30,2026-05-12 14:54:24+05:30
PO12291110,2777035000,DHD5U041JSZBCE,500.00,2026-05-12 09:25:11.437405+05:30,2026-05-12 14:55:10+05:30
PO12347244,6590364000,EW1503606566188179456,1732.00,2026-05-12 09:25:50.874867+05:30,2026-05-12 14:55:49+05:30
PO14801042,7790028000,BBPSPP016132BX6G20Q69968,310.00,2026-05-12 09:26:05.763474+05:30,2026-05-12 14:56:04+05:30
PO12449957,5916514203,EW1503606711365623808,60.00,2026-05-12 09:26:26.485248+05:30,2026-05-12 14:56:25+05:30
PO12487816,0789176944,DHD5U6Y1JSZI48,3000.00,2026-05-12 09:26:36.643482+05:30,2026-05-12 14:56:35+05:30
PO12546621,3901014000,HGALP049EA0351032629,80.00,2026-05-12 09:26:44.291940+05:30,2026-05-12 14:56:43+05:30
PO12569163,3292204000,EW1503606873362227200,42.00,2026-05-12 09:27:09.261519+05:30,2026-05-12 14:57:08+05:30
PO12545183,1109473000,EW1503607098982227968,280.00,2026-05-12 09:27:51.164011+05:30,2026-05-12 14:57:49+05:30
PO12031627,3272182000,DHD5QWB1JSZO0H,28.00,2026-05-12 09:28:03.508851+05:30,2026-05-12 14:58:02+05:30
PO12555492,7910775586,DHD5FAP1JSZQ0K,606.00,2026-05-12 09:28:19.796092+05:30,2026-05-12 14:58:18+05:30
PO14814699,7433604000,EW1503607316410753024,844.00,2026-05-12 09:28:38.301462+05:30,2026-05-12 14:58:37+05:30
PO12343703,8477214000,DCHY4QO1JSZRYF,250.00,2026-05-12 09:28:58.624915+05:30,2026-05-12 14:58:57+05:30
PO12453758,5155457676,HGVR4QS5EH5F3GGFTRE4KA1Q7VF61320929,31.00,2026-05-12 09:29:30.750705+05:30,2026-05-12 14:59:29+05:30
PO12420620,5315833000,EW1503607567234326528,145.00,2026-05-12 09:29:37.255267+05:30,2026-05-12 14:59:36+05:30
PO14808876,9365780958,EW1503607547231690752,44.00,2026-05-12 09:29:37.544080+05:30,2026-05-12 14:59:36+05:30
PO12362521,2034823000,28559086016,160.00,2026-05-12 09:30:40.445086+05:30,2026-05-12 15:00:39+05:30
AL2275820,5651082000,HGALP045A10351079576,594.00,2026-05-12 09:30:43.486131+05:30,2026-05-12 15:00:42+05:30
PO12355701,9124154000,BBPSPP016132BX77L0QFN362,71.00,2026-05-12 09:31:47.006277+05:30,2026-05-12 15:01:45+05:30
PO12561190,3719903000,BBPSPP016132BX2RQ0QJH677,185.00,2026-05-12 09:33:43.860982+05:30,2026-05-12 15:03:42+05:30
PO12350332,9980839000,BBPSDP2161322VQDFSHPMSCT,496.00,2026-05-12 09:33:46.472408+05:30,2026-05-12 15:03:45+05:30
PO12451922,0676224000,HGVRMJBM00HTRHHJPYVQHVHSPKA61320934,133.00,2026-05-12 09:35:06.351279+05:30,2026-05-12 15:05:04+05:30
PO12252615,0147983000,EW1503608898883903488,86.00,2026-05-12 09:35:07.385101+05:30,2026-05-12 15:05:06+05:30
PO12309653,3248089119,BBPSPP016132BX0J00QLR411,77.00,2026-05-12 09:35:25.221760+05:30,2026-05-12 15:05:24+05:30
PO12427246,8870407135,HGALP0F0980351131037,764.00,2026-05-12 09:35:25.896966+05:30,2026-05-12 15:05:24+05:30
PO12117552,6388392000,DHD5U1V1JT0DCU,276.00,2026-05-12 09:35:33.949496+05:30,2026-05-12 15:05:32+05:30
PO12547131,9032453000,EW1503609065754288128,1486.00,2026-05-12 09:35:37.024591+05:30,2026-05-12 15:05:35+05:30
PO14803001,5957031823,595759689840,661.00,2026-05-12 09:35:56.754707+05:30,2026-05-12 15:05:55+05:30
PO12193064,8759021106,DHD5DDV1JT0GPW,1000.00,2026-05-12 09:36:28.561290+05:30,2026-05-12 15:06:27+05:30
PO12434244,0677304000,HGALP181770351145067,202.00,2026-05-12 09:36:43.116986+05:30,2026-05-12 15:06:41+05:30
PO12058857,9171253000,PP01BX093717643G8ZW8354393R61320937,88.00,2026-05-12 09:37:31.838455+05:30,2026-05-12 15:07:30+05:30
PO12094798,6891289475,HGALP074F40351160663,270.00,2026-05-12 09:38:05.695070+05:30,2026-05-12 15:08:04+05:30
PO12366673,1230104000,HGALP127CB0351161021,62.00,2026-05-12 09:38:06.291422+05:30,2026-05-12 15:08:04+05:30
PO12308368,6024463000,EW1503609747483877376,100.00,2026-05-12 09:38:23.411675+05:30,2026-05-12 15:08:22+05:30
PO12523515,4188993000,HGALP0A1440351167854,1148.00,2026-05-12 09:38:46.084153+05:30,2026-05-12 15:08:44+05:30
AL2272989,6020150165,EW1503609984592076800,35.00,2026-05-12 09:39:21.495043+05:30,2026-05-12 15:09:20+05:30
PO12131816,8960703000,DHD5NS41JT0KZS,20.00,2026-05-12 09:40:08.800344+05:30,2026-05-12 15:10:07+05:30
PO12465835,7710099000,28559198874,201.00,2026-05-12 09:40:17.800398+05:30,2026-05-12 15:10:16+05:30
PO12256854,6035944000,28559203016,100.00,2026-05-12 09:40:21.798820+05:30,2026-05-12 15:10:20+05:30
PO12519164,2523223000,2053847871611277312Hc0F120261311441,52.00,2026-05-12 09:40:54.134862+05:30,2026-05-12 15:10:52+05:30
PO12355001,8782213000,DHD5CIZ1JT0WFW,4245.00,2026-05-12 09:41:33.932375+05:30,2026-05-12 15:11:32+05:30
PO12230482,9122843000,EW1503610571622670336,108.00,2026-05-12 09:41:35.510684+05:30,2026-05-12 15:11:34+05:30
PO12206272,7722474594,HGALP163DD0351203586,200.00,2026-05-12 09:41:45.225333+05:30,2026-05-12 15:11:44+05:30
PO12134541,1695267193,HGVRA4NACV4KRHIEJXMNQJQG43561320941,173.00,2026-05-12 09:42:03.484269+05:30,2026-05-12 15:12:02+05:30
AL2273065,3889672000,DHD5LHC1JT0YDA,160.00,2026-05-12 09:42:07.842943+05:30,2026-05-12 15:12:06+05:30
PO12187475,6870858000,28559222947,1611.00,2026-05-12 09:42:11.877753+05:30,2026-05-12 15:12:10+05:30
PO12397292,7652540100,BBPSPU016132IOQW8IBM5980,116.00,2026-05-12 09:42:24.022243+05:30,2026-05-12 15:12:22+05:30
PO12075963,5090390691,HGALP067D80351217896,157.00,2026-05-12 09:43:05.734118+05:30,2026-05-12 15:13:04+05:30
PO12543037,4936703000,HGALP03F910351225638,1050.00,2026-05-12 09:43:46.176176+05:30,2026-05-12 15:13:44+05:30
PO12360145,6089559000,PP01BX094336022UGKW1089943R61320943,391.00,2026-05-12 09:43:49.514757+05:30,2026-05-12 15:13:48+05:30
PO12422529,7432943000,HGVR9ZDVSSG0AW7H6YUT7HD3RKC61320943,936.00,2026-05-12 09:44:13.951359+05:30,2026-05-12 15:14:12+05:30
PO12442976,9133520667,HGVRQCDD2DYVY2SS32KWJPESH4M61320943,33.00,2026-05-12 09:44:14.951211+05:30,2026-05-12 15:14:13+05:30
PO12553144,1838442575,BBPSBD016132BALAAAJWH0QV,154.00,2026-05-12 09:44:44.304880+05:30,2026-05-12 15:14:43+05:30
PO12472998,9411225589,HGALP0BC1C0351237386,34.00,2026-05-12 09:44:45.237450+05:30,2026-05-12 15:14:43+05:30
PO12475430,4366708854,DHD575P1JT16JE,500.00,2026-05-12 09:45:01.792761+05:30,2026-05-12 15:15:00+05:30
AL2275920,5207629193,520399216166,800.00,2026-05-12 09:45:47.054159+05:30,2026-05-12 15:15:46+05:30
PO12111928,7630933000,HGALP1192F0351252434,71.00,2026-05-12 09:46:04.704843+05:30,2026-05-12 15:16:03+05:30
PO12336488,1792763000,EW1503611704558706688,675.00,2026-05-12 09:46:07.874762+05:30,2026-05-12 15:16:06+05:30
PO12160542,5538733000,PP01BX045008502ZCCC4703335R61290450,29.00,2026-05-12 09:46:22.186784+05:30,2026-05-12 15:16:21+05:30
PO12624891,4165544000,PP01BX081511840E7MW8873767R61280815,181.00,2026-05-12 09:46:30.202372+05:30,2026-05-12 15:16:29+05:30
PO12475236,6572701800,PP01BX030137432JLFN2112763R61310301,104.00,2026-05-12 09:47:33.149403+05:30,2026-05-12 15:17:31+05:30
PO12572429,7992123000,EW1503612101243396096,65.00,2026-05-12 09:47:50.898232+05:30,2026-05-12 15:17:49+05:30
PO12175321,9496633000,HGALP1120D0351286159,200.00,2026-05-12 09:49:05.420919+05:30,2026-05-12 15:19:04+05:30
PO12309979,5387114000,EW1503612431087656960,1997.00,2026-05-12 09:49:06.900512+05:30,2026-05-12 15:19:05+05:30
PO12430550,4709253000,HGALP027330351288674,107.00,2026-05-12 09:49:23.162071+05:30,2026-05-12 15:19:21+05:30
PO12394678,4683429000,BBPSPU016132JAMRANSC6776,27.00,2026-05-12 09:49:23.893878+05:30,2026-05-12 15:19:22+05:30
PO12127352,4442193000,DHD5SIT1JT1L54,92.00,2026-05-12 09:49:37.161198+05:30,2026-05-12 15:19:35+05:30
PO12193385,6084693000,HGALP128A70351298862,132.00,2026-05-12 09:50:04.254907+05:30,2026-05-12 15:20:03+05:30
PO12561464,6097503000,DHD5GPG1JT14DZ,200.00,2026-05-12 09:50:06.314610+05:30,2026-05-12 15:20:04+05:30
PO12200931,0398173000,DHD5AOD1JT0RTM,264.00,2026-05-12 09:50:07.854826+05:30,2026-05-12 15:20:06+05:30
PO12526298,1889294000,BBPSBD016132BALAAAJWIIJH,1.00,2026-05-12 09:51:45.304897+05:30,2026-05-12 15:21:44+05:30
PO12562731,7092187634,HGALP1462B0351327660,237.00,2026-05-12 09:52:44.889507+05:30,2026-05-12 15:22:43+05:30
PO12053850,8283251000,BBPSPP016132BX6UH0RET212,1000.00,2026-05-12 09:52:44.994744+05:30,2026-05-12 15:22:43+05:30
PO12427203,2278854000,EW1503613362340585472,446.00,2026-05-12 09:52:50.484749+05:30,2026-05-12 15:22:49+05:30
PO12312140,6523194000,PP01BX063211811UMME0186552R61260632,378.00,2026-05-12 09:53:02.430149+05:30,2026-05-12 15:23:01+05:30
PO12575647,8879513000,EW1503613426643460096,41.00,2026-05-12 09:53:11.474114+05:30,2026-05-12 15:23:10+05:30
PO12410949,3414073000,BBPSPP016132BX2QU0RG9072,111.00,2026-05-12 09:53:25.334842+05:30,2026-05-12 15:23:24+05:30
PO12130914,5378220280,BBPSPP016132BX6WX0RG4752,12.00,2026-05-12 09:53:26.168189+05:30,2026-05-12 15:23:25+05:30
PO12297179,2041918000,PP01BX0951577770QJS5693094R61320951,4.00,2026-05-12 09:53:43.108209+05:30,2026-05-12 15:23:41+05:30
PO12443290,6708104000,BBPSPP016132BX3MN0RH0536,300.00,2026-05-12 09:54:03.694964+05:30,2026-05-12 15:24:02+05:30
PO12386988,9309249000,EW1503613706323845120,364.00,2026-05-12 09:54:11.942627+05:30,2026-05-12 15:24:10+05:30
PO12418258,9804664000,HGALP0CE820351348195,20.00,2026-05-12 09:54:26.452584+05:30,2026-05-12 15:24:25+05:30
PO12436311,7681733000,EW1503613753115500545,205.00,2026-05-12 09:54:26.597308+05:30,2026-05-12 15:24:25+05:30
PO12240987,5870957580,EW1503613779971629056,486.00,2026-05-12 09:54:28.173165+05:30,2026-05-12 15:24:27+05:30
PO12043348,6733282000,673355204554,500.00,2026-05-12 09:54:47.383785+05:30,2026-05-12 15:24:46+05:30
PO12575460,5856880992,EW1503613956304363520,113.00,2026-05-12 09:55:06.624536+05:30,2026-05-12 15:25:05+05:30
PO12471763,5767978000,576825326647,110.00,2026-05-12 09:55:14.770750+05:30,2026-05-12 15:25:13+05:30
PO12390262,2689683000,BBPSKM016132BALAAAAUMV25,40.00,2026-05-12 09:55:23.459041+05:30,2026-05-12 15:25:22+05:30
PO12106755,3575064326,28559399587,1000.00,2026-05-12 09:56:15.604590+05:30,2026-05-12 15:26:14+05:30
PO12407440,3405063000,HGVRT5I595K6S06BZBRDGYXDK2J61320956,323.00,2026-05-12 09:56:58.172330+05:30,2026-05-12 15:26:56+05:30
PO12334154,1573173000,157573580939,2261.00,2026-05-12 09:57:06.980327+05:30,2026-05-12 15:27:06+05:30
PO12600094,3100647392,EW1503614582958546944,162.00,2026-05-12 09:57:37.313084+05:30,2026-05-12 15:27:36+05:30
PO12322249,3945690717,2053592876630560768RMHxt1QQ61302147,127.00,2026-05-12 09:57:37.500219+05:30,2026-05-12 15:27:36+05:30
PO12343448,6304093000,28559412751,150.00,2026-05-12 09:57:45.782162+05:30,2026-05-12 15:27:44+05:30
PO12419738,5145673000,28559415834,200.00,2026-05-12 09:57:59.155861+05:30,2026-05-12 15:27:57+05:30
PO12185917,2317969000,EW1503614748184764416,149.00,2026-05-12 09:58:20.563588+05:30,2026-05-12 15:28:19+05:30
PO12522154,3802553000,PP01BX035132667LGPZ5398378R61310351,76.00,2026-05-12 09:59:00.860261+05:30,2026-05-12 15:28:59+05:30
PO12515704,7143594825,20536354197428183047AdSL20261310036,230.00,2026-05-12 09:59:03.425310+05:30,2026-05-12 15:29:02+05:30
PO12131459,0490182191,BBPSPP016132BX6UH0RP8869,73.00,2026-05-12 09:59:04.053513+05:30,2026-05-12 15:29:02+05:30
PO12519245,0144104283,014187496202,960.00,2026-05-12 09:59:24.700827+05:30,2026-05-12 15:29:23+05:30
PO12407673,1680774000,DHD5LAL1JT1QZS,44.00,2026-05-12 10:00:06.543787+05:30,2026-05-12 15:30:05+05:30
PO12095751,4530858000,DHD5OJI1JT2G0T,30.00,2026-05-12 10:00:07.851343+05:30,2026-05-12 15:30:06+05:30
PO12312664,0130174000,DHD5Z8B1JT251U,343.00,2026-05-12 10:00:09.434762+05:30,2026-05-12 15:30:08+05:30
PO12152024,2933572000,EW1503615283164045312,134.00,2026-05-12 10:00:23.737386+05:30,2026-05-12 15:30:22+05:30
PO12332942,3400194000,EW1503615393314856960,1018.00,2026-05-12 10:00:57.384791+05:30,2026-05-12 15:30:56+05:30
PO12289120,4696387713,BBPSPU0161326DUVUT3B3251,261.00,2026-05-12 10:01:03.524651+05:30,2026-05-12 15:31:02+05:30
PO12334154,1573173000,157783963491,300.00,2026-05-12 10:01:03.574963+05:30,2026-05-12 15:31:02+05:30
PO12519061,9168392000,EW1503615564966748160,309.00,2026-05-12 10:01:42.378774+05:30,2026-05-12 15:31:41+05:30
AL2799831,1839044000,HGALP045070351429881,311.00,2026-05-12 10:01:42.943212+05:30,2026-05-12 15:31:41+05:30
PO12524377,4383256321,EW1503615871813640192,87.00,2026-05-12 10:02:51.758129+05:30,2026-05-12 15:32:50+05:30
PO12062563,3074353000,28559475250,150.00,2026-05-12 10:02:55.638775+05:30,2026-05-12 15:32:54+05:30
PO12411889,6366896458,HGALP0D3E40351446214,378.00,2026-05-12 10:03:04.070391+05:30,2026-05-12 15:33:02+05:30
PO12388353,7018299000,DHD54401JT2T4J,3062.00,2026-05-12 10:03:51.299238+05:30,2026-05-12 15:33:50+05:30
PO12527516,0632183000,28559488755,914.00,2026-05-12 10:03:51.877464+05:30,2026-05-12 15:33:50+05:30
PO12450483,1707098616,170623562185,100.00,2026-05-12 10:03:54.559819+05:30,2026-05-12 15:33:53+05:30
PO12436112,9425783000,HGALP153F40351456802,32.00,2026-05-12 10:04:03.554784+05:30,2026-05-12 15:34:02+05:30
PO12390873,2094453000,EW1503616247547781120,237.00,2026-05-12 10:04:13.404684+05:30,2026-05-12 15:34:12+05:30
PO12018003,5471504000,EW1503616230212722688,94.00,2026-05-12 10:04:13.774823+05:30,2026-05-12 15:34:12+05:30
PO14813311,2243803000,BBPSDP216132VYOD9DC4OH89,222.00,2026-05-12 10:04:25.467915+05:30,2026-05-12 15:34:24+05:30
PO12547319,1617142724,EW1503616420218888192,300.00,2026-05-12 10:04:45.454852+05:30,2026-05-12 15:34:44+05:30
PO12156235,7793154000,HGALP0958A0351464489,900.00,2026-05-12 10:04:45.804826+05:30,2026-05-12 15:34:44+05:30
PO12286565,8563218000,EW1503616418738298880,96.00,2026-05-12 10:04:53.829421+05:30,2026-05-12 15:34:52+05:30
PO12341049,9301554989,EW1503616442708746240,311.00,2026-05-12 10:05:05.694726+05:30,2026-05-12 15:35:04+05:30
PO12406528,2655114000,EW1503616496710410240,132.00,2026-05-12 10:05:20.519237+05:30,2026-05-12 15:35:19+05:30
PO12263057,1713224000,EW1503616490553171968,93.00,2026-05-12 10:05:20.708940+05:30,2026-05-12 15:35:19+05:30
PO12522508,0334566622,EW1503616639262220288,59.00,2026-05-12 10:05:53.136041+05:30,2026-05-12 15:35:51+05:30
PO12345880,9212079526,28559518877,191.00,2026-05-12 10:06:32.753258+05:30,2026-05-12 15:36:31+05:30
PO12376585,8579299000,EW1503616832858710016,351.00,2026-05-12 10:06:39.784847+05:30,2026-05-12 15:36:38+05:30
PO12228742,5497549376,DCHYBB01JT33KO,234.00,2026-05-12 10:06:46.306243+05:30,2026-05-12 15:36:44+05:30
PO12030398,2302006225,BBPSAX996131B0f8996a9c11,6.00,2026-05-12 10:07:05.716976+05:30,2026-05-12 15:37:04+05:30
PO12457484,0693892000,DCHYKMW1JT37F2,1000.00,2026-05-12 10:07:40.535039+05:30,2026-05-12 15:37:39+05:30
PO12525681,8926943000,EW1503617152317874176,311.00,2026-05-12 10:07:50.655615+05:30,2026-05-12 15:37:49+05:30
PO12306787,8730637685,EW1503617126799728640,134.00,2026-05-12 10:07:50.860462+05:30,2026-05-12 15:37:49+05:30
PO12525512,1448694141,EW1503617164292612096,450.00,2026-05-12 10:07:52.087377+05:30,2026-05-12 15:37:50+05:30
PO12378074,8541238000,EW1503617165454434304,324.00,2026-05-12 10:07:52.305281+05:30,2026-05-12 15:37:51+05:30
PO12234892,4918061787,BBPSPP016132BX4E50S5F123,300.00,2026-05-12 10:08:46.794569+05:30,2026-05-12 15:38:45+05:30
PO12575700,6560190442,EW1503617453565370368,80.00,2026-05-12 10:09:06.171114+05:30,2026-05-12 15:39:04+05:30
PO12489250,6400611104,HGALP1152F0351520640,219.00,2026-05-12 10:09:22.886349+05:30,2026-05-12 15:39:21+05:30
PO12278348,6351913000,EW1503617596603719680,347.00,2026-05-12 10:09:38.201774+05:30,2026-05-12 15:39:37+05:30
PO12343474,4062264000,28559564738,345.00,2026-05-12 10:10:09.705151+05:30,2026-05-12 15:40:08+05:30
PO12407628,9993694000,DHD5OO61JT2ZNA,188.00,2026-05-12 10:10:09.772630+05:30,2026-05-12 15:40:08+05:30
PO12571420,7634204000,DHD5RRO1JT2LJL,100.00,2026-05-12 10:10:09.825931+05:30,2026-05-12 15:40:08+05:30
PO12228742,5497549376,DHD59HC1JT39HG,9.00,2026-05-12 10:10:09.947133+05:30,2026-05-12 15:40:08+05:30
PO12079332,2371133966,EW1503617749033115648,159.00,2026-05-12 10:10:10.215002+05:30,2026-05-12 15:40:09+05:30
AL2269707,6068272000,DHD5JVN1JT2MQ3,1000.00,2026-05-12 10:10:10.316405+05:30,2026-05-12 15:40:08+05:30
PO12175245,3795564000,BBPSBD016132BALAAAJWJVUD,74.00,2026-05-12 10:10:25.616776+05:30,2026-05-12 15:40:24+05:30
PO12387177,2755777000,275124472924,200.00,2026-05-12 10:10:37.948815+05:30,2026-05-12 15:40:37+05:30
PO12475035,2088253000,HGALP010180351534699,92.00,2026-05-12 10:10:46.096999+05:30,2026-05-12 15:40:44+05:30
PO12300749,9197469000,DHD5QCC1JT3ISA,1000.00,2026-05-12 10:10:49.545150+05:30,2026-05-12 15:40:48+05:30
PO12372663,6963609000,696032073649,1100.00,2026-05-12 10:10:55.577233+05:30,2026-05-12 15:40:54+05:30
PO12328751,5083224000,EW1503618029355229184,1939.00,2026-05-12 10:11:22.742867+05:30,2026-05-12 15:41:21+05:30
PO12367738,4856233305,EW1503618050154782720,298.00,2026-05-12 10:11:22.899567+05:30,2026-05-12 15:41:21+05:30
PO12407628,9993694000,DHD5JFZ1JT3LHZ,2.00,2026-05-12 10:11:26.309866+05:30,2026-05-12 15:41:25+05:30
PO12388702,5134392000,EW1503618173781893120,46.00,2026-05-12 10:11:53.940258+05:30,2026-05-12 15:41:52+05:30
AL2799033,1434033000,PP01BX035759722PAJF0684391R61300357,1793.00,2026-05-12 10:11:54.207812+05:30,2026-05-12 15:41:53+05:30
AL2275941,3712778186,371694594382,120.00,2026-05-12 10:12:00.782489+05:30,2026-05-12 15:41:59+05:30
PO12475146,4348253000,BBPSCC016132CBAD19360601,134.00,2026-05-12 10:12:05.549783+05:30,2026-05-12 15:42:04+05:30
PO12363526,5320614000,EW1503618225162117120,646.00,2026-05-12 10:12:12.081988+05:30,2026-05-12 15:42:10+05:30
PO12074524,4158993000,415664709756,500.00,2026-05-12 10:12:13.872155+05:30,2026-05-12 15:42:13+05:30
PO12419233,3259303000,HGALP03A4D0351555446,16.00,2026-05-12 10:12:24.806379+05:30,2026-05-12 15:42:23+05:30
PO12509847,8144583000,814891644832,59.00,2026-05-12 10:12:30.633328+05:30,2026-05-12 15:42:29+05:30
PO12027853,2372223000,EW1503618379227291649,310.00,2026-05-12 10:12:50.598476+05:30,2026-05-12 15:42:49+05:30
PO12048132,8730372000,HGVRZE5MBRD3H4WCK6TET4E0NEK61321012,480.00,2026-05-12 10:12:59.830884+05:30,2026-05-12 15:42:58+05:30
PO12608960,2085675592,208271525362,500.00,2026-05-12 10:13:02.689130+05:30,2026-05-12 15:43:01+05:30
PO12369186,2330514000,EW1503618547314024448,33.00,2026-05-12 10:13:23.601360+05:30,2026-05-12 15:43:22+05:30
PO12117827,3016314000,301370883368,1000.00,2026-05-12 10:13:26.656779+05:30,2026-05-12 15:43:25+05:30
PO12624175,0866914000,28559615871,158.00,2026-05-12 10:13:46.494631+05:30,2026-05-12 15:43:45+05:30
PO12027867,2077153000,EW1503618643116122112,154.00,2026-05-12 10:13:53.239264+05:30,2026-05-12 15:43:52+05:30
PO12140288,2403248000,EW1503618683243028480,134.00,2026-05-12 10:13:58.154511+05:30,2026-05-12 15:43:57+05:30
PO12167838,1461048000,28559626246,500.00,2026-05-12 10:14:30.018730+05:30,2026-05-12 15:44:28+05:30
PO12194259,4472868000,EW1503618912247832576,84.00,2026-05-12 10:14:54.598178+05:30,2026-05-12 15:44:53+05:30
PO12306168,6419473000,DHD5U0T1JT3WZN,1000.00,2026-05-12 10:15:06.294393+05:30,2026-05-12 15:45:04+05:30
PO12617113,2099373000,EW1503619069148356608,78.00,2026-05-12 10:15:26.768393+05:30,2026-05-12 15:45:25+05:30
PO12455474,1544297183,EW1503619074722586624,88.00,2026-05-12 10:15:26.843803+05:30,2026-05-12 15:45:25+05:30
PO14810089,0408613000,EW1503619164149342208,159.00,2026-05-12 10:15:57.375661+05:30,2026-05-12 15:45:56+05:30
PO12578653,2537494000,EW1503619168796631040,373.00,2026-05-12 10:15:59.724642+05:30,2026-05-12 15:45:58+05:30
PO12106942,0477873000,047499027868,100.00,2026-05-12 10:16:03.944351+05:30,2026-05-12 15:46:03+05:30
PO12140082,0195888000,EW1503619268147109888,492.00,2026-05-12 10:16:33.442710+05:30,2026-05-12 15:46:32+05:30
PO14807824,4489903000,EW1503619283477291008,1856.00,2026-05-12 10:16:36.504694+05:30,2026-05-12 15:46:35+05:30
PO12103738,9286918000,928607322767,181.00,2026-05-12 10:16:36.850128+05:30,2026-05-12 15:46:35+05:30
PO12054623,0247384000,024348737506,450.00,2026-05-12 10:16:45.298494+05:30,2026-05-12 15:46:44+05:30
PO12106066,2853228000,PP01BX014603215HOWJ0684172R61310146,7.00,2026-05-12 10:16:48.046242+05:30,2026-05-12 15:46:46+05:30
PO12053201,2651898809,265197894096,250.00,2026-05-12 10:16:53.805657+05:30,2026-05-12 15:46:53+05:30
PO12551210,2699003000,EW1503619384782315520,1237.00,2026-05-12 10:16:54.680625+05:30,2026-05-12 15:46:53+05:30
PO12414344,6255733000,EW1503619454294515712,552.00,2026-05-12 10:17:06.889737+05:30,2026-05-12 15:47:05+05:30
PO12427901,6684514000,DSBI97U1JT43NZ,200.00,2026-05-12 10:17:12.255039+05:30,2026-05-12 15:47:11+05:30
PO12096729,8825159000,HGALP089310351614745,690.00,2026-05-12 10:17:23.372343+05:30,2026-05-12 15:47:22+05:30
PO12056170,4831913122,EW1503619587371393024,258.00,2026-05-12 10:17:25.453868+05:30,2026-05-12 15:47:24+05:30
PO12402698,7410564000,2052470173423255552kB9Bo20261271926,84.00,2026-05-12 10:17:34.384697+05:30,2026-05-12 15:47:33+05:30
PO12207327,2645664465,DHD51HQ1JT49GH,579.00,2026-05-12 10:17:47.070882+05:30,2026-05-12 15:47:45+05:30
PO12362339,7195074000,EW1503619792988758016,78.00,2026-05-12 10:18:24.198777+05:30,2026-05-12 15:48:23+05:30
PO12621246,2444284687,EW1503619895870840832,39.00,2026-05-12 10:18:42.314916+05:30,2026-05-12 15:48:41+05:30
PO12562394,2848894000,EW1503619934177419264,8.00,2026-05-12 10:18:53.914737+05:30,2026-05-12 15:48:52+05:30
PO12225110,2129094000,EW1503619943492968448,89.00,2026-05-12 10:18:57.068068+05:30,2026-05-12 15:48:55+05:30
PO12214944,6035264000,DPHW4JG1JT4D3Y,1000.00,2026-05-12 10:19:06.433879+05:30,2026-05-12 15:49:05+05:30
PO14813002,5862900321,EW1503620023314767872,178.00,2026-05-12 10:19:13.801008+05:30,2026-05-12 15:49:12+05:30
PO12034336,6162623418,616648817281,1356.00,2026-05-12 10:19:26.034792+05:30,2026-05-12 15:49:25+05:30
PO12087166,5008384190,BBP27ef81702c8d46T20260512101925308,116.00,2026-05-12 10:19:41.359317+05:30,2026-05-12 15:49:40+05:30
PO12203748,9220887000,28559698276,700.00,2026-05-12 10:19:58.665865+05:30,2026-05-12 15:49:57+05:30
PO12546313,3043992000,DHD5QFN1JT46ST,206.00,2026-05-12 10:20:08.626486+05:30,2026-05-12 15:50:07+05:30
PO14806937,5278855937,DHD5ZGZ1JT46WX,1.00,2026-05-12 10:20:10.687793+05:30,2026-05-12 15:50:09+05:30
PO12416757,1937835436,28559704265,200.00,2026-05-12 10:20:32.323083+05:30,2026-05-12 15:50:31+05:30
PO12063814,9645624000,28559705862,1080.00,2026-05-12 10:20:44.257171+05:30,2026-05-12 15:50:43+05:30
PO12158727,0367589000,28559709543,290.00,2026-05-12 10:21:02.986250+05:30,2026-05-12 15:51:01+05:30
PO12032702,8505557878,PP01BX02081564864O34430651R61310208,138.00,2026-05-12 10:21:03.155796+05:30,2026-05-12 15:51:01+05:30
PO12036532,2000813865,EW1503620531924459520,298.00,2026-05-12 10:21:20.854632+05:30,2026-05-12 15:51:19+05:30
PO12398739,3678177000,BBP2fd5443580574eT20260512102054097,16.00,2026-05-12 10:21:28.844773+05:30,2026-05-12 15:51:27+05:30
PO12529735,0470974000,047153075935,129.00,2026-05-12 10:21:41.740368+05:30,2026-05-12 15:51:41+05:30
PO12025710,8411760363,HGVR3BJW9BHW7VBBEECUQ0CFQXF61321021,28.00,2026-05-12 10:21:52.385043+05:30,2026-05-12 15:51:50+05:30
PO12552186,0469514000,046242649899,7600.00,2026-05-12 10:21:59.764868+05:30,2026-05-12 15:51:58+05:30
AL2273516,1609800924,DHD5EVU1JT4S79,900.00,2026-05-12 10:22:46.484595+05:30,2026-05-12 15:52:45+05:30
AL2800258,7814282000,HGALP053FE0351682461,2261.00,2026-05-12 10:23:03.539193+05:30,2026-05-12 15:53:02+05:30
PO12216895,0950050509,BBPSPP016131BX3GZ0SCM702,87.00,2026-05-12 10:23:05.975061+05:30,2026-05-12 15:53:04+05:30
PO12128179,6857253000,BBPSPU016132M767EASA7801,218.00,2026-05-12 10:23:05.975335+05:30,2026-05-12 15:53:04+05:30
PO12068995,7018203000,701632219115,1000.00,2026-05-12 10:23:17.523401+05:30,2026-05-12 15:53:16+05:30
PO12525763,0868237442,BBPSBD016132BALAAAJWKXYU,667.00,2026-05-12 10:24:03.444578+05:30,2026-05-12 15:54:02+05:30
PO12024312,4013648808,EW1503621327080611840,449.00,2026-05-12 10:24:39.756156+05:30,2026-05-12 15:54:38+05:30
PO12178167,6742299000,HGVRHSQKATIU72RJF06XXUU00R961321024,270.00,2026-05-12 10:24:47.794705+05:30,2026-05-12 15:54:46+05:30
PO12140745,1095178000,109102327611,500.00,2026-05-12 10:24:51.434750+05:30,2026-05-12 15:54:50+05:30
PO12228251,4328670760,432863632430,600.00,2026-05-12 10:24:53.114854+05:30,2026-05-12 15:54:52+05:30
PO12494028,0415815700,DHMPIL01JT50MR,230.00,2026-05-12 10:24:53.407898+05:30,2026-05-12 15:54:52+05:30
PO12592947,7214414185,28559761756,1003.00,2026-05-12 10:25:09.634542+05:30,2026-05-12 15:55:08+05:30
PO12571688,9489587650,28559761382,79.00,2026-05-12 10:25:14.619583+05:30,2026-05-12 15:55:13+05:30
PO12545268,8050933000,EW1503621502712897536,272.00,2026-05-12 10:25:15.718208+05:30,2026-05-12 15:55:14+05:30
PO12181715,0938745743,EW1503621508094189568,559.00,2026-05-12 10:25:17.326004+05:30,2026-05-12 15:55:16+05:30
PO12189650,5350233488,EW1503621623689207808,398.00,2026-05-12 10:25:49.824837+05:30,2026-05-12 15:55:48+05:30
PO12108344,3838388000,HGALP0F3500351715567,68.00,2026-05-12 10:26:03.424999+05:30,2026-05-12 15:56:02+05:30
PO12066935,2268284000,1AF983B9AB4D0A4C87A9B74A55261321026,143.00,2026-05-12 10:26:23.525790+05:30,2026-05-12 15:56:22+05:30
PO12175817,7699113188,SD01311778561776368B4E0CD8261321026,980.00,2026-05-12 10:26:28.964708+05:30,2026-05-12 15:56:27+05:30
PO12227343,0392095164,BBPSBD016132BALAAAJWK48B,300.00,2026-05-12 10:26:45.741370+05:30,2026-05-12 15:56:44+05:30
PO12597756,9658993000,HGVR1916ZA2DS7E0RF3B947TKR161321026,2922.00,2026-05-12 10:26:48.774745+05:30,2026-05-12 15:56:47+05:30
PO12502716,4936538000,EW1503621907182215168,357.00,2026-05-12 10:26:52.651844+05:30,2026-05-12 15:56:51+05:30
PO12259734,6999106743,BBPSKM016132BALAAAAUMW5O,282.00,2026-05-12 10:27:03.204747+05:30,2026-05-12 15:57:01+05:30
PO12070119,3500272000,350250235626,320.00,2026-05-12 10:27:18.846432+05:30,2026-05-12 15:57:17+05:30
PO12545417,2428132000,EW1503622028808642560,475.00,2026-05-12 10:27:26.944708+05:30,2026-05-12 15:57:25+05:30
PO12141140,3414287000,EW1503622117425897472,50.00,2026-05-12 10:27:50.235412+05:30,2026-05-12 15:57:49+05:30
PO12515836,1708353000,EW1503622126930190336,176.00,2026-05-12 10:27:53.807593+05:30,2026-05-12 15:57:52+05:30
PO12216895,0950050509,PP01BX1027577442QGK5564989R61321027,100.00,2026-05-12 10:28:15.386462+05:30,2026-05-12 15:58:14+05:30
PO12108344,3838388000,HGALP058BB0351741665,7.00,2026-05-12 10:28:23.804833+05:30,2026-05-12 15:58:22+05:30
PO12603721,0963819025,HGALP013DE0351751186,170.00,2026-05-12 10:29:03.543285+05:30,2026-05-12 15:59:02+05:30
PO12454219,1964264881,HGALP0F4540351751134,49.00,2026-05-12 10:29:04.214698+05:30,2026-05-12 15:59:02+05:30
PO12539410,8520777411,HGALP116830351750655,21.00,2026-05-12 10:29:05.124873+05:30,2026-05-12 15:59:03+05:30
PO12460932,5395494000,HGALP03F540351751881,26.00,2026-05-12 10:29:06.133907+05:30,2026-05-12 15:59:04+05:30
PO12125337,2130009221,213459026049,500.00,2026-05-12 10:29:07.273826+05:30,2026-05-12 15:59:05+05:30
PO12403337,1700772512,EW1503622512353173504,98.00,2026-05-12 10:29:20.747041+05:30,2026-05-12 15:59:19+05:30
PO12517956,2398514000,BBPSBD016132BALAAAJWLCOA,500.00,2026-05-12 10:29:25.078426+05:30,2026-05-12 15:59:23+05:30
PO14808224,8911803000,HGVRJ3MZUGX7UDU13YRSZKZPZCS61321029,631.00,2026-05-12 10:29:56.376576+05:30,2026-05-12 15:59:55+05:30
PO12332882,6292194000,2053026356139470848gGQsC20261290816,725.00,2026-05-12 10:30:04.069726+05:30,2026-05-12 16:00:02+05:30
PO12403946,2823324000,DHD57HJ1JT4UTJ,700.00,2026-05-12 10:30:07.890914+05:30,2026-05-12 16:00:06+05:30
PO14803084,4139164000,28559813052,100.00,2026-05-12 10:30:10.454657+05:30,2026-05-12 16:00:09+05:30
PO12265254,4133328000,EW1503622765357785088,560.00,2026-05-12 10:30:21.193854+05:30,2026-05-12 16:00:20+05:30
PO14803189,0103087059,EW1503622821997666304,500.00,2026-05-12 10:30:42.842108+05:30,2026-05-12 16:00:41+05:30
PO12140496,0084048000,008012943566,200.00,2026-05-12 10:30:44.218721+05:30,2026-05-12 16:00:43+05:30
PO12455564,5122613319,EW1503622848698605568,320.00,2026-05-12 10:30:47.188871+05:30,2026-05-12 16:00:46+05:30
PO12483871,0447948000,HGALP175DD0351770621,13.00,2026-05-12 10:30:48.348275+05:30,2026-05-12 16:00:47+05:30
PO12289620,4613903000,EW1503622908953976832,204.00,2026-05-12 10:30:54.301677+05:30,2026-05-12 16:00:53+05:30
PO12630453,0340312534,HGALP0BCB60351773175,2088.00,2026-05-12 10:31:06.414816+05:30,2026-05-12 16:01:05+05:30
PO12417428,4223953000,EW1503622982526263296,2085.00,2026-05-12 10:31:18.575541+05:30,2026-05-12 16:01:17+05:30
PO12060593,8282066000,HGVR6BIW0Y9HSM4V4YNFQW7EKE461321031,28.00,2026-05-12 10:31:39.060833+05:30,2026-05-12 16:01:37+05:30
PO12447387,6663773000,EW1503623143700783104,126.00,2026-05-12 10:31:50.392646+05:30,2026-05-12 16:01:49+05:30
PO12110343,0420288000,DHD5IY11JT5R8P,1000.00,2026-05-12 10:31:52.454880+05:30,2026-05-12 16:01:51+05:30
PO12009516,1788184000,178633163533,400.00,2026-05-12 10:31:59.601631+05:30,2026-05-12 16:01:58+05:30
PO14809859,7893138631,BBPSPP016132BX1MO0T8K067,449.00,2026-05-12 10:32:03.282560+05:30,2026-05-12 16:02:01+05:30
PO12500176,3246310100,324278980420,1063.00,2026-05-12 10:32:14.684617+05:30,2026-05-12 16:02:13+05:30
PO12429972,3679170036,DHD58381JT5SU4,1500.00,2026-05-12 10:32:29.154684+05:30,2026-05-12 16:02:27+05:30
PO12525507,1371834000,28559858410,300.00,2026-05-12 10:32:48.344941+05:30,2026-05-12 16:02:47+05:30
PO12026368,6906484000,690132466701,612.00,2026-05-12 10:32:51.583920+05:30,2026-05-12 16:02:50+05:30
PO12388621,1646433000,EW1503623407983878144,176.00,2026-05-12 10:32:54.724674+05:30,2026-05-12 16:02:53+05:30
PO12546203,8595723459,859504166800,200.00,2026-05-12 10:33:12.153794+05:30,2026-05-12 16:03:11+05:30
AL2277697,3518784000,351177127373,610.00,2026-05-12 10:33:13.504665+05:30,2026-05-12 16:03:12+05:30
PO12135063,0152437383,EW1503623501932093440,311.00,2026-05-12 10:33:16.034643+05:30,2026-05-12 16:03:14+05:30
PO12243617,0807961799,HGALP02DB60351799695,105.00,2026-05-12 10:33:23.255863+05:30,2026-05-12 16:03:21+05:30
PO12338655,0705263413,DHD5CWF1JT5W4C,322.00,2026-05-12 10:33:35.004947+05:30,2026-05-12 16:03:33+05:30
PO14808285,4425613000,EW1503623566159470592,189.00,2026-05-12 10:33:37.655491+05:30,2026-05-12 16:03:36+05:30
PO12606456,0451173000,045019628452,126.00,2026-05-12 10:33:39.174753+05:30,2026-05-12 16:03:38+05:30
PO12369413,7243206566,EW1503623595192442880,65.00,2026-05-12 10:33:41.254912+05:30,2026-05-12 16:03:40+05:30
AL2272210,3981016374,HGALP0B2FE0351802776,3759.00,2026-05-12 10:33:43.131847+05:30,2026-05-12 16:03:41+05:30
PO12541039,7737833000,773850065844,179.00,2026-05-12 10:34:13.140853+05:30,2026-05-12 16:04:12+05:30
PO12178667,3544303000,BBPSPU016132TKOTZZPS8295,3.00,2026-05-12 10:34:26.614678+05:30,2026-05-12 16:04:25+05:30
PO12408490,8183614849,EW1503623828374773760,751.00,2026-05-12 10:34:39.124867+05:30,2026-05-12 16:04:37+05:30
PO12123619,7592218000,EW1503623856229146624,198.00,2026-05-12 10:34:39.654987+05:30,2026-05-12 16:04:38+05:30
PO12572847,2923213000,EW1503623836989874176,1021.00,2026-05-12 10:34:39.705055+05:30,2026-05-12 16:04:38+05:30
PO12608203,0745013995,074347323053,300.00,2026-05-12 10:34:56.394006+05:30,2026-05-12 16:04:55+05:30
PO12143373,5330253000,EW1503623957207015424,804.00,2026-05-12 10:34:57.766907+05:30,2026-05-12 16:04:56+05:30
PO12108344,3838388000,BBPSPP016132BX3F20TEA992,500.00,2026-05-12 10:35:23.948369+05:30,2026-05-12 16:05:22+05:30
PO12039223,4027719000,EW1503624151776583680,237.00,2026-05-12 10:35:38.924650+05:30,2026-05-12 16:05:37+05:30
PO14805757,1843164000,EW1503624199952359424,95.00,2026-05-12 10:35:53.144984+05:30,2026-05-12 16:05:51+05:30
PO12309191,3796303000,EW1503624261885452288,177.00,2026-05-12 10:36:09.171347+05:30,2026-05-12 16:06:07+05:30
PO12426641,0039974000,BBPSCC016132CBAD19416562,375.00,2026-05-12 10:36:23.794918+05:30,2026-05-12 16:06:22+05:30
PO12135061,1456197965,EW1503624344257388544,311.00,2026-05-12 10:36:26.902741+05:30,2026-05-12 16:06:25+05:30
PO12452811,5887864000,EW1503624360367710208,164.00,2026-05-12 10:36:36.634596+05:30,2026-05-12 16:06:35+05:30
PO12371402,6315638000,EW1503624387899121664,573.00,2026-05-12 10:36:39.352050+05:30,2026-05-12 16:06:37+05:30
PO12495233,7207969000,EW1503624422107865088,574.00,2026-05-12 10:36:51.734716+05:30,2026-05-12 16:06:50+05:30
PO12254079,1753003480,175499515903,570.00,2026-05-12 10:37:05.024755+05:30,2026-05-12 16:07:04+05:30
PO12624873,4525573429,EW1503624559458738176,133.00,2026-05-12 10:37:20.724482+05:30,2026-05-12 16:07:19+05:30
PO12131101,3931294000,EW1503624549614706688,41.00,2026-05-12 10:37:21.730332+05:30,2026-05-12 16:07:20+05:30
PO12455924,0219773000,021658256207,1050.00,2026-05-12 10:37:25.549488+05:30,2026-05-12 16:07:24+05:30
PO12016641,7431484000,743154590738,616.00,2026-05-12 10:37:31.445519+05:30,2026-05-12 16:07:30+05:30
PO12391593,6646363328,EW1503624695102529536,1128.00,2026-05-12 10:37:51.285615+05:30,2026-05-12 16:07:50+05:30
PO12603283,9344632683,HGALP015E20351855880,3657.00,2026-05-12 10:38:06.151050+05:30,2026-05-12 16:08:05+05:30
PO12008351,3725646000,EW1503624794255876096,145.00,2026-05-12 10:38:13.334385+05:30,2026-05-12 16:08:12+05:30
PO14808640,3484551399,EW1503624828405899264,200.00,2026-05-12 10:38:23.626126+05:30,2026-05-12 16:08:22+05:30
PO12270132,2684977000,268679943900,2000.00,2026-05-12 10:38:44.083490+05:30,2026-05-12 16:08:43+05:30
PO12642348,7170179000,EW1503624947507355648,131.00,2026-05-12 10:38:51.329282+05:30,2026-05-12 16:08:49+05:30
PO12287636,9342973000,934534401576,320.00,2026-05-12 10:38:57.897146+05:30,2026-05-12 16:08:57+05:30
PO12136915,6208297000,PP01BX103847629M08D1089485R61321038,52.00,2026-05-12 10:39:03.321747+05:30,2026-05-12 16:09:02+05:30
PO12605402,4154073000,415850260053,138.00,2026-05-12 10:39:06.569718+05:30,2026-05-12 16:09:05+05:30
PO12128347,3048512206,EW1503625039333253120,100.00,2026-05-12 10:39:10.341293+05:30,2026-05-12 16:09:09+05:30
PO12134158,4585772963,EW1503625038712496128,676.00,2026-05-12 10:39:10.683608+05:30,2026-05-12 16:09:09+05:30
PO12159088,6608729000,2053824336725413888lbQ5SyR261311307,22.00,2026-05-12 10:39:14.791783+05:30,2026-05-12 16:09:13+05:30
PO12153243,7912284000,791638123230,42.00,2026-05-12 10:39:42.923127+05:30,2026-05-12 16:09:41+05:30
PO12322904,2476144000,247872842125,200.00,2026-05-12 10:39:53.512977+05:30,2026-05-12 16:09:52+05:30
PO12094098,1585034739,BBPSBD016132BALAAAJWL6L9,882.00,2026-05-12 10:40:03.556176+05:30,2026-05-12 16:10:02+05:30
PO12476827,0943640100,DHD5MK01JSYRSS,1004.00,2026-05-12 10:40:06.324867+05:30,2026-05-12 16:10:05+05:30
AL2274037,8832846000,DHD5EZG1JT68R1,17.00,2026-05-12 10:40:06.897041+05:30,2026-05-12 16:10:05+05:30
PO12208233,7155904000,DHD5BQ21JT64F0,13.00,2026-05-12 10:40:08.243307+05:30,2026-05-12 16:10:07+05:30
PO12022355,0633484000,DHD5LJW1JT6I72,1000.00,2026-05-12 10:40:10.467484+05:30,2026-05-12 16:10:09+05:30
PO12335393,8020402864,HGALP09DAD0351882170,93.00,2026-05-12 10:40:26.210540+05:30,2026-05-12 16:10:24+05:30
PO12340420,7758164000,28559963923,94.00,2026-05-12 10:40:33.034580+05:30,2026-05-12 16:10:31+05:30
PO12470205,3657198000,BBPSPP016132BX2WT0TN4633,193.00,2026-05-12 10:40:46.147557+05:30,2026-05-12 16:10:44+05:30
PO12475164,7313453000,2053592322915323904KP0y9zxN61302145,72.00,2026-05-12 10:40:47.264905+05:30,2026-05-12 16:10:46+05:30
PO12249395,3924526784,EW1503625448714100736,1732.00,2026-05-12 10:40:52.749991+05:30,2026-05-12 16:10:51+05:30
PO12011058,8571672000,EW1503625462622412800,688.00,2026-05-12 10:40:54.127518+05:30,2026-05-12 16:10:53+05:30
PO12043439,8723784000,2054066698964226048CwiOR20261320510,119.00,2026-05-12 10:41:03.499446+05:30,2026-05-12 16:11:02+05:30
PO12183384,0340194000,EW1503625572110524416,486.00,2026-05-12 10:41:21.361230+05:30,2026-05-12 16:11:20+05:30
PO12368312,8753563000,HGALP159280351899189,63.00,2026-05-12 10:41:44.560809+05:30,2026-05-12 16:11:43+05:30
PO12476827,0943640100,DHD5TMD1JT6RU1,6.00,2026-05-12 10:41:45.251417+05:30,2026-05-12 16:11:44+05:30
PO12014445,9821784000,982611114248,3000.00,2026-05-12 10:42:24.138401+05:30,2026-05-12 16:12:23+05:30
PO12022639,6209253000,EW1503625888692396032,48.00,2026-05-12 10:42:49.076313+05:30,2026-05-12 16:12:47+05:30
PO12277877,9067694000,PP01BX062355320TQE86977940R61280623,93.00,2026-05-12 10:42:58.397609+05:30,2026-05-12 16:12:57+05:30
PO12031345,6353082000,635138153537,900.00,2026-05-12 10:42:59.851249+05:30,2026-05-12 16:12:59+05:30
PO12562772,6309913000,EW1503625947920162816,168.00,2026-05-12 10:43:10.247463+05:30,2026-05-12 16:13:09+05:30
PO12624345,0140913000,EW1503625969625686016,981.00,2026-05-12 10:43:12.081037+05:30,2026-05-12 16:13:10+05:30
PO12212019,2113069000,211570781278,1000.00,2026-05-12 10:43:35.603345+05:30,2026-05-12 16:13:34+05:30
PO12422546,1036444577,EW1503626098172715008,186.00,2026-05-12 10:43:37.204701+05:30,2026-05-12 16:13:36+05:30
PO12352613,4751736183,475920440099,50.00,2026-05-12 10:43:46.809286+05:30,2026-05-12 16:13:45+05:30
PO12603810,2305253000,EW1503626164107173888,1094.00,2026-05-12 10:43:50.912263+05:30,2026-05-12 16:13:49+05:30
PO12557293,3300094000,330448171587,1500.00,2026-05-12 10:43:53.007931+05:30,2026-05-12 16:13:52+05:30
PO12185248,6689959000,668204335540,700.00,2026-05-12 10:43:56.927638+05:30,2026-05-12 16:13:56+05:30
PO12440789,8607313000,860101725483,10.00,2026-05-12 10:43:59.470501+05:30,2026-05-12 16:13:58+05:30
PO12309570,3755073000,EW1503626277500182528,326.00,2026-05-12 10:44:17.746149+05:30,2026-05-12 16:14:16+05:30
PO12560574,1092074459,EW1503626365240827904,411.00,2026-05-12 10:44:40.191106+05:30,2026-05-12 16:14:39+05:30
PO12340788,1139329421,HGVR4D1DNXSEASJ6ATJC1GZ2S2Z61321044,773.00,2026-05-12 10:44:59.112552+05:30,2026-05-12 16:14:57+05:30
PO12279497,5189443000,518315514709,300.00,2026-05-12 10:45:06.104757+05:30,2026-05-12 16:15:05+05:30
PO12561065,0124303000,EW1503626459793022976,121.00,2026-05-12 10:45:10.540437+05:30,2026-05-12 16:15:09+05:30
PO12058373,2513104000,251081612569,800.00,2026-05-12 10:45:26.802198+05:30,2026-05-12 16:15:26+05:30
PO12472816,9007384396,HGALP166540351945396,191.00,2026-05-12 10:45:44.342126+05:30,2026-05-12 16:15:43+05:30
PO12109847,6631569000,663985931940,343.00,2026-05-12 10:45:53.767050+05:30,2026-05-12 16:15:52+05:30
PO12603283,9344632683,HGALP092480351954881,75.00,2026-05-12 10:46:25.013742+05:30,2026-05-12 16:16:23+05:30
PO12253792,1445414000,144397982660,100.00,2026-05-12 10:46:40.711494+05:30,2026-05-12 16:16:40+05:30
PO12610121,0429592423,EW1503626848223322112,3566.00,2026-05-12 10:46:41.042733+05:30,2026-05-12 16:16:39+05:30
PO12133480,8435541000,EW1503626898114568192,335.00,2026-05-12 10:46:51.073024+05:30,2026-05-12 16:16:49+05:30
PO12353376,1452794000,EW1503627160598306816,64.00,2026-05-12 10:47:45.186670+05:30,2026-05-12 16:17:44+05:30
PO12508584,3749623000,BBPSPP016132BX2YI0TYV318,32.00,2026-05-12 10:48:06.191594+05:30,2026-05-12 16:18:05+05:30
PO14801964,7209505628,720798872514,200.00,2026-05-12 10:48:07.449596+05:30,2026-05-12 16:18:06+05:30
PO12080889,4504213000,EW1503627201689903104,293.00,2026-05-12 10:48:12.189380+05:30,2026-05-12 16:18:11+05:30
PO12037161,8042820100,804808140023,367.00,2026-05-12 10:48:17.435194+05:30,2026-05-12 16:18:16+05:30
PO12082947,1228998000,EW1503627314025947136,3.00,2026-05-12 10:48:37.424430+05:30,2026-05-12 16:18:36+05:30
PO12513202,7257563000,EW1503627342211670016,2171.00,2026-05-12 10:48:38.159067+05:30,2026-05-12 16:18:37+05:30
PO12217316,7902054000,HGALP17F120351983754,318.00,2026-05-12 10:49:03.859525+05:30,2026-05-12 16:19:02+05:30
PO12574308,3207751881,28560076362,47.00,2026-05-12 10:49:04.701824+05:30,2026-05-12 16:19:03+05:30
PO12476496,0831218000,HGALP15D5A0351985060,242.00,2026-05-12 10:49:05.398015+05:30,2026-05-12 16:19:04+05:30
PO12345623,8032333000,EW1503627529931939840,269.00,2026-05-12 10:49:21.728122+05:30,2026-05-12 16:19:20+05:30
PO12594116,2974905358,DHD590L1JT7KX8,1966.00,2026-05-12 10:49:23.399178+05:30,2026-05-12 16:19:22+05:30
PO12107135,8531558000,HGALP03CBF0351990201,179.00,2026-05-12 10:49:27.643382+05:30,2026-05-12 16:19:23+05:30
PO12316001,5477333990,EW1503627620092698624,462.00,2026-05-12 10:49:40.944200+05:30,2026-05-12 16:19:39+05:30
PO12145600,0772411731,077477264166,706.00,2026-05-12 10:49:44.810335+05:30,2026-05-12 16:19:44+05:30
PO12322374,4732097060,473014054479,300.00,2026-05-12 10:49:57.591635+05:30,2026-05-12 16:19:57+05:30
PO12487398,5751463000,575885854518,500.00,2026-05-12 10:50:03.799319+05:30,2026-05-12 16:20:02+05:30
PO12240655,2159900100,EW1503627741320667136,2457.00,2026-05-12 10:50:12.435411+05:30,2026-05-12 16:20:11+05:30
PO12106774,2506703000,EW1503627807901048832,254.00,2026-05-12 10:50:19.148553+05:30,2026-05-12 16:20:18+05:30
PO12233862,1129104000,28560091590,2000.00,2026-05-12 10:50:20.345929+05:30,2026-05-12 16:20:18+05:30
PO12232115,8427894000,EW1503627798187040768,251.00,2026-05-12 10:50:20.747868+05:30,2026-05-12 16:20:19+05:30
PO12274102,6081253000,EW1503627804835012608,304.00,2026-05-12 10:50:21.233603+05:30,2026-05-12 16:20:19+05:30
PO12026307,7218081481,721451042851,1023.00,2026-05-12 10:50:32.802139+05:30,2026-05-12 16:20:32+05:30
PO12528257,8496608853,EW1503627830537707522,35.00,2026-05-12 10:50:35.452705+05:30,2026-05-12 16:20:34+05:30
PO12060263,7687213000,768213091805,500.00,2026-05-12 10:50:48.011110+05:30,2026-05-12 16:20:47+05:30
PO12582666,4523597000,DHD5LH11JT7R39,4000.00,2026-05-12 10:50:58.838519+05:30,2026-05-12 16:20:57+05:30
PO12417570,7704352400,EW1503628001401069568,66.00,2026-05-12 10:51:12.067424+05:30,2026-05-12 16:21:10+05:30
PO12419824,3184408000,318112351969,800.00,2026-05-12 10:51:14.299047+05:30,2026-05-12 16:21:13+05:30
PO12217316,7902054000,HGALP03D3A0352013216,6.00,2026-05-12 10:51:22.787284+05:30,2026-05-12 16:21:21+05:30
PO12272328,5298150100,BBPSPU016132EDZH4ODD2946,238.00,2026-05-12 10:51:22.963141+05:30,2026-05-12 16:21:21+05:30
PO12542587,4959634000,EW1503628200110415872,95.00,2026-05-12 10:51:52.363959+05:30,2026-05-12 16:21:51+05:30
PO12539483,7681301759,HGALP015070352018998,213.00,2026-05-12 10:52:03.125431+05:30,2026-05-12 16:22:02+05:30
PO12262342,9762013000,BBPSPP016132BX1MO0U5X403,24.00,2026-05-12 10:52:06.459422+05:30,2026-05-12 16:22:05+05:30
PO12075605,0730353000,EW1503628204933865472,240.00,2026-05-12 10:52:07.093019+05:30,2026-05-12 16:22:05+05:30
PO12516159,9045673000,BBPSSD016132BKUUKV648220,738.00,2026-05-12 10:52:25.698751+05:30,2026-05-12 16:22:24+05:30
PO12318865,5661223000,EW1503628343513669632,215.00,2026-05-12 10:52:43.018395+05:30,2026-05-12 16:22:41+05:30
PO12029349,2429484000,242370647230,100.00,2026-05-12 10:52:46.600962+05:30,2026-05-12 16:22:45+05:30
PO12046157,3683949557,EW1503628435033382912,570.00,2026-05-12 10:52:55.298919+05:30,2026-05-12 16:22:54+05:30
PO12517559,0873623000,EW1503628441542942720,70.00,2026-05-12 10:52:56.223914+05:30,2026-05-12 16:22:55+05:30
PO12258828,1598665818,DHD5YGZ1JT7QEH,25.00,2026-05-12 10:53:01.395588+05:30,2026-05-12 16:23:00+05:30
PO12044313,1789683000,DSBIN8F1JT7V3D,20.00,2026-05-12 10:53:01.544463+05:30,2026-05-12 16:23:00+05:30
PO12300228,6363651043,636798277922,220.00,2026-05-12 10:53:03.482708+05:30,2026-05-12 16:23:02+05:30
PO12063760,4780115161,BBPSDP216132ASIWYH26U56M,1000.00,2026-05-12 10:53:04.113643+05:30,2026-05-12 16:23:03+05:30
PO12464035,4735387000,BBPSBD016132BALAAAJWM5SS,3795.00,2026-05-12 10:53:05.139963+05:30,2026-05-12 16:23:04+05:30
PO12155974,0101594000,EW1503628470781435904,347.00,2026-05-12 10:53:11.528964+05:30,2026-05-12 16:23:10+05:30
PO12307359,6664343000,EW1503628483725058048,488.00,2026-05-12 10:53:14.649174+05:30,2026-05-12 16:23:13+05:30
PO12292578,0085843000,008894475508,1000.00,2026-05-12 10:53:29.658908+05:30,2026-05-12 16:23:29+05:30
PO12008497,7442941476,EW1503628594718924800,327.00,2026-05-12 10:53:39.605111+05:30,2026-05-12 16:23:38+05:30
PO12509641,5988409011,EW1503628654840078336,444.00,2026-05-12 10:53:45.396323+05:30,2026-05-12 16:23:44+05:30
PO12292241,0066914000,EW1503628664994488320,2628.00,2026-05-12 10:53:46.934336+05:30,2026-05-12 16:23:45+05:30
PO12212612,5176043000,EW1503628653648896000,141.00,2026-05-12 10:53:48.007009+05:30,2026-05-12 16:23:46+05:30
PO12063619,4377709000,437812284631,400.00,2026-05-12 10:54:09.046979+05:30,2026-05-12 16:24:08+05:30
PO12359358,1613328000,HGALP185290352049031,39.00,2026-05-12 10:54:27.370090+05:30,2026-05-12 16:24:26+05:30
PO12290820,4623392000,EW1503628852479877120,250.00,2026-05-12 10:54:40.362987+05:30,2026-05-12 16:24:39+05:30
PO12207702,7965114000,EW1503628892204130304,142.00,2026-05-12 10:54:44.820699+05:30,2026-05-12 16:24:43+05:30
PO12012212,1843919000,184622282539,670.00,2026-05-12 10:54:45.414347+05:30,2026-05-12 16:24:44+05:30
PO12217562,8119692000,EW1503628918980567040,1016.00,2026-05-12 10:54:49.595975+05:30,2026-05-12 16:24:48+05:30
PO12089304,2671500100,267940376203,100.00,2026-05-12 10:54:51.811694+05:30,2026-05-12 16:24:50+05:30
PO12500463,8319469000,DHD5VYS1JT86O7,73.00,2026-05-12 10:55:10.816676+05:30,2026-05-12 16:25:09+05:30
AL2270081,4948155002,EW1503629024572170240,332.00,2026-05-12 10:55:14.284631+05:30,2026-05-12 16:25:13+05:30
PO12406232,6472433000,EW1503629031383719936,2040.00,2026-05-12 10:55:15.068994+05:30,2026-05-12 16:25:13+05:30
PO12308992,1087144000,108915325401,200.00,2026-05-12 10:55:26.493806+05:30,2026-05-12 16:25:25+05:30
PO12412604,6037614000,EW1503629077957271552,171.00,2026-05-12 10:55:36.759866+05:30,2026-05-12 16:25:35+05:30
PO12313608,5239783000,EW1503629155673530368,148.00,2026-05-12 10:55:45.498679+05:30,2026-05-12 16:25:44+05:30
PO12238991,1449053144,EW1503629247520399360,38.00,2026-05-12 10:56:12.064826+05:30,2026-05-12 16:26:10+05:30
PO12103001,3751194000,375660016401,500.00,2026-05-12 10:56:17.483598+05:30,2026-05-12 16:26:16+05:30
PO12376643,3787289000,EW1503629267208462336,16920.00,2026-05-12 10:56:19.435895+05:30,2026-05-12 16:26:18+05:30
PO12415422,0510183000,BBPSBD016132BALAAAJWNE4J,291.00,2026-05-12 10:56:26.217094+05:30,2026-05-12 16:26:25+05:30
PO12276298,7111144000,DHD5R4S1JT8BIE,2148.00,2026-05-12 10:56:39.192416+05:30,2026-05-12 16:26:38+05:30
PO12109143,3850740100,385465253949,100.00,2026-05-12 10:56:42.144327+05:30,2026-05-12 16:26:41+05:30
PO12261978,8455410361,PP01BX0232248383T4A3834188R61310232,180.00,2026-05-12 10:56:42.937738+05:30,2026-05-12 16:26:41+05:30
PO12419081,2890073000,2052983401017892864laje120261290526,22.00,2026-05-12 10:56:44.443981+05:30,2026-05-12 16:26:43+05:30
PO12159314,9616539000,EW1503629389556310016,304.00,2026-05-12 10:56:46.162341+05:30,2026-05-12 16:26:45+05:30
PO12112018,2108794000,EW1503629413220573184,257.00,2026-05-12 10:56:48.453509+05:30,2026-05-12 16:26:47+05:30
PO12543355,9765873000,EW1503629462046466048,1937.00,2026-05-12 10:56:51.414250+05:30,2026-05-12 16:26:50+05:30
PO12112017,0120143123,EW1503629460167417856,393.00,2026-05-12 10:56:52.652458+05:30,2026-05-12 16:26:51+05:30
PO12111172,8670549000,867709298711,600.00,2026-05-12 10:57:05.372433+05:30,2026-05-12 16:27:04+05:30
PO12355342,6319658515,EW1503629459865427968,20.00,2026-05-12 10:57:12.257185+05:30,2026-05-12 16:27:11+05:30
PO12229111,8959654000,895751893471,115.00,2026-05-12 10:57:12.379347+05:30,2026-05-12 16:27:11+05:30
PO12545591,3185937253,EW1503629486868357120,1305.00,2026-05-12 10:57:13.203342+05:30,2026-05-12 16:27:12+05:30
PO12487398,5751463000,575809643408,1500.00,2026-05-12 10:57:24.843058+05:30,2026-05-12 16:27:23+05:30
PO12571550,5766209211,EW1503629584419479553,375.00,2026-05-12 10:57:29.754220+05:30,2026-05-12 16:27:28+05:30
PO12038310,2142384000,214527866705,100.00,2026-05-12 10:57:50.833945+05:30,2026-05-12 16:27:50+05:30
PO12573118,9058632924,BBPSPP016132BX6G20UG3581,6.00,2026-05-12 10:58:03.100645+05:30,2026-05-12 16:28:01+05:30
PO12475389,4012193000,HGALP0ED550352088103,9.00,2026-05-12 10:58:05.071241+05:30,2026-05-12 16:28:03+05:30
PO12314204,8844394000,EW1503629837671555072,176.00,2026-05-12 10:58:30.859716+05:30,2026-05-12 16:28:29+05:30
PO12103199,8606665774,28560194370,750.00,2026-05-12 10:58:31.353781+05:30,2026-05-12 16:28:29+05:30
PO12573118,9058632924,PP01BX1058018312ZOI8961455R61321058,8.00,2026-05-12 10:58:39.784832+05:30,2026-05-12 16:28:38+05:30
PO12363856,6423929778,EW1503630024448106496,1899.00,2026-05-12 10:59:02.809666+05:30,2026-05-12 16:29:01+05:30
PO12027429,7803746256,HGVRPQUGFYSYAXQG4DHBQ044CX161321058,3018.00,2026-05-12 10:59:09.753479+05:30,2026-05-12 16:29:08+05:30
PO12624931,7565084000,756735123204,600.00,2026-05-12 10:59:19.954473+05:30,2026-05-12 16:29:19+05:30
PO12131204,8518050966,BBPSPP016132BX5ZD0UHZ276,709.00,2026-05-12 10:59:25.100321+05:30,2026-05-12 16:29:23+05:30
PO12063312,2465501454,246805653164,200.00,2026-05-12 10:59:27.689498+05:30,2026-05-12 16:29:25+05:30
PO12019964,0442384000,DHD5BAH1JT8ORU,500.00,2026-05-12 10:59:45.507064+05:30,2026-05-12 16:29:44+05:30
PO12159351,8125388000,812409015892,862.00,2026-05-12 10:59:56.001136+05:30,2026-05-12 16:29:55+05:30
PO12009941,2839605262,EW1503630209152671744,23.00,2026-05-12 11:00:00.440967+05:30,2026-05-12 16:29:59+05:30
PO12506275,5562914000,HGALP117750352113739,326.00,2026-05-12 11:00:07.334001+05:30,2026-05-12 16:30:06+05:30
PO12074465,1230625617,DHD53AD1JT8GDG,1500.00,2026-05-12 11:00:07.507671+05:30,2026-05-12 16:30:06+05:30
PO12128644,8965543000,DHD5QU41JT7UM8,100.00,2026-05-12 11:00:09.289845+05:30,2026-05-12 16:30:08+05:30
PO14812527,9046164946,DHD510A1JT7ZBN,150.00,2026-05-12 11:00:16.554063+05:30,2026-05-12 16:30:15+05:30
PO12009415,8543384000,DHD5EPO1JT8QRG,1000.00,2026-05-12 11:00:17.015085+05:30,2026-05-12 16:30:15+05:30
PO12325924,6968469000,PP01BX110004477W6KW1679664R61321100,56.00,2026-05-12 11:00:25.319322+05:30,2026-05-12 16:30:24+05:30
PO12222066,6718525000,EW1503630633075171328,5000.00,2026-05-12 11:01:33.616644+05:30,2026-05-12 16:31:32+05:30
PO12053186,9181336344,EW1503630658870140928,252.00,2026-05-12 11:01:34.085086+05:30,2026-05-12 16:31:32+05:30
PO12417863,5309094000,BBPSPP016132BX4E50ULZ589,312.00,2026-05-12 11:01:44.784195+05:30,2026-05-12 16:31:43+05:30
PO12307551,0864463000,086353646423,432.00,2026-05-12 11:02:31.454739+05:30,2026-05-12 16:32:30+05:30
PO12119317,6163640843,PP01BX005356736VO265398342R61320053,1830.00,2026-05-12 11:03:19.874587+05:30,2026-05-12 16:33:18+05:30
PO12006949,0035068335,003935389032,500.00,2026-05-12 11:03:37.764618+05:30,2026-05-12 16:33:36+05:30
PO12223746,5647525000,PP01BX123545657UE8A5693999R61311235,55.00,2026-05-12 11:03:43.397061+05:30,2026-05-12 16:33:42+05:30
PO12529009,4057813000,EW1503631248803192832,924.00,2026-05-12 11:03:53.137133+05:30,2026-05-12 16:33:52+05:30
PO12072565,4727539236,DHD5ER91JT92UQ,1500.00,2026-05-12 11:03:55.063684+05:30,2026-05-12 16:33:53+05:30
PO12110830,1491249000,149662755330,58.00,2026-05-12 11:03:57.186751+05:30,2026-05-12 16:33:56+05:30
PO12258232,2276354000,227220957915,600.00,2026-05-12 11:04:21.156932+05:30,2026-05-12 16:34:20+05:30
PO12253429,8910264000,BBPSCC016132CBAD19479635,115.00,2026-05-12 11:04:26.324476+05:30,2026-05-12 16:34:25+05:30
PO12591819,9267849262,EW1503631462364569600,567.00,2026-05-12 11:04:50.902742+05:30,2026-05-12 16:34:49+05:30
PO12017639,2986744000,EW1503631550684028928,56.00,2026-05-12 11:05:06.202433+05:30,2026-05-12 16:35:05+05:30
PO12405605,5825444466,EW1503631554244993024,159.00,2026-05-12 11:05:07.137284+05:30,2026-05-12 16:35:06+05:30
PO12235121,0598944000,EW1503631563665399808,115.00,2026-05-12 11:05:08.040723+05:30,2026-05-12 16:35:06+05:30
PO12592587,2464033000,PP01BX221238527OZN78354241R61292212,3646.00,2026-05-12 11:05:10.252536+05:30,2026-05-12 16:35:09+05:30
PO12144541,3036243000,EW1503631566517526528,115.00,2026-05-12 11:05:12.245707+05:30,2026-05-12 16:35:11+05:30
PO12027427,4828955429,HGVRHZ61UMFCDA74H6ZJ1U4C34B61321104,1528.00,2026-05-12 11:05:12.319959+05:30,2026-05-12 16:35:11+05:30
PO12592206,2496253257,249319942829,750.00,2026-05-12 11:05:15.756345+05:30,2026-05-12 16:35:15+05:30
PO12157235,8031358000,HGALP085650352175282,197.00,2026-05-12 11:05:24.134748+05:30,2026-05-12 16:35:23+05:30
PO12026290,0520421448,052471435437,300.00,2026-05-12 11:05:31.105511+05:30,2026-05-12 16:35:30+05:30
PO12517232,4775913000,EW1503631610977148928,184.00,2026-05-12 11:05:39.569770+05:30,2026-05-12 16:35:38+05:30
PO12076624,2434554000,28560283464,1900.00,2026-05-12 11:05:39.763695+05:30,2026-05-12 16:35:38+05:30
PO12488908,0390863000,HGALP13D7A0352181978,621.00,2026-05-12 11:06:03.455722+05:30,2026-05-12 16:36:02+05:30
PO12530513,9183623000,EW1503631722734379008,250.00,2026-05-12 11:06:07.462495+05:30,2026-05-12 16:36:06+05:30
PO12624934,0163224000,EW1503631760793493505,381.00,2026-05-12 11:06:10.324028+05:30,2026-05-12 16:36:09+05:30
PO14809077,7371486127,DHD5MNF1JT9C0Y,1400.00,2026-05-12 11:06:16.289150+05:30,2026-05-12 16:36:15+05:30
PO12571615,2580793000,PP01BX045936057BU442112800R61280459,30.00,2026-05-12 11:06:32.630369+05:30,2026-05-12 16:36:31+05:30
PO12367866,3704744000,EW1503631872089350144,311.00,2026-05-12 11:06:39.002245+05:30,2026-05-12 16:36:37+05:30
PO12227298,3822079000,BBPSPP016132BX6WX0UU5380,1.00,2026-05-12 11:06:44.621930+05:30,2026-05-12 16:36:43+05:30
PO12047712,6481518865,648268159928,500.00,2026-05-12 11:07:02.306627+05:30,2026-05-12 16:37:01+05:30
PO12113289,4052264000,DHD5VZK1JT9GNJ,484.00,2026-05-12 11:07:12.374739+05:30,2026-05-12 16:37:11+05:30
PO12225743,6167833220,HGVR0MIDVG27NEITTTZE4K1157A61321106,131.00,2026-05-12 11:07:20.493792+05:30,2026-05-12 16:37:19+05:30
PO12220279,7945340741,BBPSPP016132BX3MN0UVK488,58.00,2026-05-12 11:07:23.946651+05:30,2026-05-12 16:37:22+05:30
PO12390154,1239767287,DHD5QBY1JT9IVA,800.00,2026-05-12 11:07:40.011988+05:30,2026-05-12 16:37:38+05:30
PO12084843,8169230100,816881838232,124.00,2026-05-12 11:07:40.844773+05:30,2026-05-12 16:37:40+05:30
PO12579785,6051554000,605617894815,2500.00,2026-05-12 11:07:44.445035+05:30,2026-05-12 16:37:43+05:30
PO12227298,3822079000,BBPSPP016132BX3MN0UW0261,6.00,2026-05-12 11:07:47.340929+05:30,2026-05-12 16:37:46+05:30
PO12140188,4448540100,EW1503632155670437888,74.00,2026-05-12 11:07:47.908317+05:30,2026-05-12 16:37:46+05:30
PO12047873,6374284000,EW1503632233789349888,161.00,2026-05-12 11:08:05.844677+05:30,2026-05-12 16:38:04+05:30
PO12571615,2580793000,BBPSPP016132BX6OI0UWF649,2.00,2026-05-12 11:08:06.857772+05:30,2026-05-12 16:38:05+05:30
PO12231195,4272193000,EW1503632309706252288,166.00,2026-05-12 11:08:13.654510+05:30,2026-05-12 16:38:12+05:30
PO12115516,4072213000,EW1503632319663529984,300.00,2026-05-12 11:08:14.274693+05:30,2026-05-12 16:38:13+05:30
PO12578038,8142523000,EW1503632354623053824,372.00,2026-05-12 11:08:17.286690+05:30,2026-05-12 16:38:16+05:30
PO12079628,8185640100,BBPSPP016132BX3F20UWV270,130.00,2026-05-12 11:08:26.914636+05:30,2026-05-12 16:38:25+05:30
PO12489787,0626013000,EW1503632388735328256,645.00,2026-05-12 11:08:43.054659+05:30,2026-05-12 16:38:41+05:30
PO12168002,0642159000,064638663182,195.00,2026-05-12 11:08:43.913678+05:30,2026-05-12 16:38:43+05:30
PO12275305,2041994000,204821147965,224.00,2026-05-12 11:08:48.675690+05:30,2026-05-12 16:38:47+05:30
PO12512074,3973904000,EW1503632511586492416,1937.00,2026-05-12 11:09:08.386318+05:30,2026-05-12 16:39:07+05:30
PO12612098,1502910100,PP01BX150338736Q2VC3558165R61311503,102.00,2026-05-12 11:09:11.265557+05:30,2026-05-12 16:39:10+05:30
PO12235310,6199623000,EW1503632522755923968,140.00,2026-05-12 11:09:12.922485+05:30,2026-05-12 16:39:11+05:30
PO12195596,5451708000,DHD5KRV1JT9PQR,500.00,2026-05-12 11:09:21.888724+05:30,2026-05-12 16:39:20+05:30
PO12368584,2824823000,EW1503632656487112704,2505.00,2026-05-12 11:09:41.886398+05:30,2026-05-12 16:39:40+05:30
PO12247832,4641378530,464825380060,1847.00,2026-05-12 11:10:01.334592+05:30,2026-05-12 16:40:00+05:30
PO12318744,8826143000,DHD5MU81JT8XRW,300.00,2026-05-12 11:10:10.232579+05:30,2026-05-12 16:40:09+05:30
PO12543707,6101494000,EW1503632729166012416,6402.00,2026-05-12 11:10:11.562947+05:30,2026-05-12 16:40:10+05:30
PO12113240,1544123549,DHDF9CZ1JT9EJD,261.00,2026-05-12 11:10:12.794694+05:30,2026-05-12 16:40:11+05:30
PO12048317,3414887401,DHD57PV1JT9LAT,1500.00,2026-05-12 11:10:12.877088+05:30,2026-05-12 16:40:11+05:30
PO12596657,7209524000,EW1503632741077835776,1534.00,2026-05-12 11:10:16.411207+05:30,2026-05-12 16:40:15+05:30
PO12023721,7012195981,701166518206,250.00,2026-05-12 11:10:18.945632+05:30,2026-05-12 16:40:18+05:30
PO12307080,1133044000,EW1503632793418555392,223.00,2026-05-12 11:10:25.507346+05:30,2026-05-12 16:40:24+05:30
AL2277661,9326757875,932827236128,239.00,2026-05-12 11:10:43.852240+05:30,2026-05-12 16:40:43+05:30
PO12448832,7092563000,PP01BX110038289N6F48873938R61311100,96.00,2026-05-12 11:10:47.189442+05:30,2026-05-12 16:40:45+05:30
PO12198543,3610758114,EW1503632853401296896,313.00,2026-05-12 11:10:50.974506+05:30,2026-05-12 16:40:49+05:30
PO12450290,2019985081,EW1503632860409978880,154.00,2026-05-12 11:10:51.982045+05:30,2026-05-12 16:40:50+05:30
PO12603572,0712328656,EW1503632981239488512,3.00,2026-05-12 11:11:10.360534+05:30,2026-05-12 16:41:09+05:30
PO12130975,7572264734,EW1503633015683112960,161.00,2026-05-12 11:11:13.546183+05:30,2026-05-12 16:41:12+05:30
PO12624933,7280058721,EW1503633024721838080,475.00,2026-05-12 11:11:14.982964+05:30,2026-05-12 16:41:13+05:30
PO12316157,0282553000,EW1503633140811784192,274.00,2026-05-12 11:11:48.890869+05:30,2026-05-12 16:41:47+05:30
PO12068254,7316613000,EW1503633164278915072,307.00,2026-05-12 11:11:54.024578+05:30,2026-05-12 16:41:52+05:30
PO12357540,4703544000,EW1503633218016337920,225.00,2026-05-12 11:11:56.912974+05:30,2026-05-12 16:41:55+05:30
PO12397118,0592748000,059077366394,252.00,2026-05-12 11:12:11.300076+05:30,2026-05-12 16:42:10+05:30
PO12423122,2449234000,EW1503633253575647232,337.00,2026-05-12 11:12:14.591127+05:30,2026-05-12 16:42:13+05:30
PO12201383,7618925000,EW1503633317035466752,79.00,2026-05-12 11:12:24.460514+05:30,2026-05-12 16:42:23+05:30
PO12146572,7242704000,DHD55PK1JTA0GS,1128.00,2026-05-12 11:12:28.308559+05:30,2026-05-12 16:42:27+05:30
PO12106277,4668983695,PP01BX111217168DODS9345742R61321112,102.00,2026-05-12 11:12:47.374813+05:30,2026-05-12 16:42:46+05:30
PO12544960,2220856000,EW1503633511667949568,452.00,2026-05-12 11:13:05.459560+05:30,2026-05-12 16:43:04+05:30
PO12490932,9007892000,EW1503633549823533056,95.00,2026-05-12 11:13:06.865186+05:30,2026-05-12 16:43:05+05:30
PO12500177,7148050100,714290408853,1449.00,2026-05-12 11:13:28.373482+05:30,2026-05-12 16:43:27+05:30
PO12152664,2502874000,EW1503633661765312512,84.00,2026-05-12 11:13:40.328283+05:30,2026-05-12 16:43:39+05:30
PO12513110,5347543000,EW1503633673144459264,301.00,2026-05-12 11:13:56.087553+05:30,2026-05-12 16:43:54+05:30
PO12099133,1488905922,EW1503633817956999168,599.00,2026-05-12 11:14:27.330167+05:30,2026-05-12 16:44:26+05:30
PO12534453,2653230698,EW1503633859484803073,272.00,2026-05-12 11:14:33.260788+05:30,2026-05-12 16:44:32+05:30
PO14809192,0144326877,EW1503633873133068288,98.00,2026-05-12 11:14:36.819993+05:30,2026-05-12 16:44:35+05:30
PO12171125,9687854000,EW1503633994650443776,149.00,2026-05-12 11:15:03.210402+05:30,2026-05-12 16:45:02+05:30
PO12086349,4524459849,BBPSPP016131BX2QU0URP359,297.00,2026-05-12 11:15:03.384690+05:30,2026-05-12 16:45:02+05:30
PO12163843,8669604895,EW1503634064141672448,194.00,2026-05-12 11:15:23.604578+05:30,2026-05-12 16:45:22+05:30
PO12213618,3873987000,EW1503634067413229568,334.00,2026-05-12 11:15:23.718843+05:30,2026-05-12 16:45:22+05:30
PO12370093,1401274000,EW1503634101307400192,676.00,2026-05-12 11:15:25.448016+05:30,2026-05-12 16:45:24+05:30
PO12217371,1694916052,PP01BX111453696RBS31679427R61321114,83.00,2026-05-12 11:15:32.136868+05:30,2026-05-12 16:45:31+05:30
PO12631407,4752964304,475702035114,723.00,2026-05-12 11:15:38.878537+05:30,2026-05-12 16:45:38+05:30
PO12453660,0860763000,HGALP162420352293393,389.00,2026-05-12 11:15:45.028972+05:30,2026-05-12 16:45:43+05:30
PO12321815,5740774644,574373689035,61.00,2026-05-12 11:15:52.062143+05:30,2026-05-12 16:45:51+05:30
PO12126533,1908392992,EW1503634342685401088,462.00,2026-05-12 11:16:23.851802+05:30,2026-05-12 16:46:22+05:30
PO12241276,4180199000,418751465859,39.00,2026-05-12 11:16:36.039524+05:30,2026-05-12 16:46:35+05:30
PO12630397,3708073234,HGALP06B2A0352304657,400.00,2026-05-12 11:16:43.743072+05:30,2026-05-12 16:46:42+05:30
PO12609948,4165399758,EW1503634478547296256,487.00,2026-05-12 11:17:03.139591+05:30,2026-05-12 16:47:02+05:30
PO12608688,8123674000,812563589352,4685.00,2026-05-12 11:17:17.042157+05:30,2026-05-12 16:47:16+05:30
PO12397913,4802914000,HGALP008E80352313651,67.00,2026-05-12 11:17:22.861717+05:30,2026-05-12 16:47:21+05:30
PO12618075,2901894763,DHMPYP71JTANG5,968.00,2026-05-12 11:17:57.986019+05:30,2026-05-12 16:47:56+05:30
PO12141740,8258188000,EW1503634730910179328,245.00,2026-05-12 11:17:58.046751+05:30,2026-05-12 16:47:56+05:30
PO12326126,7566400100,EW1503634889773637632,578.00,2026-05-12 11:18:44.074162+05:30,2026-05-12 16:48:42+05:30
AL2799349,2877086044,DHD51MC1JTAS9T,7000.00,2026-05-12 11:18:50.884710+05:30,2026-05-12 16:48:49+05:30
PO12429280,5815419471,HGVRM10C1C4J02DENC0MGK9M41K61321116,100.00,2026-05-12 11:18:51.767244+05:30,2026-05-12 16:48:50+05:30
PO12049502,3503179474,350808233410,480.00,2026-05-12 11:18:58.179147+05:30,2026-05-12 16:48:57+05:30
PO12418676,0061729000,28560471801,97.00,2026-05-12 11:19:00.132580+05:30,2026-05-12 16:48:59+05:30
PO12192357,0264984000,BBPSCS1161323T4FN4GJGD36,1561.00,2026-05-12 11:19:05.632244+05:30,2026-05-12 16:49:04+05:30
PO12514796,5907974000,EW1503634994102755328,53.00,2026-05-12 11:19:11.856121+05:30,2026-05-12 16:49:10+05:30
PO12565213,8260825000,EW1503635016743608320,216.00,2026-05-12 11:19:17.224140+05:30,2026-05-12 16:49:16+05:30
PO12441170,3837974223,EW1503635070426505216,1818.00,2026-05-12 11:19:21.459890+05:30,2026-05-12 16:49:20+05:30
PO12021819,0039673000,EW1503635061656215552,321.00,2026-05-12 11:19:23.155577+05:30,2026-05-12 16:49:21+05:30
PO12514127,1131114000,EW1503635089321844736,999.00,2026-05-12 11:19:23.864630+05:30,2026-05-12 16:49:22+05:30
PO12140090,3081987000,EW1503635070934016000,193.00,2026-05-12 11:19:24.188968+05:30,2026-05-12 16:49:23+05:30
PO12570933,4672720555,EW1503635123241181184,226.00,2026-05-12 11:19:28.832427+05:30,2026-05-12 16:49:27+05:30
PO12030470,1912612629,191601162677,85.00,2026-05-12 11:19:55.962861+05:30,2026-05-12 16:49:55+05:30
PO12308008,9322792000,DHD5YCP1JT9Z9G,1000.00,2026-05-12 11:20:10.564648+05:30,2026-05-12 16:50:09+05:30
PO12222059,5250825000,DHD5QNT1JTA4OA,1000.00,2026-05-12 11:20:10.627027+05:30,2026-05-12 16:50:09+05:30
PO12546767,0834788455,DHD50W01JTAX2A,2000.00,2026-05-12 11:20:11.242283+05:30,2026-05-12 16:50:10+05:30
PO12186865,9565384000,956955784171,200.00,2026-05-12 11:20:14.300725+05:30,2026-05-12 16:50:13+05:30
PO12233794,8048044000,HGALP05AD50352346939,14.00,2026-05-12 11:20:23.858263+05:30,2026-05-12 16:50:22+05:30
PO12396301,6893754860,689585781335,2000.00,2026-05-12 11:20:27.874579+05:30,2026-05-12 16:50:26+05:30
AL2800945,6914314247,EW1503635372932292608,1523.00,2026-05-12 11:20:32.496587+05:30,2026-05-12 16:50:31+05:30
PO12038167,5949484000,HGVRKKY9C9Q24Z1G7F0NTPGI9DE61321120,194.00,2026-05-12 11:20:49.554266+05:30,2026-05-12 16:50:48+05:30
PO12570573,4311113000,EW1503635365336408064,831.00,2026-05-12 11:20:55.670551+05:30,2026-05-12 16:50:54+05:30
PO12390077,0297681750,029705556897,300.00,2026-05-12 11:21:02.408219+05:30,2026-05-12 16:51:01+05:30
AL2795319,4621293000,462857442746,83169.00,2026-05-12 11:21:08.369043+05:30,2026-05-12 16:51:07+05:30
PO12429286,6816992000,HGVRFV6ENSG9U9BQMYT0CUQKJIZ61321120,77.00,2026-05-12 11:21:17.640638+05:30,2026-05-12 16:51:16+05:30
PO12569333,0864043000,086654835842,17.00,2026-05-12 11:21:23.002173+05:30,2026-05-12 16:51:22+05:30
PO12531870,3358910278,EW1503635755767390208,2338.00,2026-05-12 11:22:24.437428+05:30,2026-05-12 16:52:22+05:30
PO12521468,4474560082,447848503556,100.00,2026-05-12 11:22:25.670629+05:30,2026-05-12 16:52:25+05:30
PO12454501,6582269356,EW1503635823295684608,212.00,2026-05-12 11:22:30.313449+05:30,2026-05-12 16:52:29+05:30
AL2794827,5211504000,EW1503635968892559360,104808.00,2026-05-12 11:22:54.640753+05:30,2026-05-12 16:52:53+05:30
PO12583866,6829599598,HGVRDQ04MPMN4PTEB4PWHWVM4N061321122,1502.00,2026-05-12 11:22:55.218561+05:30,2026-05-12 16:52:54+05:30
PO12119114,0502163698,EW1503636026287415296,133.00,2026-05-12 11:22:58.804670+05:30,2026-05-12 16:52:57+05:30
PO12014340,4583479098,HGALP074FE0352378292,43.00,2026-05-12 11:23:06.611566+05:30,2026-05-12 16:53:05+05:30
PO12247833,4625365676,PP01BX194217873IP4Z9345751R61311942,250.00,2026-05-12 11:23:21.138484+05:30,2026-05-12 16:53:20+05:30
PO12209579,7962892000,HGALP17D100352381909,2166.00,2026-05-12 11:23:24.462804+05:30,2026-05-12 16:53:23+05:30
PO12435677,0600740139,EW1503636336728825856,1000.00,2026-05-12 11:24:22.771760+05:30,2026-05-12 16:54:21+05:30
PO12334427,1121623000,EW1503636352184836096,618.00,2026-05-12 11:24:30.988117+05:30,2026-05-12 16:54:29+05:30
PO12334419,6353764000,PP01BX064110064EYF63834528R61310641,370.00,2026-05-12 11:24:40.652002+05:30,2026-05-12 16:54:39+05:30
PO12453660,0860763000,HGALP0598E0352400508,4.00,2026-05-12 11:25:04.440509+05:30,2026-05-12 16:55:03+05:30
PO12134595,7849062154,28560550610,200.00,2026-05-12 11:25:12.445585+05:30,2026-05-12 16:55:11+05:30
PO12455367,3815482860,EW1503636577146331136,2525.00,2026-05-12 11:25:28.601266+05:30,2026-05-12 16:55:27+05:30
PO12342033,6930403000,28560559518,500.00,2026-05-12 11:25:42.177526+05:30,2026-05-12 16:55:41+05:30
PO12488491,4951569511,DHD5Q3Y1JTBKPJ,177.00,2026-05-12 11:25:48.058051+05:30,2026-05-12 16:55:46+05:30
PO12494137,0627323000,EW1503636752564707328,1234.00,2026-05-12 11:26:07.123561+05:30,2026-05-12 16:56:05+05:30
PO12474809,9436674000,EW1503636788556029952,898.00,2026-05-12 11:26:16.783419+05:30,2026-05-12 16:56:15+05:30
PO12315055,0067323000,DHD5FLH1JTBL7E,100.00,2026-05-12 11:26:16.845325+05:30,2026-05-12 16:56:15+05:30
PO12540217,2561744000,EW1503636869875195904,5830.00,2026-05-12 11:26:48.244220+05:30,2026-05-12 16:56:46+05:30
PO12460659,0010846000,EW1503636992424370176,51.00,2026-05-12 11:27:01.762790+05:30,2026-05-12 16:57:00+05:30
PO12545293,9403397364,EW1503637005120528384,236.00,2026-05-12 11:27:03.854559+05:30,2026-05-12 16:57:02+05:30
PO12037461,7029534000,BBPSPP016132BX4BP0VS9481,207.00,2026-05-12 11:27:07.293119+05:30,2026-05-12 16:57:06+05:30
PO12586641,3826197000,DHMP51H1JTBQNG,525.00,2026-05-12 11:27:23.697885+05:30,2026-05-12 16:57:22+05:30
PO12346925,2115453000,DHD5OUP1JTBQIA,1623.00,2026-05-12 11:27:42.308068+05:30,2026-05-12 16:57:41+05:30
PO12569296,0301123000,030886209455,500.00,2026-05-12 11:27:45.525226+05:30,2026-05-12 16:57:44+05:30
PO12389764,6703464236,670940167344,36.00,2026-05-12 11:27:54.777310+05:30,2026-05-12 16:57:54+05:30
PO12175196,0701974000,EW1503637241612165120,143.00,2026-05-12 11:28:00.095767+05:30,2026-05-12 16:57:58+05:30
PO12185557,4060099000,28560577968,100.00,2026-05-12 11:28:02.482810+05:30,2026-05-12 16:58:01+05:30
PO12127421,6870306684,EW1503637320930648064,821.00,2026-05-12 11:28:10.796682+05:30,2026-05-12 16:58:09+05:30
PO12130788,4762774555,EW1503637321849200640,723.00,2026-05-12 11:28:21.586808+05:30,2026-05-12 16:58:20+05:30
PO12186710,2755379000,275647041398,889.00,2026-05-12 11:28:49.364664+05:30,2026-05-12 16:58:48+05:30
PO12034264,7388584000,738856957840,200.00,2026-05-12 11:29:00.153578+05:30,2026-05-12 16:58:59+05:30
PO12126920,3315992000,331968946171,100.00,2026-05-12 11:29:11.596996+05:30,2026-05-12 16:59:11+05:30
PO12618075,2901894763,DHD5IFB1JTBXMR,14.00,2026-05-12 11:29:14.824330+05:30,2026-05-12 16:59:13+05:30
PO12332279,6904851684,DHD5ELF1JTBXRY,409.00,2026-05-12 11:29:17.437679+05:30,2026-05-12 16:59:16+05:30
PO14812646,9965669616,28560602686,52.00,2026-05-12 11:29:21.684929+05:30,2026-05-12 16:59:20+05:30
PO12605224,5541064000,BBPSPP016132BX6OI0VWM100,318.00,2026-05-12 11:29:46.440558+05:30,2026-05-12 16:59:45+05:30
PO12596962,3586444203,EW1503637645674635264,129.00,2026-05-12 11:29:52.673456+05:30,2026-05-12 16:59:51+05:30
PO12519886,1923854000,DHD5BAE1JTC1B0,161.00,2026-05-12 11:29:54.884470+05:30,2026-05-12 16:59:53+05:30
PO12155590,8786324000,DHD5VUQ1JTBZ59,164.00,2026-05-12 11:30:14.070532+05:30,2026-05-12 17:00:12+05:30
PO12352083,6799479000,DHD5WLW1JTB412,70.00,2026-05-12 11:30:14.143414+05:30,2026-05-12 17:00:13+05:30
PO12259159,3058643000,EW1503637938923593728,23.00,2026-05-12 11:30:43.732299+05:30,2026-05-12 17:00:42+05:30
PO12575620,8248102226,DHD5M7T1JTC6F7,158.00,2026-05-12 11:31:02.905754+05:30,2026-05-12 17:01:01+05:30
AL2794508,7999311120,BBPSHD016132BALAAAEC4JCT,37766.00,2026-05-12 11:31:06.036132+05:30,2026-05-12 17:01:04+05:30
PO12275815,0483954000,048679906108,250.00,2026-05-12 11:31:08.401851+05:30,2026-05-12 17:01:07+05:30
PO12537251,6617521317,EW1503638035434528768,3093.00,2026-05-12 11:31:11.531016+05:30,2026-05-12 17:01:10+05:30
PO12335524,5180883000,EW1503638046843035648,310.00,2026-05-12 11:31:13.036206+05:30,2026-05-12 17:01:11+05:30
PO12476052,3613813106,HGALP126700352477885,800.00,2026-05-12 11:32:05.476774+05:30,2026-05-12 17:02:04+05:30
PO12390182,4331428328,433305430179,200.00,2026-05-12 11:32:19.015387+05:30,2026-05-12 17:02:18+05:30
PO12565689,4762241008,EW1503638302796242944,131.00,2026-05-12 11:32:26.616791+05:30,2026-05-12 17:02:25+05:30
PO12255567,1725214000,28560641617,20.00,2026-05-12 11:32:29.028127+05:30,2026-05-12 17:02:27+05:30
PO12623189,5612591453,28560641591,66.00,2026-05-12 11:32:29.493966+05:30,2026-05-12 17:02:28+05:30
PO12382144,0650000100,EW1503638330403151872,886.00,2026-05-12 11:32:30.558540+05:30,2026-05-12 17:02:29+05:30
PO12630839,0636153000,EW1503638419850878977,520.00,2026-05-12 11:32:45.494501+05:30,2026-05-12 17:02:44+05:30
PO12435305,5157901007,HGALP0D9820352487456,211.00,2026-05-12 11:32:46.194617+05:30,2026-05-12 17:02:45+05:30
PO12065114,4812044000,481132687919,100.00,2026-05-12 11:33:31.175759+05:30,2026-05-12 17:03:30+05:30
PO12077574,7087714000,EW1503638596728872960,2068.00,2026-05-12 11:33:34.455711+05:30,2026-05-12 17:03:33+05:30
PO12333687,5679409410,EW1503638656371875840,34.00,2026-05-12 11:33:58.773824+05:30,2026-05-12 17:03:57+05:30
PO12504681,7280693000,PP01BX11234994959CN3834310R61311123,87.00,2026-05-12 11:34:01.282354+05:30,2026-05-12 17:04:00+05:30
PO12256207,2665313000,28560679364,500.00,2026-05-12 11:34:08.418818+05:30,2026-05-12 17:04:07+05:30
PO12268221,4468364000,DHD5G3H1JTCKIZ,113.00,2026-05-12 11:34:39.465565+05:30,2026-05-12 17:04:38+05:30
PO12389779,8256485432,825630568497,306.00,2026-05-12 11:34:54.017281+05:30,2026-05-12 17:04:53+05:30
PO12193948,0966209000,2054079209530273792gS2GP20261320600,166.00,2026-05-12 11:35:07.441962+05:30,2026-05-12 17:05:06+05:30
PO12339788,6117463000,EW1503638914334154752,132.00,2026-05-12 11:35:07.623642+05:30,2026-05-12 17:05:06+05:30
PO12555868,0597433902,EW1503638923989442560,172.00,2026-05-12 11:35:08.831729+05:30,2026-05-12 17:05:07+05:30
AL2270534,4348136524,PP01BX1012171061M158354414R61321012,151.00,2026-05-12 11:35:32.289703+05:30,2026-05-12 17:05:31+05:30
PO12080358,2764793000,EW1503639002330652672,332.00,2026-05-12 11:35:34.142987+05:30,2026-05-12 17:05:33+05:30
PO12015240,9532085812,953395485967,300.00,2026-05-12 11:35:38.679716+05:30,2026-05-12 17:05:37+05:30
PO12343547,2278153000,HGALP0C5EB0352519753,17.00,2026-05-12 11:35:43.735405+05:30,2026-05-12 17:05:42+05:30
PO12132410,6013364000,601500966259,162.00,2026-05-12 11:35:52.878905+05:30,2026-05-12 17:05:52+05:30
PO12378093,7983010100,EW1503639060304322560,1951.00,2026-05-12 11:36:01.587885+05:30,2026-05-12 17:06:00+05:30
PO12569337,1831592000,EW1503639051605336064,432.00,2026-05-12 11:36:02.078702+05:30,2026-05-12 17:06:00+05:30
PO12408855,4775603000,EW1503639153430454272,47.00,2026-05-12 11:36:12.453128+05:30,2026-05-12 17:06:11+05:30
PO14806439,7787343464,DHD5JB81JTCRZ3,200.00,2026-05-12 11:36:18.746298+05:30,2026-05-12 17:06:17+05:30
PO12228741,6076524000,607902282302,90.00,2026-05-12 11:36:32.833649+05:30,2026-05-12 17:06:32+05:30
PO12217606,4587234000,EW1503639256413200384,624.00,2026-05-12 11:36:38.504651+05:30,2026-05-12 17:06:37+05:30
PO12140220,2579720100,BBPSPP016132BX5DT0W8I660,48.00,2026-05-12 11:36:45.309359+05:30,2026-05-12 17:06:44+05:30
PO12341185,0509179069,28560715386,372.00,2026-05-12 11:36:48.801789+05:30,2026-05-12 17:06:47+05:30
PO12571535,3140877361,314761388896,250.00,2026-05-12 11:36:49.896547+05:30,2026-05-12 17:06:48+05:30
PO12015246,6786158849,DSBIUKB1JTCMQO,3000.00,2026-05-12 11:36:54.446742+05:30,2026-05-12 17:06:53+05:30
PO12128223,4444725000,HGALP120810352533556,220.00,2026-05-12 11:37:03.941410+05:30,2026-05-12 17:07:02+05:30
PO12563305,1949983000,BBPSSD016132BYDTAA262866,186.00,2026-05-12 11:37:25.535705+05:30,2026-05-12 17:07:24+05:30
PO12354601,2849652381,HGALP00C890352540627,651.00,2026-05-12 11:37:50.087956+05:30,2026-05-12 17:07:44+05:30
PO12366908,5258264000,BBPSPP016132BX77L0WAZ022,268.00,2026-05-12 11:38:24.399762+05:30,2026-05-12 17:08:23+05:30
PO12317744,1099304000,BBPSPP016132BX6OI0WB1193,863.00,2026-05-12 11:38:25.322794+05:30,2026-05-12 17:08:24+05:30
PO12536940,2019610642,DHD55BE1JTCZUW,588.00,2026-05-12 11:38:31.737688+05:30,2026-05-12 17:08:30+05:30
PO12390135,6887237955,688729846574,49.00,2026-05-12 11:38:33.608083+05:30,2026-05-12 17:08:32+05:30
PO12417770,8059928953,28560737728,5.00,2026-05-12 11:39:01.289937+05:30,2026-05-12 17:09:00+05:30
PO12576262,5153924000,BBPSPP016132BX2QU0WBW949,193.00,2026-05-12 11:39:02.864469+05:30,2026-05-12 17:09:01+05:30
PO12440493,5001531155,28560753274,365.00,2026-05-12 11:39:47.667989+05:30,2026-05-12 17:09:46+05:30
PO12567149,0138896217,EW1503640077137829888,80.00,2026-05-12 11:39:52.207018+05:30,2026-05-12 17:09:51+05:30
PO12044487,8129454146,812034284197,300.00,2026-05-12 11:39:55.820438+05:30,2026-05-12 17:09:55+05:30
PO12507937,7592073000,EW1503640143726600192,143.00,2026-05-12 11:39:55.892130+05:30,2026-05-12 17:09:54+05:30
PO12455626,2585133000,EW1503640187393499136,173.00,2026-05-12 11:40:03.744712+05:30,2026-05-12 17:10:02+05:30
PO12609470,1445541000,EW1503640197635989504,215.00,2026-05-12 11:40:04.746007+05:30,2026-05-12 17:10:03+05:30
PO12084213,6228979000,DHD5E6N1JTD27Z,16.00,2026-05-12 11:40:06.438332+05:30,2026-05-12 17:10:05+05:30
PO12069231,7847433000,784785005429,788.00,2026-05-12 11:40:17.052167+05:30,2026-05-12 17:10:16+05:30
PO12578310,6583754000,HGVRWFNZM5F4VE6I5V4QM5TSUJK61321139,400.00,2026-05-12 11:40:21.785085+05:30,2026-05-12 17:10:20+05:30
PO12623029,8131414000,EW1503640250249338880,2720.00,2026-05-12 11:40:35.759794+05:30,2026-05-12 17:10:34+05:30
PO12519308,7648664000,BBPSPP016132BX6OI0WET132,1490.00,2026-05-12 11:40:43.522436+05:30,2026-05-12 17:10:42+05:30
AL2794495,9123099323,912186593846,116855.00,2026-05-12 11:40:46.307776+05:30,2026-05-12 17:10:45+05:30
PO12371511,6555508000,EW1503640410987651072,841.00,2026-05-12 11:41:00.975835+05:30,2026-05-12 17:10:59+05:30
PO12178368,0177725000,DHD5UZT1JTDAZT,705.00,2026-05-12 11:41:06.413327+05:30,2026-05-12 17:11:05+05:30
PO12451772,9612113000,PP01BX1140428194VZQ8354597R61321140,240.00,2026-05-12 11:41:13.264897+05:30,2026-05-12 17:11:12+05:30
PO12562872,2489802963,28560777623,478.00,2026-05-12 11:41:28.672077+05:30,2026-05-12 17:11:27+05:30
PO12339642,1387403000,EW1503640524934307840,1551.00,2026-05-12 11:41:55.474616+05:30,2026-05-12 17:11:54+05:30
PO12500907,5726438000,BBPSPP016132BX0QC0WH1940,1745.00,2026-05-12 11:42:03.408429+05:30,2026-05-12 17:12:02+05:30
PO12308621,3864903000,386198974821,1444.00,2026-05-12 11:42:16.276168+05:30,2026-05-12 17:12:15+05:30
PO12371465,0515967000,EW1503640688407306240,548.00,2026-05-12 11:42:18.001030+05:30,2026-05-12 17:12:16+05:30
PO12350444,7370819000,737263559747,2456.00,2026-05-12 11:42:29.309702+05:30,2026-05-12 17:12:28+05:30
PO12296857,0087682239,EW1503640808540561408,1000.00,2026-05-12 11:42:56.094575+05:30,2026-05-12 17:12:54+05:30
PO12412616,5085554000,EW1503640871656448000,574.00,2026-05-12 11:43:19.004551+05:30,2026-05-12 17:13:17+05:30
PO12549379,5865654000,DHD5NAC1JTDKRT,400.00,2026-05-12 11:43:35.158488+05:30,2026-05-12 17:13:34+05:30
PO12061429,7195929000,719701744207,250.00,2026-05-12 11:43:36.424028+05:30,2026-05-12 17:13:35+05:30
PO12275332,5597634000,DHD5KO91JTDMWD,253.00,2026-05-12 11:43:52.696172+05:30,2026-05-12 17:13:51+05:30
PO12544389,4854032000,EW1503641104788447232,266.00,2026-05-12 11:44:05.762920+05:30,2026-05-12 17:14:04+05:30
PO12049467,8508135822,850473248536,250.00,2026-05-12 11:44:13.134961+05:30,2026-05-12 17:14:12+05:30
PO12127447,2610613000,261804659042,172.00,2026-05-12 11:44:26.921507+05:30,2026-05-12 17:14:26+05:30
PO12563292,5310618384,EW1503641301849432064,45.00,2026-05-12 11:44:58.991744+05:30,2026-05-12 17:14:57+05:30
PO12406979,7231983000,EW1503641333931663360,378.00,2026-05-12 11:45:02.281087+05:30,2026-05-12 17:15:01+05:30
PO12159762,6097829000,HGALP0ADB50352619510,200.00,2026-05-12 11:45:04.089302+05:30,2026-05-12 17:15:02+05:30
PO12115082,5929094000,EW1503641368845049856,163.00,2026-05-12 11:45:18.188136+05:30,2026-05-12 17:15:16+05:30
PO12259437,1021392990,EW1503641411031359488,204.00,2026-05-12 11:45:42.562757+05:30,2026-05-12 17:15:41+05:30
PO12473386,2300294000,EW1503641483613790208,204.00,2026-05-12 11:45:53.842111+05:30,2026-05-12 17:15:52+05:30
PO12434749,0770923000,HGALP0E34C0352631548,50.00,2026-05-12 11:46:03.060075+05:30,2026-05-12 17:16:01+05:30
PO12050165,0559443000,EW1503641688488763392,309.00,2026-05-12 11:46:18.804882+05:30,2026-05-12 17:16:17+05:30
PO12405637,4177042732,EW1503641719413366784,378.00,2026-05-12 11:46:21.051561+05:30,2026-05-12 17:16:19+05:30
PO12622963,2289131281,EW1503641719014907904,215.00,2026-05-12 11:46:23.176168+05:30,2026-05-12 17:16:21+05:30
PO12060916,8694049778,HGALP011D00352633043,74.00,2026-05-12 11:46:23.918179+05:30,2026-05-12 17:16:22+05:30
PO12063754,9448814499,ZQYTZDYIPJX7KU5GKKTI3UO9T5P61321146,2011.00,2026-05-12 11:46:44.441912+05:30,2026-05-12 17:16:43+05:30
PO12566427,9915123000,EW1503641933062823936,186.00,2026-05-12 11:47:07.164606+05:30,2026-05-12 17:17:05+05:30
PO14809088,3207221007,EW1503641939358474240,410.00,2026-05-12 11:47:07.964753+05:30,2026-05-12 17:17:06+05:30
PO12530666,6623774000,EW1503641965916807168,17.00,2026-05-12 11:47:12.985473+05:30,2026-05-12 17:17:11+05:30
PO12243607,8316308840,28560846729,262.00,2026-05-12 11:47:26.274195+05:30,2026-05-12 17:17:25+05:30
PO12094533,1746999000,2053611635995312128YUdPa2UK61302302,185.00,2026-05-12 11:47:45.698526+05:30,2026-05-12 17:17:44+05:30
PO12410592,0757843000,EW1503642096825229312,396.00,2026-05-12 11:47:48.671233+05:30,2026-05-12 17:17:47+05:30
PO12046105,3802603967,BBPSPP016132BX4YY0WR4950,59.00,2026-05-12 11:48:07.667118+05:30,2026-05-12 17:18:06+05:30
PO12624461,6253473000,625496545345,398.00,2026-05-12 11:48:11.454730+05:30,2026-05-12 17:18:10+05:30
PO12077439,5479353000,EW1503642291097001984,228.00,2026-05-12 11:48:23.504693+05:30,2026-05-12 17:18:22+05:30
PO12281513,3480852851,EW1503642406423584768,494.00,2026-05-12 11:48:56.709621+05:30,2026-05-12 17:18:55+05:30
PO12388767,4823803000,EW1503642432939974656,204.00,2026-05-12 11:48:57.905727+05:30,2026-05-12 17:18:56+05:30
PO12066999,5930838785,593474666133,500.00,2026-05-12 11:49:15.150431+05:30,2026-05-12 17:19:14+05:30
PO12165717,3958398000,BBPSBD016132BALAAAJWRER6,500.00,2026-05-12 11:49:22.913170+05:30,2026-05-12 17:19:21+05:30
PO12135734,3884858000,28560883404,146.00,2026-05-12 11:49:27.454479+05:30,2026-05-12 17:19:26+05:30
PO12653536,2360579631,28560886110,153.00,2026-05-12 11:49:42.487303+05:30,2026-05-12 17:19:41+05:30
PO12510230,2149392000,EW1503642582634684416,2978.00,2026-05-12 11:49:48.314331+05:30,2026-05-12 17:19:47+05:30
PO12536940,2019610642,DHD5T5T1JTE72L,4.00,2026-05-12 11:49:53.215604+05:30,2026-05-12 17:19:52+05:30
PO12452268,2197224000,DHD5ULX1JTDHPL,500.00,2026-05-12 11:50:06.114641+05:30,2026-05-12 17:20:05+05:30
PO12215476,3762314000,DHD509P1JTDQCY,500.00,2026-05-12 11:50:10.336183+05:30,2026-05-12 17:20:09+05:30
PO12246657,9851273120,DHD55LU1JTDP3I,174.00,2026-05-12 11:50:10.435022+05:30,2026-05-12 17:20:09+05:30
PO12137861,2762479000,DHD56DW1JTE2C2,617.00,2026-05-12 11:50:11.067277+05:30,2026-05-12 17:20:09+05:30
PO14809984,1506922000,EW1503642738897674240,871.00,2026-05-12 11:50:19.397307+05:30,2026-05-12 17:20:18+05:30
PO12295174,3452370918,EW1503642855927144448,34.00,2026-05-12 11:51:03.885008+05:30,2026-05-12 17:21:02+05:30
PO12594053,9474973000,EW1503642869898371072,108.00,2026-05-12 11:51:16.104639+05:30,2026-05-12 17:21:14+05:30
PO12530645,6601804231,EW1503642885299855360,478.00,2026-05-12 11:51:17.682909+05:30,2026-05-12 17:21:16+05:30
PO12018150,8297714570,EW1503642942526939136,236.00,2026-05-12 11:51:24.186059+05:30,2026-05-12 17:21:23+05:30
PO12146663,7992874647,HGALP049F10352688389,697.00,2026-05-12 11:51:24.799303+05:30,2026-05-12 17:21:23+05:30
PO12066987,0872284000,087280175853,3000.00,2026-05-12 11:51:32.384278+05:30,2026-05-12 17:21:31+05:30
PO12254823,7318654000,EW1503643048558944256,434.00,2026-05-12 11:51:58.281624+05:30,2026-05-12 17:21:57+05:30
PO12459216,2470994000,247684325403,100.00,2026-05-12 11:52:00.652987+05:30,2026-05-12 17:22:00+05:30
PO12563998,3646973000,BBPSPU016132X4UJVIUR1900,155.00,2026-05-12 11:52:02.924765+05:30,2026-05-12 17:22:01+05:30
PO12294822,5767958044,HGALP1631C0352695800,101.00,2026-05-12 11:52:06.544974+05:30,2026-05-12 17:22:05+05:30
PO12575796,7470184000,DHD5SRP1JTEK0F,181.00,2026-05-12 11:52:07.049265+05:30,2026-05-12 17:22:05+05:30
PO12419168,9887237801,EW1503643095245742080,81.00,2026-05-12 11:52:07.346386+05:30,2026-05-12 17:22:06+05:30
PO12162454,6058115689,HGVR7I7TT6X359ZEQPBJN10CCHT61321151,2476.00,2026-05-12 11:52:11.169421+05:30,2026-05-12 17:22:10+05:30
PO12624900,8859464000,PP01BX115202599NPRK8658183R61321152,26.00,2026-05-12 11:52:21.535417+05:30,2026-05-12 17:22:20+05:30
PO12134383,2511403078,EW1503643223264288768,70.00,2026-05-12 11:52:39.707807+05:30,2026-05-12 17:22:38+05:30
PO12233707,5590269334,559185680711,1672.00,2026-05-12 11:53:19.235151+05:30,2026-05-12 17:23:18+05:30
AL2269018,4789504000,EW1503643395549519872,702.00,2026-05-12 11:53:20.756162+05:30,2026-05-12 17:23:19+05:30
PO12429220,3113924000,EW1503643422149795840,187.00,2026-05-12 11:53:21.547690+05:30,2026-05-12 17:23:20+05:30
PO12475742,6614222954,EW1503643479301382144,3791.00,2026-05-12 11:53:32.951903+05:30,2026-05-12 17:23:31+05:30
PO12268292,6847223000,684589174269,500.00,2026-05-12 11:53:39.619367+05:30,2026-05-12 17:23:39+05:30
PO12224569,4483212179,BBPSPP016132BX1AN0X0S771,93.00,2026-05-12 11:53:45.660259+05:30,2026-05-12 17:23:44+05:30
PO12351008,1299228000,EW1503643529372983296,610.00,2026-05-12 11:53:57.334777+05:30,2026-05-12 17:23:56+05:30
PO12466118,9803946560,28560954809,1000.00,2026-05-12 11:54:23.052522+05:30,2026-05-12 17:24:21+05:30
PO12405224,4629904000,BBPSDP216132V6BIDNOLWXYC,49.00,2026-05-12 11:54:43.951452+05:30,2026-05-12 17:24:42+05:30
PO12083908,7328809000,732335659443,260.00,2026-05-12 11:54:45.827047+05:30,2026-05-12 17:24:45+05:30
AL2277616,8518994364,851543599223,340.00,2026-05-12 11:55:00.434877+05:30,2026-05-12 17:24:59+05:30
PO12624900,8859464000,BBPSPP016132BX6G20X2Y149,4.00,2026-05-12 11:55:02.554728+05:30,2026-05-12 17:25:01+05:30
PO12296389,7480623000,HGALP00FA40352725498,195.00,2026-05-12 11:55:06.105062+05:30,2026-05-12 17:25:05+05:30
PO12575566,0101744000,BBPSBD016132BALAAAJWRTOL,284.00,2026-05-12 11:55:07.137843+05:30,2026-05-12 17:25:06+05:30
PO12284479,6199889000,EW1503643873662427136,410.00,2026-05-12 11:55:20.847369+05:30,2026-05-12 17:25:19+05:30
PO12515855,1456353000,EW1503643869438763008,254.00,2026-05-12 11:55:22.392085+05:30,2026-05-12 17:25:21+05:30
PO14813193,7671867000,HGALP1289E0352729409,469.00,2026-05-12 11:55:23.610930+05:30,2026-05-12 17:25:22+05:30
PO12297444,0646688000,PP01BX061617077ACBZ9345176R61310616,202.00,2026-05-12 11:55:33.686183+05:30,2026-05-12 17:25:32+05:30
PO12290310,3229385269,EW1503644034333630464,74.00,2026-05-12 11:55:42.876076+05:30,2026-05-12 17:25:41+05:30
AL2799947,0955614000,EW1503644048866893824,386.00,2026-05-12 11:55:43.658356+05:30,2026-05-12 17:25:42+05:30
PO12361910,9826210100,HGALP10EE50352733298,1240.00,2026-05-12 11:55:45.621394+05:30,2026-05-12 17:25:44+05:30
PO12361912,8300819000,HGALP0578A0352741868,152.00,2026-05-12 11:56:42.825019+05:30,2026-05-12 17:26:41+05:30
PO12549380,0370184000,DHD5CZA1JTF2Y4,400.00,2026-05-12 11:56:48.839754+05:30,2026-05-12 17:26:47+05:30
PO12518426,3675004000,EW1503644387728908288,229.00,2026-05-12 11:57:17.526356+05:30,2026-05-12 17:27:16+05:30
PO12165502,4415929000,441641007272,4800.00,2026-05-12 11:57:21.667662+05:30,2026-05-12 17:27:20+05:30
PO12226144,7652328000,28560997666,500.00,2026-05-12 11:57:26.313434+05:30,2026-05-12 17:27:25+05:30
PO12499884,4736019000,28560997673,280.00,2026-05-12 11:57:30.249358+05:30,2026-05-12 17:27:29+05:30
PO12098941,7022253000,W1E4WFP9PKHKEVM52AID0APVA4I61270026,2000.00,2026-05-12 11:57:37.085014+05:30,2026-05-12 17:27:35+05:30
PO12129011,5534074000,EW1503644507082022912,267.00,2026-05-12 11:57:37.420174+05:30,2026-05-12 17:27:36+05:30
PO12151742,7791082000,DHD5G131JTF7A9,69.00,2026-05-12 11:57:46.380654+05:30,2026-05-12 17:27:45+05:30
PO12379170,1566648000,HGALP032C50352753807,1149.00,2026-05-12 11:57:46.666704+05:30,2026-05-12 17:27:44+05:30
PO12122700,7829330100,EW1503644611335643136,144.00,2026-05-12 11:58:21.817945+05:30,2026-05-12 17:28:20+05:30
PO12287476,2786044012,DHD5YB61JTF6ZY,323.00,2026-05-12 11:58:25.230753+05:30,2026-05-12 17:28:24+05:30
PO12399985,3557465854,EW1503644702511423488,1272.00,2026-05-12 11:58:33.012012+05:30,2026-05-12 17:28:31+05:30
PO12409573,6221674000,EW1503644730361602048,132.00,2026-05-12 11:58:37.646745+05:30,2026-05-12 17:28:36+05:30
PO12341146,5089791543,EW1503644714783956992,1028.00,2026-05-12 11:58:38.563043+05:30,2026-05-12 17:28:37+05:30
PO12055368,9599684000,HGALP0355F0352764115,182.00,2026-05-12 11:58:44.716082+05:30,2026-05-12 17:28:43+05:30
PO12132809,7904527756,EW1503644821222809600,33.00,2026-05-12 11:58:58.691546+05:30,2026-05-12 17:28:57+05:30
PO12140209,0304068000,EW1503644859617468416,110.00,2026-05-12 11:59:02.136032+05:30,2026-05-12 17:29:01+05:30
PO12126065,0250463000,HGALP0A29D0352766714,290.00,2026-05-12 11:59:03.208454+05:30,2026-05-12 17:29:02+05:30
PO12459490,7631594000,EW1503644891309629440,2636.00,2026-05-12 11:59:04.802668+05:30,2026-05-12 17:29:03+05:30
PO12314960,6797602799,EW1503644893910097920,60.00,2026-05-12 11:59:13.631173+05:30,2026-05-12 17:29:12+05:30
PO12233934,6277463000,PP01BX1159036635GYE4499269R61321159,83.00,2026-05-12 11:59:17.572568+05:30,2026-05-12 17:29:16+05:30
PO12080646,3452294000,345667708561,100.00,2026-05-12 11:59:23.669710+05:30,2026-05-12 17:29:23+05:30
PO12227181,0524320100,28561021729,131.00,2026-05-12 11:59:24.956160+05:30,2026-05-12 17:29:23+05:30
PO12540292,0724242921,EW1503644987271110656,156.00,2026-05-12 11:59:25.498326+05:30,2026-05-12 17:29:24+05:30
PO12055368,9599684000,HGALP0F8770352772894,4.00,2026-05-12 11:59:44.933674+05:30,2026-05-12 17:29:43+05:30
PO12450783,6889573506,SD01231778567377025C2BE435B61321159,300.00,2026-05-12 12:00:01.844959+05:30,2026-05-12 17:30:00+05:30
PO12017703,9560648000,DHD53XB1JTFE9N,250.00,2026-05-12 12:00:12.214735+05:30,2026-05-12 17:30:11+05:30
PO12158972,2459978000,DHD5FR51JTEV6Z,200.00,2026-05-12 12:00:12.266053+05:30,2026-05-12 17:30:11+05:30
AL2276455,6987253000,DHD5L5S1JTEP9P,155.00,2026-05-12 12:00:13.043017+05:30,2026-05-12 17:30:11+05:30
PO12408650,5268554000,28561036573,1872.00,2026-05-12 12:00:21.347201+05:30,2026-05-12 17:30:20+05:30
PO12578245,6562613000,BBPSBD016132BALAAAJWR7C1,56.00,2026-05-12 12:00:24.831246+05:30,2026-05-12 17:30:23+05:30
PO12020452,2278412214,DHD5PD51JTFJAE,2500.00,2026-05-12 12:00:52.553642+05:30,2026-05-12 17:30:51+05:30
PO12453440,9340227792,EW1503645659471241216,250.00,2026-05-12 12:01:00.785787+05:30,2026-05-12 17:30:59+05:30
PO12487182,3172692000,PP01BX064159857MTOG5564592R61310641,419.00,2026-05-12 12:01:04.401183+05:30,2026-05-12 17:31:03+05:30
PO12173849,7333438000,PP01BX020200308VPWQ6379898R61260202,65.00,2026-05-12 12:01:08.116070+05:30,2026-05-12 17:31:06+05:30
PO12176101,8524114921,EW1503645389836214272,769.00,2026-05-12 12:01:33.330955+05:30,2026-05-12 17:31:32+05:30
PO12180533,8035570405,EW1503645400028372992,113.00,2026-05-12 12:01:35.620408+05:30,2026-05-12 17:31:34+05:30
PO12007694,0700846000,EW1503645410824511488,151.00,2026-05-12 12:01:36.316444+05:30,2026-05-12 17:31:35+05:30
PO12060595,2739310482,EW1503645401953558528,1189.00,2026-05-12 12:01:38.443843+05:30,2026-05-12 17:31:37+05:30
PO12548637,2626178708,EW1503645541342863360,79.00,2026-05-12 12:02:06.414767+05:30,2026-05-12 17:32:05+05:30
PO12310819,9801494000,980386967904,1008.00,2026-05-12 12:02:24.496175+05:30,2026-05-12 17:32:23+05:30
PO12120983,1386767000,EW1503645645961388032,312.00,2026-05-12 12:02:25.029764+05:30,2026-05-12 17:32:23+05:30
PO12102575,2741786941,EW1503645700491534336,466.00,2026-05-12 12:02:39.317766+05:30,2026-05-12 17:32:38+05:30
PO12096680,6064789000,606029267874,1200.00,2026-05-12 12:02:49.062808+05:30,2026-05-12 17:32:48+05:30
AL2274135,3463524888,EW1503645742942085120,175.00,2026-05-12 12:02:52.654411+05:30,2026-05-12 17:32:51+05:30
PO12524332,2041454000,EW1503645755990564864,109.00,2026-05-12 12:02:55.085829+05:30,2026-05-12 17:32:53+05:30
PO12322198,8570483000,DHD5BDX1JTFVFD,4519.00,2026-05-12 12:03:05.428408+05:30,2026-05-12 17:33:04+05:30
PO12308188,0385321685,EW1503645819202920448,231.00,2026-05-12 12:03:08.090400+05:30,2026-05-12 17:33:06+05:30
PO12507436,3043295969,28561079306,1.00,2026-05-12 12:03:16.625169+05:30,2026-05-12 17:33:15+05:30
PO12539948,1682992000,EW1503645903458099200,834.00,2026-05-12 12:03:17.930742+05:30,2026-05-12 17:33:16+05:30
PO12154681,3133035000,EW1503645913218244608,196.00,2026-05-12 12:03:20.252093+05:30,2026-05-12 17:33:19+05:30
PO12127407,8543509117,BBPSPP016132BX0J00XGT790,272.00,2026-05-12 12:03:23.371933+05:30,2026-05-12 17:33:22+05:30
PO12274474,2889934000,EW1503646072987672576,103.00,2026-05-12 12:03:48.907597+05:30,2026-05-12 17:33:47+05:30
SE10003007,1130703829,DSBIVWX1JTFUFC,81403.00,2026-05-12 12:04:06.475087+05:30,2026-05-12 17:34:05+05:30
PO12571479,3319903000,BFLBBPSYysqizbb9yt4qobcacBB61321203,49.00,2026-05-12 12:04:07.024612+05:30,2026-05-12 17:34:05+05:30
PO12252949,3212213000,EW1503646161789476864,577.00,2026-05-12 12:04:09.621963+05:30,2026-05-12 17:34:08+05:30
PO12048219,3942972000,PP01BX1154506390MWN5398730R61321154,4273.00,2026-05-12 12:04:12.173851+05:30,2026-05-12 17:34:11+05:30
PO12247300,6737555700,EW1503646240231350272,55.00,2026-05-12 12:04:20.351378+05:30,2026-05-12 17:34:19+05:30
PO12248781,6323874000,EW1503646251522416640,359.00,2026-05-12 12:04:21.851662+05:30,2026-05-12 17:34:20+05:30
PO12193948,0966209000,BBPSPU016132CINEBA3S4580,9.00,2026-05-12 12:04:25.016145+05:30,2026-05-12 17:34:23+05:30
PO12213224,3292684029,329617512940,57.00,2026-05-12 12:04:35.547755+05:30,2026-05-12 17:34:34+05:30
PO12522140,5634944000,28561097206,254.00,2026-05-12 12:04:44.052030+05:30,2026-05-12 17:34:42+05:30
PO12119778,5381904000,EW1503646416832520192,197.00,2026-05-12 12:04:44.231967+05:30,2026-05-12 17:34:43+05:30
PO14813193,7671867000,28561090565,4.00,2026-05-12 12:04:44.933897+05:30,2026-05-12 17:34:43+05:30
PO12084137,1754918000,175110093524,500.00,2026-05-12 12:04:46.642013+05:30,2026-05-12 17:34:45+05:30
PO12563347,9598994000,EW1503646460365201408,413.00,2026-05-12 12:04:57.159227+05:30,2026-05-12 17:34:56+05:30
PO12462143,2097443000,EW1503646458586816512,93.00,2026-05-12 12:05:01.454174+05:30,2026-05-12 17:35:00+05:30
PO12247297,7297074971,EW1503646522424123392,69.00,2026-05-12 12:05:12.022091+05:30,2026-05-12 17:35:10+05:30
AL2275198,4614384000,461783776822,5700.00,2026-05-12 12:05:19.053192+05:30,2026-05-12 17:35:18+05:30
PO12555217,8523163223,EW1503646641668186114,360.00,2026-05-12 12:05:41.235042+05:30,2026-05-12 17:35:40+05:30
PO12560755,3818923494,DHMPKN31JTGAY0,3000.00,2026-05-12 12:06:25.089553+05:30,2026-05-12 17:36:23+05:30
PO12084901,8667644435,866783113885,400.00,2026-05-12 12:06:32.506844+05:30,2026-05-12 17:36:31+05:30
PO12557063,2923473000,EW1503646960951189504,149.00,2026-05-12 12:06:39.151897+05:30,2026-05-12 17:36:38+05:30
PO12369479,9497309466,EW1503647090861367296,627.00,2026-05-12 12:07:16.441043+05:30,2026-05-12 17:37:15+05:30
PO12129281,6038663000,EW1503647077116633088,65.00,2026-05-12 12:07:17.004285+05:30,2026-05-12 17:37:15+05:30
PO12533789,4384894000,EW1503647118061428736,3352.00,2026-05-12 12:07:28.625818+05:30,2026-05-12 17:37:27+05:30
PO12060614,5769584000,DSBIBU71JTGA6K,1500.00,2026-05-12 12:07:35.556474+05:30,2026-05-12 17:37:34+05:30
PO12601895,8654392000,EW1503647247447318528,146.00,2026-05-12 12:07:56.512465+05:30,2026-05-12 17:37:55+05:30
PO12338134,4413194000,28561145479,117.00,2026-05-12 12:07:58.594536+05:30,2026-05-12 17:37:57+05:30
PO12531592,0858694000,085396439018,31.00,2026-05-12 12:07:59.074508+05:30,2026-05-12 17:37:58+05:30
PO12616325,8410174000,EW1503647272978046976,1446.00,2026-05-12 12:07:59.340875+05:30,2026-05-12 17:37:58+05:30
PO12352085,9253109000,EW1503647271820419072,279.00,2026-05-12 12:08:01.935449+05:30,2026-05-12 17:38:00+05:30
PO12565927,8553478216,EW1503647276509650944,78.00,2026-05-12 12:08:02.525482+05:30,2026-05-12 17:38:01+05:30
PO12087403,2073484000,BBPSTJ016132120743E037D8,500.00,2026-05-12 12:08:26.060448+05:30,2026-05-12 17:38:24+05:30
PO12553055,5431403000,HGVR145I2BTAHAZP7WR4DPS9V4H61321208,484.00,2026-05-12 12:08:39.563400+05:30,2026-05-12 17:38:38+05:30
PO12540578,9925262061,PP01BX130805709IOTU4430841R61311308,47.00,2026-05-12 12:08:39.640428+05:30,2026-05-12 17:38:38+05:30
PO12597325,1900968675,BBPSPP016132BX3MN0XPX949,5265.00,2026-05-12 12:09:02.850304+05:30,2026-05-12 17:39:01+05:30
PO12390970,0539163948,HGALP0D70D0352870412,17.00,2026-05-12 12:09:05.119794+05:30,2026-05-12 17:39:04+05:30
PO12338134,4413194000,28561167879,3.00,2026-05-12 12:09:31.973270+05:30,2026-05-12 17:39:30+05:30
PO12510924,4654692000,EW1503647701816270848,464.00,2026-05-12 12:09:54.303756+05:30,2026-05-12 17:39:53+05:30
PO12522140,5634944000,28561174921,4.00,2026-05-12 12:09:59.255638+05:30,2026-05-12 17:39:58+05:30
PO12455226,4908349835,DHD5YPI1JTFVKD,20.00,2026-05-12 12:10:06.946355+05:30,2026-05-12 17:40:05+05:30
PO12455226,4908349835,DHD5OJW1JTFISS,100.00,2026-05-12 12:10:08.062479+05:30,2026-05-12 17:40:06+05:30
PO12135746,5567569000,556360872930,130.00,2026-05-12 12:10:11.174503+05:30,2026-05-12 17:40:10+05:30
PO12246442,4578692000,EW1503647837338427392,73.00,2026-05-12 12:10:14.642953+05:30,2026-05-12 17:40:13+05:30
PO12232091,9798193000,EW1503647901439975424,389.00,2026-05-12 12:10:36.079529+05:30,2026-05-12 17:40:34+05:30
PO12627527,3256323070,28561186281,800.00,2026-05-12 12:10:48.715095+05:30,2026-05-12 17:40:47+05:30
PO12475742,6614222954,661657345151,117.00,2026-05-12 12:10:50.521057+05:30,2026-05-12 17:40:49+05:30
PO12432334,4900378000,490692553375,200.00,2026-05-12 12:10:52.383342+05:30,2026-05-12 17:40:51+05:30
PO12076198,0352941736,HGVRY7SW2A7U6VIX7KW3X4ZHTI961321210,38.00,2026-05-12 12:11:12.781342+05:30,2026-05-12 17:41:11+05:30
PO12463586,5944130396,HGALP0FC610352900848,100.00,2026-05-12 12:12:03.445567+05:30,2026-05-12 17:42:02+05:30
PO12259234,0158703000,28561207561,111.00,2026-05-12 12:12:04.018168+05:30,2026-05-12 17:42:02+05:30
PO12415611,5943314000,EW1503648339425976320,48.00,2026-05-12 12:12:19.555747+05:30,2026-05-12 17:42:18+05:30
PO12026055,9554748723,955780522295,40.00,2026-05-12 12:12:41.163686+05:30,2026-05-12 17:42:40+05:30
PO12366558,0395986619,DHMPVCA1JTH4JU,86.00,2026-05-12 12:13:06.922237+05:30,2026-05-12 17:43:05+05:30
PO12145239,9293873000,EW1503648492866199552,303.00,2026-05-12 12:13:13.120604+05:30,2026-05-12 17:43:12+05:30
PO12290807,7011410528,701765347097,500.00,2026-05-12 12:13:29.385736+05:30,2026-05-12 17:43:28+05:30
PO12397993,2937113000,EW1503648587581972480,376.00,2026-05-12 12:13:31.143786+05:30,2026-05-12 17:43:30+05:30
PO12602443,0807974000,EW1503648646646161408,494.00,2026-05-12 12:13:40.976335+05:30,2026-05-12 17:43:39+05:30
PO12304018,2995604000,BBPSPP016132BX1AN0XXP532,1500.00,2026-05-12 12:13:45.257851+05:30,2026-05-12 17:43:44+05:30
PO12624098,9646374588,EW1503648690321448960,2208.00,2026-05-12 12:13:45.836939+05:30,2026-05-12 17:43:44+05:30
PO12258063,3637763000,EW1503648679571447808,113.00,2026-05-12 12:13:47.077411+05:30,2026-05-12 17:43:45+05:30
PO12468646,2433997000,DHD5EM51JTH7JA,55.00,2026-05-12 12:13:48.299140+05:30,2026-05-12 17:43:47+05:30
PO12066647,2411354798,241729782969,140.00,2026-05-12 12:13:50.901716+05:30,2026-05-12 17:43:50+05:30
PO12598768,0482213000,DHD5S3R1JTH8CW,50.00,2026-05-12 12:14:11.787689+05:30,2026-05-12 17:44:10+05:30
PO14803457,0106543000,010566018386,1000.00,2026-05-12 12:14:12.970199+05:30,2026-05-12 17:44:12+05:30
AL2270443,2925153000,EW1503648783602769920,334.00,2026-05-12 12:14:40.387922+05:30,2026-05-12 17:44:39+05:30
PO12372831,5935720100,2052630714225872896vcR2KRLB61280604,67.00,2026-05-12 12:15:05.649622+05:30,2026-05-12 17:45:04+05:30
PO12046030,1840672633,EW1503649055825682432,182.00,2026-05-12 12:15:27.846332+05:30,2026-05-12 17:45:26+05:30
PO14806439,7787343464,DHD5E381JTHES9,300.00,2026-05-12 12:15:28.986372+05:30,2026-05-12 17:45:27+05:30
PO12132207,4009754000,BBPSPP016131BX2QU0XKO834,772.00,2026-05-12 12:15:45.187791+05:30,2026-05-12 17:45:44+05:30
PO12050192,5945736614,PP01BX121338470HEWN2112153R61321213,587.00,2026-05-12 12:15:49.917364+05:30,2026-05-12 17:45:48+05:30
PO12250271,9439144000,DHD54331JTHHJJ,187.00,2026-05-12 12:16:12.054963+05:30,2026-05-12 17:46:10+05:30
PO12336917,0253843000,025396741254,500.00,2026-05-12 12:16:23.632883+05:30,2026-05-12 17:46:22+05:30
PO12253632,7876918091,EW1503649336131018752,454.00,2026-05-12 12:16:44.108333+05:30,2026-05-12 17:46:43+05:30
PO12278982,0579322143,EW1503649389147021312,176.00,2026-05-12 12:16:53.372539+05:30,2026-05-12 17:46:52+05:30
PO12050192,5945736614,PP01BX121643488GXLA8354434R61321216,10.00,2026-05-12 12:17:29.038905+05:30,2026-05-12 17:47:27+05:30
PO12473991,0814113000,HGALP00AC80352960499,293.00,2026-05-12 12:17:42.595782+05:30,2026-05-12 17:47:41+05:30
PO12495694,1154098000,BBPSPP016132BX4AK0Y56272,156.00,2026-05-12 12:18:08.089980+05:30,2026-05-12 17:48:07+05:30
AL2275411,6200684000,DHD5AC91JTHPMR,900.00,2026-05-12 12:18:12.389376+05:30,2026-05-12 17:48:11+05:30
PO12044313,1789683000,DSBIUCX1JTHN87,180.00,2026-05-12 12:18:17.277593+05:30,2026-05-12 17:48:16+05:30
PO12434575,8880669472,DHD53BN1JTHR8P,1000.00,2026-05-12 12:18:17.900000+05:30,2026-05-12 17:48:16+05:30
PO12108049,0526610100,28561265484,135.00,2026-05-12 12:18:28.368917+05:30,2026-05-12 17:48:27+05:30
PO12147285,6515614000,EW1503649775144624128,810.00,2026-05-12 12:18:41.956694+05:30,2026-05-12 17:48:40+05:30
PO12507436,3043295969,28561303227,50.00,2026-05-12 12:18:53.622165+05:30,2026-05-12 17:48:52+05:30
PO12487560,5212843000,HGALP039B50352974873,11.00,2026-05-12 12:19:06.039443+05:30,2026-05-12 17:49:04+05:30
PO12555977,2104303000,28561316493,120.00,2026-05-12 12:19:57.027935+05:30,2026-05-12 17:49:55+05:30
PO12416713,9603849000,EW1503650226166521856,792.00,2026-05-12 12:20:07.252694+05:30,2026-05-12 17:50:06+05:30
PO12428188,5941923000,BBPSEU0161329a74926fbb51,143.00,2026-05-12 12:20:07.373437+05:30,2026-05-12 17:50:06+05:30
PO12542655,4257427326,DHD5T3G1JTH03D,500.00,2026-05-12 12:20:07.850076+05:30,2026-05-12 17:50:06+05:30
PO12346285,5424941885,DHD51M51JTGXJ2,50.00,2026-05-12 12:20:08.001274+05:30,2026-05-12 17:50:06+05:30
PO12367183,2060103000,EW1503650246974464000,117.00,2026-05-12 12:20:09.309187+05:30,2026-05-12 17:50:08+05:30
PO12617867,5111863000,EW1503650235440128000,1659.00,2026-05-12 12:20:10.219662+05:30,2026-05-12 17:50:09+05:30
PO12569250,7469954000,EW1503650246848634880,1965.00,2026-05-12 12:20:11.786587+05:30,2026-05-12 17:50:10+05:30
PO12472620,0863265291,DHD5Y0W1JTH1EA,500.00,2026-05-12 12:20:12.220959+05:30,2026-05-12 17:50:11+05:30
PO12050470,8340935181,DHD5ANT1JTHENA,1000.00,2026-05-12 12:20:14.715451+05:30,2026-05-12 17:50:13+05:30
PO12616236,8188014000,EW1503650302435745792,505.00,2026-05-12 12:20:16.278138+05:30,2026-05-12 17:50:15+05:30
PO12404681,9549253000,EW1503650401207410688,190.00,2026-05-12 12:20:28.414882+05:30,2026-05-12 17:50:27+05:30
PO12534249,0422543000,HGALP003220352991184,86.00,2026-05-12 12:20:44.779146+05:30,2026-05-12 17:50:43+05:30
PO12303925,9972649000,997649422382,1307.00,2026-05-12 12:20:47.378142+05:30,2026-05-12 17:50:46+05:30
PO12016434,9588684000,958125525029,500.00,2026-05-12 12:21:04.041656+05:30,2026-05-12 17:51:03+05:30
PO12267226,8148910100,EW1503650466999263232,1728.00,2026-05-12 12:21:04.731632+05:30,2026-05-12 17:51:03+05:30
PO12451617,0261392000,DHD5UAL1JTI3UP,20.00,2026-05-12 12:21:08.433308+05:30,2026-05-12 17:51:07+05:30
PO12522301,2435244000,EW1503650510171234304,164.00,2026-05-12 12:21:14.250144+05:30,2026-05-12 17:51:13+05:30
PO12224139,2157435568,DHD55TX1JTI669,100.00,2026-05-12 12:21:28.690040+05:30,2026-05-12 17:51:27+05:30
PO12290895,5517474008,EW1503650637472555008,132.00,2026-05-12 12:21:28.998360+05:30,2026-05-12 17:51:27+05:30
PO12456464,3714904000,EW1503650641457143808,379.00,2026-05-12 12:21:29.924502+05:30,2026-05-12 17:51:28+05:30
PO12091390,7038394000,EW1503650654149107712,221.00,2026-05-12 12:21:51.359056+05:30,2026-05-12 17:51:50+05:30
PO12592555,0151524000,EW1503650660977434624,453.00,2026-05-12 12:21:52.033920+05:30,2026-05-12 17:51:50+05:30
PO12414275,7917892000,BBPSPU016132IIKN4ERM6726,585.00,2026-05-12 12:22:05.318150+05:30,2026-05-12 17:52:04+05:30
PO12617873,0427543000,EW1503650812949651456,1163.00,2026-05-12 12:22:06.200741+05:30,2026-05-12 17:52:05+05:30
PO12508246,3863174000,EW1503650805420875776,129.00,2026-05-12 12:22:09.387938+05:30,2026-05-12 17:52:08+05:30
PO12290542,1798974000,EW1503650869132353536,166.00,2026-05-12 12:22:21.558107+05:30,2026-05-12 17:52:20+05:30
PO12033504,5548746000,EW1503651039932801024,231.00,2026-05-12 12:22:49.906709+05:30,2026-05-12 17:52:48+05:30
PO12227369,9443916022,EW1503651057372717056,128.00,2026-05-12 12:22:53.279751+05:30,2026-05-12 17:52:52+05:30
PO12479644,9187510100,PP01BX0531336621VAU1089713R61270531,320.00,2026-05-12 12:22:58.853828+05:30,2026-05-12 17:52:57+05:30
PO12063986,7191042355,719639455276,50.00,2026-05-12 12:23:10.093154+05:30,2026-05-12 17:53:09+05:30
PO12192488,7180694091,718693456536,500.00,2026-05-12 12:23:12.721923+05:30,2026-05-12 17:53:12+05:30
AL2800247,9965750390,EW1503651180441985024,5154.00,2026-05-12 12:23:16.602893+05:30,2026-05-12 17:53:15+05:30
PO12492983,4962744000,EW1503651235790020608,104.00,2026-05-12 12:23:36.106411+05:30,2026-05-12 17:53:35+05:30
PO12220711,0679813000,EW1503651283768664064,85.00,2026-05-12 12:23:58.149251+05:30,2026-05-12 17:53:57+05:30
PO12505873,7574140506,HGALP178D50353023975,241.00,2026-05-12 12:24:02.881279+05:30,2026-05-12 17:54:01+05:30
PO12304049,0437712535,EW1503651344980336640,955.00,2026-05-12 12:24:07.536920+05:30,2026-05-12 17:54:06+05:30
PO14804128,2991583140,DHMPLY41JTII6X,100.00,2026-05-12 12:24:08.167541+05:30,2026-05-12 17:54:07+05:30
PO12288629,5281564000,528036792583,400.00,2026-05-12 12:24:09.321263+05:30,2026-05-12 17:54:08+05:30
PO12161071,7111692000,711609781457,2095.00,2026-05-12 12:24:20.786277+05:30,2026-05-12 17:54:20+05:30
PO12547300,7362288132,EW1503651449657581568,105.00,2026-05-12 12:24:29.325424+05:30,2026-05-12 17:54:28+05:30
PO12167025,4617450743,28561377414,300.00,2026-05-12 12:24:31.121889+05:30,2026-05-12 17:54:30+05:30
PO12324077,0941467569,HGVRHM0I5QCBGHAAC7Z1P5FJ2XZ61321224,71.00,2026-05-12 12:24:37.796613+05:30,2026-05-12 17:54:36+05:30
PO12085742,8181259000,EW1503651523276005376,2424.00,2026-05-12 12:24:48.255210+05:30,2026-05-12 17:54:47+05:30
PO12303932,1100218000,110817181763,205.00,2026-05-12 12:25:04.311246+05:30,2026-05-12 17:55:03+05:30
PO12606082,8103543000,810553047865,1990.00,2026-05-12 12:25:19.887405+05:30,2026-05-12 17:55:18+05:30
PO12266896,4057299000,405815617695,223.00,2026-05-12 12:25:30.673675+05:30,2026-05-12 17:55:29+05:30
PO12305401,7001713000,EW1503651635960176640,841.00,2026-05-12 12:25:40.142250+05:30,2026-05-12 17:55:38+05:30
PO12013222,7221584000,722671957959,500.00,2026-05-12 12:25:55.435936+05:30,2026-05-12 17:55:54+05:30
PO12146848,1434573000,143216190251,4075.00,2026-05-12 12:26:32.788540+05:30,2026-05-12 17:56:31+05:30
PO12545096,1440251000,EW1503651983546343424,2492.00,2026-05-12 12:26:45.281101+05:30,2026-05-12 17:56:43+05:30
PO12037082,3172384000,317337460279,31.00,2026-05-12 12:26:52.024615+05:30,2026-05-12 17:56:51+05:30
PO12243062,2811907680,DHD5W8L1JTIVZG,250.00,2026-05-12 12:27:21.032115+05:30,2026-05-12 17:57:19+05:30
PO12532718,9650863000,BBPSPP016132BX3GZ0YKO806,13.00,2026-05-12 12:27:25.708516+05:30,2026-05-12 17:57:24+05:30
PO12047337,4880858000,0319134930625716224BAS2yHCa61310420,65.00,2026-05-12 12:27:35.538746+05:30,2026-05-12 17:57:34+05:30
PO12515291,3860589560,EW1503652155747688448,353.00,2026-05-12 12:28:02.423385+05:30,2026-05-12 17:58:01+05:30
PO12522339,6622188073,28561429453,1167.00,2026-05-12 12:28:05.557355+05:30,2026-05-12 17:58:04+05:30
PO12388757,0939777613,EW1503652211137667072,91.00,2026-05-12 12:28:06.654648+05:30,2026-05-12 17:58:05+05:30
PO12261060,8321349000,EW1503652220331581440,1708.00,2026-05-12 12:28:08.049743+05:30,2026-05-12 17:58:06+05:30
PO12328425,7986933661,BBPSPP016132BX1MO0YME773,28.00,2026-05-12 12:28:22.823161+05:30,2026-05-12 17:58:21+05:30
PO14806848,4552815419,DHMP5MB1JTIY14,49.00,2026-05-12 12:28:26.354382+05:30,2026-05-12 17:58:25+05:30
PO12066760,7928583071,792429944463,600.00,2026-05-12 12:28:27.962041+05:30,2026-05-12 17:58:27+05:30
PO12363490,4397683000,EW1503652288442884096,183.00,2026-05-12 12:28:30.968126+05:30,2026-05-12 17:58:29+05:30
PO12179285,4225383000,EW1503652309288574976,97.00,2026-05-12 12:28:31.422142+05:30,2026-05-12 17:58:30+05:30
PO12074638,4037334000,BBPSPP016132BX2WT0YNQ141,70.00,2026-05-12 12:29:03.628722+05:30,2026-05-12 17:59:02+05:30
PO12290849,6536601801,28561447289,100.00,2026-05-12 12:29:10.901539+05:30,2026-05-12 17:59:09+05:30
PO12489064,0232553000,28561448885,1000.00,2026-05-12 12:29:14.679464+05:30,2026-05-12 17:59:13+05:30
PO12422907,3270456820,HGALP0A4BD0353077833,311.00,2026-05-12 12:29:24.155191+05:30,2026-05-12 17:59:23+05:30
PO12549150,5368754000,EW1503652510581612544,428.00,2026-05-12 12:29:33.456860+05:30,2026-05-12 17:59:32+05:30
PO12415130,9816997000,DHD5UKN1JTJ43Y,134.00,2026-05-12 12:29:35.662193+05:30,2026-05-12 17:59:34+05:30
PO12094166,3066133785,EW1503652547759923200,288.00,2026-05-12 12:29:36.694855+05:30,2026-05-12 17:59:35+05:30
PO12111233,0110732798,011917391859,350.00,2026-05-12 12:29:42.478438+05:30,2026-05-12 17:59:41+05:30
PO12351693,1499469000,EW1503652745924009984,408.00,2026-05-12 12:30:18.482706+05:30,2026-05-12 18:00:17+05:30
PO12099066,4778896522,EW1503652766316716032,488.00,2026-05-12 12:30:31.559637+05:30,2026-05-12 18:00:30+05:30
PO12363825,7262161805,EW1503652851930849280,304.00,2026-05-12 12:30:45.962646+05:30,2026-05-12 18:00:44+05:30
PO12048930,3125784000,312395492333,110.00,2026-05-12 12:30:46.684839+05:30,2026-05-12 18:00:46+05:30
PO12450273,3640166000,EW1503652858218110976,717.00,2026-05-12 12:30:49.825033+05:30,2026-05-12 18:00:48+05:30
PO12423386,3375204000,EW1503652868481572864,58.00,2026-05-12 12:30:52.700333+05:30,2026-05-12 18:00:51+05:30
PO12539281,7236083000,HGALP144410353093338,229.00,2026-05-12 12:31:06.789840+05:30,2026-05-12 18:01:05+05:30
PO12165631,7341339000,EW1503652949297422336,831.00,2026-05-12 12:31:16.248137+05:30,2026-05-12 18:01:15+05:30
PO12485571,9537903000,953794998533,500.00,2026-05-12 12:31:36.845670+05:30,2026-05-12 18:01:36+05:30
PO12122946,0176297000,EW1503653170748284928,108.00,2026-05-12 12:31:45.414762+05:30,2026-05-12 18:01:44+05:30
PO12031007,4222924000,28561479393,30.00,2026-05-12 12:31:51.554501+05:30,2026-05-12 18:01:50+05:30
PO12385571,9593097000,DHD5SVX1JTJBE0,3000.00,2026-05-12 12:32:05.847278+05:30,2026-05-12 18:02:04+05:30
PO12014931,2361772000,EW1503653289153486848,525.00,2026-05-12 12:32:13.797656+05:30,2026-05-12 18:02:12+05:30
PO12406154,7100044000,28561490118,53.00,2026-05-12 12:32:26.561258+05:30,2026-05-12 18:02:25+05:30
PO12592999,9649953906,EW1503653445886238720,1783.00,2026-05-12 12:32:31.214424+05:30,2026-05-12 18:02:30+05:30
PO12362305,3750083000,EW1503653481927892992,278.00,2026-05-12 12:32:55.992626+05:30,2026-05-12 18:02:54+05:30
PO12620625,7340643000,EW1503653496108834816,5486.00,2026-05-12 12:32:56.092936+05:30,2026-05-12 18:02:55+05:30
PO12053630,0006478000,EW1503653519974424576,392.00,2026-05-12 12:32:56.541146+05:30,2026-05-12 18:02:55+05:30
PO12175051,7907797000,EW1503653541923217408,1048.00,2026-05-12 12:33:06.473407+05:30,2026-05-12 18:03:05+05:30
PO12422841,1352193549,EW1503653568150200320,240.00,2026-05-12 12:33:07.867623+05:30,2026-05-12 18:03:06+05:30
PO12402712,6770923000,BBPSAS016132123256b0jeKg,340.00,2026-05-12 12:33:25.231789+05:30,2026-05-12 18:03:24+05:30
PO12148300,1021533000,BBPSBD016132BALAAAJWUH28,73.00,2026-05-12 12:33:43.698226+05:30,2026-05-12 18:03:42+05:30
PO14810092,1063273000,106239917172,62.00,2026-05-12 12:33:47.284222+05:30,2026-05-12 18:03:46+05:30
PO12578656,1871454000,BBPSPP016132BX0QC0YW4827,1037.00,2026-05-12 12:34:06.848877+05:30,2026-05-12 18:04:05+05:30
PO12608355,0046718679,BBPSPP016132BX1AN0YWM677,281.00,2026-05-12 12:34:24.229306+05:30,2026-05-12 18:04:23+05:30
PO12554386,3751724000,EW1503653776774881280,989.00,2026-05-12 12:34:26.044092+05:30,2026-05-12 18:04:24+05:30
PO12089004,1556487000,DHD5OVT1JTJPX6,8.00,2026-05-12 12:34:52.662636+05:30,2026-05-12 18:04:51+05:30
PO12261634,0810479000,DHD5OXG1JTJQP4,1000.00,2026-05-12 12:35:10.952219+05:30,2026-05-12 18:05:09+05:30
PO12449996,6942489681,EW1503653941917212672,584.00,2026-05-12 12:35:13.674641+05:30,2026-05-12 18:05:12+05:30
PO12334346,6841263000,28561537632,200.00,2026-05-12 12:35:23.915460+05:30,2026-05-12 18:05:22+05:30
PO12604890,2328166179,232712815986,230.00,2026-05-12 12:35:42.384712+05:30,2026-05-12 18:05:41+05:30
PO12341064,3037458371,EW1503653973521293312,378.00,2026-05-12 12:35:42.931537+05:30,2026-05-12 18:05:41+05:30
PO12089004,1556487000,DHD5C1H1JTJTUS,2.00,2026-05-12 12:35:44.229062+05:30,2026-05-12 18:05:43+05:30
PO12233594,3877273000,387788791424,862.00,2026-05-12 12:36:13.164299+05:30,2026-05-12 18:06:12+05:30
PO12576964,1171294000,EW1503654162038480896,1202.00,2026-05-12 12:36:16.594577+05:30,2026-05-12 18:06:15+05:30
PO12493234,9848084000,984337644780,200.00,2026-05-12 12:36:18.975427+05:30,2026-05-12 18:06:18+05:30
PO12343589,8055190296,BBPSPP016132BX1AN0Z04270,144.00,2026-05-12 12:36:45.126921+05:30,2026-05-12 18:06:44+05:30
PO12322098,7892613000,789589880404,400.00,2026-05-12 12:37:00.442868+05:30,2026-05-12 18:06:57+05:30
PO12565013,3062661383,EW1503654434936676352,533.00,2026-05-12 12:37:06.619506+05:30,2026-05-12 18:07:05+05:30
PO12345755,0975308683,EW1503654724020690944,62.00,2026-05-12 12:38:08.757549+05:30,2026-05-12 18:08:07+05:30
PO12423670,7995210618,DHD5IK71JTK2T3,384.00,2026-05-12 12:38:21.879056+05:30,2026-05-12 18:08:20+05:30
PO12601407,1245077027,EW1503654822289039360,51.00,2026-05-12 12:38:23.583744+05:30,2026-05-12 18:08:22+05:30
PO12049973,5028941897,502770878706,200.00,2026-05-12 12:38:24.321751+05:30,2026-05-12 18:08:23+05:30
PO12149938,1397179364,139181600889,1400.00,2026-05-12 12:38:49.458421+05:30,2026-05-12 18:08:48+05:30
PO12547747,7181494000,28561577016,551.00,2026-05-12 12:38:49.579280+05:30,2026-05-12 18:08:48+05:30
PO12506071,8051205828,805273485669,1453.00,2026-05-12 12:39:19.651663+05:30,2026-05-12 18:09:18+05:30
PO12115729,7154073000,PP01BX0006152819GG00948752R61310006,83.00,2026-05-12 12:39:35.256534+05:30,2026-05-12 18:09:34+05:30
PO12028914,1756784000,175481967040,500.00,2026-05-12 12:39:37.817196+05:30,2026-05-12 18:09:36+05:30
PO12137095,6879259000,DHD57LV1JTK9G5,251.00,2026-05-12 12:39:42.593458+05:30,2026-05-12 18:09:41+05:30
PO12079261,4624097000,EW1503655179056537600,121.00,2026-05-12 12:39:46.488867+05:30,2026-05-12 18:09:45+05:30
PO12488418,3959582910,DHD57J11JTKB23,98.00,2026-05-12 12:40:00.917530+05:30,2026-05-12 18:09:59+05:30
PO12463586,5944130396,DHD5XYD1JTJIHG,100.00,2026-05-12 12:40:06.792169+05:30,2026-05-12 18:10:05+05:30
PO12133082,9931094000,PP01BX122957764V5CY0684817R61311229,71.00,2026-05-12 12:40:07.308046+05:30,2026-05-12 18:10:06+05:30
PO12137095,6879259000,DHD5T9P1JTJTVX,251.00,2026-05-12 12:40:08.270961+05:30,2026-05-12 18:10:07+05:30
PO12284292,5881448000,DHD5CZ51JTKA6P,835.00,2026-05-12 12:40:08.561909+05:30,2026-05-12 18:10:07+05:30
PO12510280,4795349578,DHD5J6C1JTJEDR,1000.00,2026-05-12 12:40:10.206152+05:30,2026-05-12 18:10:09+05:30
PO12427660,0053454000,EW1503655328201793536,1010.00,2026-05-12 12:40:21.737679+05:30,2026-05-12 18:10:20+05:30
AL2273952,9181504000,EW1503655428487602176,91.00,2026-05-12 12:40:55.500637+05:30,2026-05-12 18:10:54+05:30
PO12357979,2997426134,PP01BX035847935QHTX8658012R61290358,1506.00,2026-05-12 12:41:10.392061+05:30,2026-05-12 18:11:09+05:30
PO12413458,0011592000,EW1503655520728735744,352.00,2026-05-12 12:41:12.321123+05:30,2026-05-12 18:11:11+05:30
PO12528215,1194848066,119882512664,320.00,2026-05-12 12:41:12.598895+05:30,2026-05-12 18:11:11+05:30
PO12167760,8554800100,EW1503655615662612480,1739.00,2026-05-12 12:41:28.071292+05:30,2026-05-12 18:11:26+05:30
PO12055907,7255284000,725540614114,190.00,2026-05-12 12:41:28.702421+05:30,2026-05-12 18:11:27+05:30
PO12149999,8286786056,828390607286,4000.00,2026-05-12 12:41:35.307218+05:30,2026-05-12 18:11:34+05:30
PO12047821,5374284000,EW1503655690560299008,357.00,2026-05-12 12:41:50.874912+05:30,2026-05-12 18:11:49+05:30
PO12095959,9095987000,EW1503655781673164800,890.00,2026-05-12 12:42:01.047829+05:30,2026-05-12 18:11:59+05:30
PO12147115,6689252798,EW1503655835351867392,117.00,2026-05-12 12:42:05.578415+05:30,2026-05-12 18:12:04+05:30
PO12390079,2275615997,EW1503655931741167616,263.00,2026-05-12 12:42:18.331976+05:30,2026-05-12 18:12:17+05:30
AL2274653,1240484000,124681908372,700.00,2026-05-12 12:42:52.255316+05:30,2026-05-12 18:12:51+05:30
PO12448509,1809593000,BBPSBD016132BALAAAJWU39H,1221.00,2026-05-12 12:43:05.185032+05:30,2026-05-12 18:13:03+05:30
PO12234961,6441754000,HGALP07BC70353212627,351.00,2026-05-12 12:43:24.663966+05:30,2026-05-12 18:13:23+05:30
PO12398569,3165528000,PP01BX0629315314Z023834576R61280629,15.00,2026-05-12 12:43:43.353364+05:30,2026-05-12 18:13:42+05:30
PO12146550,0106848000,EW1503656383132164096,1052.00,2026-05-12 12:44:06.958713+05:30,2026-05-12 18:14:05+05:30
PO12571586,0390047913,HGALP03DC50353224105,12.53,2026-05-12 12:44:23.866786+05:30,2026-05-12 18:14:22+05:30
PO12588787,9357470662,935933680870,500.00,2026-05-12 12:44:29.941234+05:30,2026-05-12 18:14:28+05:30
PO12228743,4966594000,496830524053,530.00,2026-05-12 12:45:00.464450+05:30,2026-05-12 18:14:59+05:30
PO12490024,9153303361,28561665424,66.00,2026-05-12 12:45:01.226846+05:30,2026-05-12 18:15:00+05:30
PO12280197,3172124000,317530344684,58.00,2026-05-12 12:45:29.619488+05:30,2026-05-12 18:15:28+05:30
PO12567918,9340290807,EW1503656643590053888,131.00,2026-05-12 12:45:35.628031+05:30,2026-05-12 18:15:34+05:30
PO12576769,2683710335,BBPSPP016132BX2RQ0ZF8128,94.00,2026-05-12 12:45:45.224788+05:30,2026-05-12 18:15:44+05:30
PO12327555,2769983000,EW1503656712062066688,206.00,2026-05-12 12:45:49.546675+05:30,2026-05-12 18:15:48+05:30
PO12522211,0883864000,PP01BX092607201HEQG4430787R61310926,279.00,2026-05-12 12:46:02.357002+05:30,2026-05-12 18:16:01+05:30
PO14805774,7360922585,DHMPCG91JTL0WD,74.00,2026-05-12 12:46:11.728664+05:30,2026-05-12 18:16:10+05:30
PO12290491,2932337896,293779808279,60.00,2026-05-12 12:46:17.754093+05:30,2026-05-12 18:16:17+05:30
PO12285195,1444609000,EW1503656906002489344,411.00,2026-05-12 12:46:21.339949+05:30,2026-05-12 18:16:20+05:30
PO12010958,5035082000,503913823968,500.00,2026-05-12 12:46:23.849697+05:30,2026-05-12 18:16:23+05:30
PO12402553,0303909856,030864050383,361.00,2026-05-12 12:46:51.600438+05:30,2026-05-12 18:16:50+05:30
PO12282294,0312914000,EW1503656981088919552,1141.00,2026-05-12 12:47:01.666195+05:30,2026-05-12 18:17:00+05:30
PO12537265,2232103000,BBPSBD016132BALAAAJWVDMH,218.00,2026-05-12 12:47:03.689502+05:30,2026-05-12 18:17:02+05:30
PO12206024,0430723000,DHD5C9K1JTL46O,100.00,2026-05-12 12:47:06.337197+05:30,2026-05-12 18:17:05+05:30
AL2271690,1000284000,100069627604,500.00,2026-05-12 12:47:31.523137+05:30,2026-05-12 18:17:30+05:30
PO12415130,9816997000,HGALP073610353256400,2.00,2026-05-12 12:47:43.988864+05:30,2026-05-12 18:17:42+05:30
PO12348291,2275741550,28561713909,1000.00,2026-05-12 12:48:26.189238+05:30,2026-05-12 18:18:25+05:30
PO12161823,7934124000,793685543357,50.00,2026-05-12 12:48:32.871810+05:30,2026-05-12 18:18:32+05:30
PO12260495,1058386162,EW1503657434090528768,311.00,2026-05-12 12:48:36.418092+05:30,2026-05-12 18:18:35+05:30
PO12488468,4240003000,EW1503657497705537536,49.00,2026-05-12 12:48:42.166443+05:30,2026-05-12 18:18:41+05:30
PO12459478,0221678225,EW1503657500188565504,107.00,2026-05-12 12:48:44.063639+05:30,2026-05-12 18:18:42+05:30
PO12091649,2191304594,BBPSPP016132BX4ZT0ZKD785,79.00,2026-05-12 12:48:46.453357+05:30,2026-05-12 18:18:45+05:30
PO12024995,8540884000,854161485482,2000.00,2026-05-12 12:48:48.941586+05:30,2026-05-12 18:18:48+05:30
PO12478406,3126820100,312856623579,877.00,2026-05-12 12:48:52.354039+05:30,2026-05-12 18:18:51+05:30
PO12225517,8699421248,EW1503657677221748736,107.00,2026-05-12 12:49:44.795587+05:30,2026-05-12 18:19:43+05:30
PO12162148,5254923000,525795498119,139.00,2026-05-12 12:50:05.289737+05:30,2026-05-12 18:20:04+05:30
PO12015727,7546746000,DHD55NJ1JTLAHF,1500.00,2026-05-12 12:50:06.322218+05:30,2026-05-12 18:20:05+05:30
PO12016299,5823877258,582593961353,500.00,2026-05-12 12:50:12.306185+05:30,2026-05-12 18:20:11+05:30
PO12417716,6272148671,DHD5CEO1JTLFR2,59.00,2026-05-12 12:50:28.931942+05:30,2026-05-12 18:20:27+05:30
PO12074385,3019072000,28561747647,1081.00,2026-05-12 12:50:34.440965+05:30,2026-05-12 18:20:33+05:30
PO12206774,8334752994,EW1503657840006881280,99.00,2026-05-12 12:50:37.824069+05:30,2026-05-12 18:20:36+05:30
PO12578372,8702833000,EW1503657859397148672,556.00,2026-05-12 12:50:50.640473+05:30,2026-05-12 18:20:49+05:30
PO12240308,6522589000,SD0128177857043818720708E6161321250,1369.00,2026-05-12 12:51:16.169464+05:30,2026-05-12 18:21:15+05:30
PO12137682,3365929000,EW1503658006864683008,687.00,2026-05-12 12:51:16.617271+05:30,2026-05-12 18:21:15+05:30
PO12044481,0261195630,026227253764,330.00,2026-05-12 12:51:29.387070+05:30,2026-05-12 18:21:28+05:30
PO12160281,2761638000,EW1503658104050900992,391.00,2026-05-12 12:52:14.791598+05:30,2026-05-12 18:22:13+05:30
PO12131204,8518050966,PP01BX125219994O1JA7753951R61321252,4200.00,2026-05-12 12:52:40.380045+05:30,2026-05-12 18:22:39+05:30
PO12624714,6197844000,EW1503658510705451008,2243.00,2026-05-12 12:53:08.785926+05:30,2026-05-12 18:23:07+05:30
PO12195696,9578269000,PP01BX014147571AXAD4703402R61320141,210.00,2026-05-12 12:53:09.550380+05:30,2026-05-12 18:23:08+05:30
AL2277449,3780191110,BBPSAX996131Be7e3de15edd,550.00,2026-05-12 12:53:44.664624+05:30,2026-05-12 18:23:43+05:30
PO12577385,8187524000,BBPSBD016132BALAAAJWVTU8,325.00,2026-05-12 12:54:05.729572+05:30,2026-05-12 18:24:04+05:30
PO12047866,4159317469,415790373661,1050.00,2026-05-12 12:54:21.979911+05:30,2026-05-12 18:24:21+05:30
PO12247492,3256554000,28561804638,1238.00,2026-05-12 12:54:42.298239+05:30,2026-05-12 18:24:41+05:30
PO12292998,3737423000,EW1503658988394733568,105.00,2026-05-12 12:54:45.557517+05:30,2026-05-12 18:24:44+05:30
PO12329616,5124601034,EW1503659158918356992,432.00,2026-05-12 12:55:25.338058+05:30,2026-05-12 18:25:24+05:30
PO12318893,0657674000,065350369819,566.00,2026-05-12 12:55:32.405814+05:30,2026-05-12 18:25:31+05:30
PO12514618,4911933000,491492872618,21.00,2026-05-12 12:55:38.937377+05:30,2026-05-12 18:25:38+05:30
PO12170092,9129079644,DHD5TPD1JTM5BC,130.00,2026-05-12 12:56:24.557336+05:30,2026-05-12 18:26:23+05:30
PO12228724,4934364147,493084802144,150.00,2026-05-12 12:56:49.517274+05:30,2026-05-12 18:26:48+05:30
PO12010437,0444463000,PP01BX071223413GX535605318R61280712,153.00,2026-05-12 12:57:01.121607+05:30,2026-05-12 18:27:00+05:30
PO12563892,7061001948,DHD5TJB1JTM8Z0,1000.00,2026-05-12 12:57:17.270592+05:30,2026-05-12 18:27:16+05:30
PO12519021,2053725348,EW1503659560795594752,144.00,2026-05-12 12:57:17.645585+05:30,2026-05-12 18:27:16+05:30
PO12141865,6820967000,682198574220,196.00,2026-05-12 12:57:55.821465+05:30,2026-05-12 18:27:55+05:30
PO12477303,1223587738,EW1503660122920411136,60.00,2026-05-12 12:59:02.621949+05:30,2026-05-12 18:29:01+05:30
PO12579511,2078694000,207996620599,22.00,2026-05-12 12:59:07.334586+05:30,2026-05-12 18:29:06+05:30
PO12019648,1562294000,156186170534,500.00,2026-05-12 12:59:22.530569+05:30,2026-05-12 18:29:21+05:30
PO12453438,4128074000,HGALP16DAE0353370519,109.00,2026-05-12 12:59:46.607079+05:30,2026-05-12 18:29:45+05:30
PO12525725,4801729933,EW1503660394702921728,205.00,2026-05-12 12:59:57.368567+05:30,2026-05-12 18:29:56+05:30
PO12043477,8443603000,DHD5JNQ1JTMBPD,2000.00,2026-05-12 13:00:06.450023+05:30,2026-05-12 18:30:05+05:30
PO12044856,6805663000,DHD5YGI1JTLGUL,500.00,2026-05-12 13:00:13.300967+05:30,2026-05-12 18:30:12+05:30
PO12311264,5043764000,BBPSBD016132BALAAAJWV73R,500.00,2026-05-12 13:00:27.105052+05:30,2026-05-12 18:30:26+05:30
PO12416037,6103704000,HGALP0EB260353381064,2768.00,2026-05-12 13:01:04.490212+05:30,2026-05-12 18:31:03+05:30
PO12046585,9281672000,EW1503660643504840704,542.00,2026-05-12 13:01:10.556025+05:30,2026-05-12 18:31:09+05:30
PO12380544,9351209000,BBPSMK016132BAAMS4A4D000,2031.00,2026-05-12 13:01:23.910240+05:30,2026-05-12 18:31:22+05:30
PO12338128,3479453000,28561902343,300.00,2026-05-12 13:01:29.865936+05:30,2026-05-12 18:31:28+05:30
PO12320001,3524403000,HGALP12B670353390286,186.00,2026-05-12 13:01:44.903003+05:30,2026-05-12 18:31:43+05:30
PO12081225,2061778000,EW1503661049563799552,314.00,2026-05-12 13:02:58.744713+05:30,2026-05-12 18:32:57+05:30
AL2271865,6566784000,656226310403,350.00,2026-05-12 13:03:00.531103+05:30,2026-05-12 18:32:59+05:30
PO12083453,3682989000,368010864982,200.00,2026-05-12 13:03:15.563374+05:30,2026-05-12 18:33:11+05:30
PO12298173,3669848000,366125272707,1470.00,2026-05-12 13:03:21.045410+05:30,2026-05-12 18:33:20+05:30
PO12547162,8160197469,28561934203,500.00,2026-05-12 13:03:22.514006+05:30,2026-05-12 18:33:21+05:30
PO12495509,7123328000,28561933269,192.00,2026-05-12 13:03:34.631305+05:30,2026-05-12 18:33:33+05:30
PO12627996,1634922000,EW1503661209601662976,33.00,2026-05-12 13:03:39.319771+05:30,2026-05-12 18:33:38+05:30
PO12319277,1783894000,DHD5MBL1JTMZCU,100.00,2026-05-12 13:03:43.592791+05:30,2026-05-12 18:33:42+05:30
PO12253772,0909720939,DHD5VGG1JTMYEQ,250.00,2026-05-12 13:03:45.841102+05:30,2026-05-12 18:33:44+05:30
PO12098498,0391925000,EW1503661411607732224,246.00,2026-05-12 13:04:03.471024+05:30,2026-05-12 18:34:02+05:30
PO12441720,1716063000,EW1503661424828178432,773.00,2026-05-12 13:04:27.358204+05:30,2026-05-12 18:34:26+05:30
PO12466281,4073684000,407003226482,150.00,2026-05-12 13:04:35.280422+05:30,2026-05-12 18:34:32+05:30
PO12241043,8280610100,EW1503661562250354688,47.00,2026-05-12 13:04:45.116936+05:30,2026-05-12 18:34:44+05:30
PO12334496,0148254000,014216926751,44.00,2026-05-12 13:04:56.559113+05:30,2026-05-12 18:34:55+05:30
PO12022764,7027889458,EW1503661950189920256,137.00,2026-05-12 13:06:13.314746+05:30,2026-05-12 18:36:11+05:30
AL2275249,1455584000,145906853184,261.00,2026-05-12 13:06:24.305693+05:30,2026-05-12 18:36:22+05:30
PO12547987,6960524000,EW1503662048336633856,1625.00,2026-05-12 13:06:47.721098+05:30,2026-05-12 18:36:46+05:30
PO12214638,6096744000,HGALP028500353436913,397.00,2026-05-12 13:07:03.935102+05:30,2026-05-12 18:37:02+05:30
PO12054523,2741541962,274597314243,500.00,2026-05-12 13:07:12.120356+05:30,2026-05-12 18:37:11+05:30
PO12396258,2567685487,BBPSPP016131BX5DT0CYY191,246.00,2026-05-12 13:07:24.867456+05:30,2026-05-12 18:37:23+05:30
PO12099952,3249919285,324307082357,100.00,2026-05-12 13:07:35.396263+05:30,2026-05-12 18:37:34+05:30
PO12356848,2470093000,PP01BX022635744OF6F5693664R61280226,67.00,2026-05-12 13:07:50.022950+05:30,2026-05-12 18:37:48+05:30
PO12062427,2474268375,DHD519U1JTNFXM,522.00,2026-05-12 13:07:58.172166+05:30,2026-05-12 18:37:57+05:30
PO12054526,0675318504,067584817887,600.00,2026-05-12 13:08:11.784764+05:30,2026-05-12 18:38:10+05:30
PO12282092,7526904000,28562008079,11.00,2026-05-12 13:08:40.878217+05:30,2026-05-12 18:38:39+05:30
PO12199168,4019213231,DHD5QUQ1JTNJCA,1000.00,2026-05-12 13:09:15.106860+05:30,2026-05-12 18:39:13+05:30
PO12089919,7325964000,732126922828,124.00,2026-05-12 13:09:48.621157+05:30,2026-05-12 18:39:47+05:30
PO12060668,9728143637,DHD54GK1JTMYPT,427.00,2026-05-12 13:10:09.746647+05:30,2026-05-12 18:40:08+05:30
PO12335289,1990173161,DHD5KXB1JTMVAB,434.00,2026-05-12 13:10:12.450975+05:30,2026-05-12 18:40:11+05:30
PO12110958,5096484000,DHD5DHK1JTNGOL,54.00,2026-05-12 13:10:15.508117+05:30,2026-05-12 18:40:14+05:30
PO12561464,6097503000,28562020268,200.00,2026-05-12 13:10:45.866016+05:30,2026-05-12 18:40:44+05:30
PO12161139,3016203000,EW1503663158275301376,308.00,2026-05-12 13:11:40.594618+05:30,2026-05-12 18:41:39+05:30
PO12055821,4547547860,28562066521,1000.00,2026-05-12 13:12:02.211742+05:30,2026-05-12 18:42:01+05:30
PO12601603,5094383000,EW1503663476362928128,408.00,2026-05-12 13:12:35.953905+05:30,2026-05-12 18:42:34+05:30
PO12195755,8872419000,HGVR6BS57M06FX37UB0PQDF77K161321311,46.00,2026-05-12 13:12:37.350724+05:30,2026-05-12 18:42:36+05:30
AL2275157,0254684000,025982554764,1000.00,2026-05-12 13:12:42.834466+05:30,2026-05-12 18:42:40+05:30
PO12264380,3277642342,327125540181,500.00,2026-05-12 13:13:39.233652+05:30,2026-05-12 18:43:38+05:30
PO12022241,2160284000,BBPSPP016132BX1BJ10Q3741,8.00,2026-05-12 13:13:44.413425+05:30,2026-05-12 18:43:43+05:30
PO12234430,3011703000,DHD57DN1JTO2V8,128.00,2026-05-12 13:13:44.805209+05:30,2026-05-12 18:43:43+05:30
PO12168870,8006579000,DHD5DRX1JTO3T9,300.00,2026-05-12 13:13:50.557483+05:30,2026-05-12 18:43:49+05:30
PO12423182,2028153000,BBPSPP016131BX4ZT109J554,212.00,2026-05-12 13:14:07.476652+05:30,2026-05-12 18:44:06+05:30
PO12442166,9303324000,EW1503663748904607744,89.00,2026-05-12 13:14:08.326844+05:30,2026-05-12 18:44:07+05:30
PO12054546,9566684000,956615830694,1000.00,2026-05-12 13:14:22.905873+05:30,2026-05-12 18:44:22+05:30
PO12009429,6562481484,BBPSBD016132BALAAAJWW3NN,2465.00,2026-05-12 13:14:23.086315+05:30,2026-05-12 18:44:21+05:30
PO12233579,8601531759,860574969207,123.00,2026-05-12 13:14:45.938035+05:30,2026-05-12 18:44:45+05:30
PO12195755,8872419000,DHD5TNR1JTO5X2,5.00,2026-05-12 13:14:46.040680+05:30,2026-05-12 18:44:44+05:30
PO12185958,5864178000,EW1503663998931263488,439.00,2026-05-12 13:14:46.724233+05:30,2026-05-12 18:44:45+05:30
PO12027769,8999153000,EW1503664075640889344,4019.00,2026-05-12 13:15:21.281087+05:30,2026-05-12 18:45:20+05:30
PO12618103,3325221631,EW1503664099061882880,180.00,2026-05-12 13:15:21.785780+05:30,2026-05-12 18:45:20+05:30
PO12094187,5426504000,542407871005,2203.00,2026-05-12 13:15:28.995418+05:30,2026-05-12 18:45:28+05:30
PO12041820,1450384000,145282804725,110.00,2026-05-12 13:15:37.401100+05:30,2026-05-12 18:45:36+05:30
PO12161842,9257004000,PP01BX040643701BFRI6442747R61290406,200.00,2026-05-12 13:15:55.389707+05:30,2026-05-12 18:45:54+05:30
PO12619643,1763754000,EW1503664337453539328,329.00,2026-05-12 13:15:57.565122+05:30,2026-05-12 18:45:56+05:30
PO12147599,1227172000,122189968320,370.00,2026-05-12 13:16:28.030550+05:30,2026-05-12 18:46:27+05:30
PO12163542,8076583000,EW1503664622854955008,49.00,2026-05-12 13:17:01.111103+05:30,2026-05-12 18:47:00+05:30
PO12508198,5958764000,595195292620,206.00,2026-05-12 13:17:41.359443+05:30,2026-05-12 18:47:38+05:30
PO12487121,0342263000,034254146876,200.00,2026-05-12 13:17:47.198757+05:30,2026-05-12 18:47:46+05:30
PO12061132,6503646000,HGALP141080353542914,126.00,2026-05-12 13:18:05.506747+05:30,2026-05-12 18:48:04+05:30
PO12568808,9827564000,EW1503664881614151680,1180.00,2026-05-12 13:18:07.262828+05:30,2026-05-12 18:48:06+05:30
PO12009631,4354384000,EW1503665067761557504,44.00,2026-05-12 13:18:37.915460+05:30,2026-05-12 18:48:36+05:30
PO12345828,8203169543,PP01BX052600169NHX28873753R61310526,63.00,2026-05-12 13:19:29.121648+05:30,2026-05-12 18:49:28+05:30
PO12250463,6813694000,HGALP07AAA0353564439,550.00,2026-05-12 13:20:04.279943+05:30,2026-05-12 18:50:03+05:30
PO12391259,7150854000,DHD55V51JTOK6C,875.00,2026-05-12 13:20:06.898389+05:30,2026-05-12 18:50:05+05:30
PO12300032,2190495726,DHD55PQ1JTNZBE,500.00,2026-05-12 13:20:08.423743+05:30,2026-05-12 18:50:07+05:30
PO12489715,3266313953,DHD54CF1JTO7F5,500.00,2026-05-12 13:20:10.486225+05:30,2026-05-12 18:50:09+05:30
PO12029024,6821584000,DHD5QDG1JTOCUV,500.00,2026-05-12 13:20:10.557461+05:30,2026-05-12 18:50:09+05:30
PO12492318,3962923000,BBPSPP016132BX0J01128183,687.00,2026-05-12 13:21:03.659402+05:30,2026-05-12 18:51:02+05:30
PO12365264,5787044065,DPHWMLR1JTOTS9,1000.00,2026-05-12 13:21:06.441258+05:30,2026-05-12 18:51:05+05:30
PO12410344,8266194000,EW1503665645791174656,169.00,2026-05-12 13:21:11.008084+05:30,2026-05-12 18:51:09+05:30
PO12566756,3112964916,EW1503665698459049984,798.00,2026-05-12 13:21:13.883218+05:30,2026-05-12 18:51:12+05:30
PO12388623,0842124000,EW1503665695082635264,359.00,2026-05-12 13:21:17.555121+05:30,2026-05-12 18:51:16+05:30
PO12424107,1117003000,PP01BX132059333J8K10684336R61321320,145.00,2026-05-12 13:21:18.567092+05:30,2026-05-12 18:51:17+05:30
PO12063326,1782784000,EW1503665821830307841,117.00,2026-05-12 13:21:49.131020+05:30,2026-05-12 18:51:48+05:30
PO12192480,8203653403,EW1503665807892635648,22.00,2026-05-12 13:21:49.882927+05:30,2026-05-12 18:51:48+05:30
PO12513168,3531594000,28562209410,100.00,2026-05-12 13:21:50.542140+05:30,2026-05-12 18:51:49+05:30
PO12261711,2049289000,EW1503665934908743680,694.00,2026-05-12 13:22:01.104670+05:30,2026-05-12 18:51:59+05:30
PO12194743,8995604000,BBPSPP016132BX2YI1149031,4.00,2026-05-12 13:22:25.751090+05:30,2026-05-12 18:52:24+05:30
PO12090298,8911674000,DHD5IKI1JTP25R,2500.00,2026-05-12 13:22:43.191639+05:30,2026-05-12 18:52:42+05:30
PO12329006,9578035762,957996722367,444.00,2026-05-12 13:22:56.547665+05:30,2026-05-12 18:52:55+05:30
PO14813474,7346184000,PP01BX13173040997VE1679015R61321317,978.00,2026-05-12 13:23:17.278111+05:30,2026-05-12 18:53:16+05:30
PO12320643,4095964000,PP01BX132300045DXOM5571441R61321323,270.00,2026-05-12 13:23:31.444387+05:30,2026-05-12 18:53:30+05:30
PO12416416,6192646132,EW1503666364791349248,1436.00,2026-05-12 13:23:53.244666+05:30,2026-05-12 18:53:52+05:30
PO12511048,5723615542,EW1503666444927721472,159.00,2026-05-12 13:23:59.394751+05:30,2026-05-12 18:53:58+05:30
PO12143970,1285583000,EW1503666428502827008,413.00,2026-05-12 13:23:59.722165+05:30,2026-05-12 18:53:58+05:30
PO12584687,9470278753,947312501888,825.00,2026-05-12 13:24:07.694856+05:30,2026-05-12 18:54:05+05:30
PO12044359,0084784000,HGVRFRC75RHPM046HR2T4IIGQGI61321323,248.00,2026-05-12 13:24:17.950093+05:30,2026-05-12 18:54:16+05:30
PO14810242,0052153000,EW1503666492461768704,137.00,2026-05-12 13:24:21.356513+05:30,2026-05-12 18:54:20+05:30
PO12278758,0365324000,EW1503666531301023744,1657.00,2026-05-12 13:24:22.634838+05:30,2026-05-12 18:54:21+05:30
PO12176510,2661763988,EW1503666532806778880,76.00,2026-05-12 13:24:23.381086+05:30,2026-05-12 18:54:22+05:30
PO12083449,3480610100,348562510229,500.00,2026-05-12 13:24:59.794932+05:30,2026-05-12 18:54:53+05:30
PO12488766,5837734000,BBPSBD016132BALAAAJWXTOH,349.00,2026-05-12 13:25:05.867373+05:30,2026-05-12 18:55:04+05:30
PO12278497,2006614000,EW1503666739594354688,76.00,2026-05-12 13:25:30.219545+05:30,2026-05-12 18:55:28+05:30
PO12351829,0491489000,EW1503666804568317952,266.00,2026-05-12 13:25:41.367728+05:30,2026-05-12 18:55:40+05:30
PO12603151,4324103788,EW1503666934814040064,124.00,2026-05-12 13:26:08.813488+05:30,2026-05-12 18:56:07+05:30
PO12599495,2457854000,EW1503666975331016704,368.00,2026-05-12 13:26:13.565389+05:30,2026-05-12 18:56:12+05:30
PO12315268,7619453000,EW1503667052783034368,127.00,2026-05-12 13:26:26.114992+05:30,2026-05-12 18:56:25+05:30
PO12029557,3157153000,DHD53S61JTPHBT,1000.00,2026-05-12 13:26:30.323554+05:30,2026-05-12 18:56:29+05:30
PO12446754,7359894000,BBPSPP016132BX48X11BS153,73.00,2026-05-12 13:26:44.092393+05:30,2026-05-12 18:56:43+05:30
PO12276169,5993363000,599486689066,500.00,2026-05-12 13:27:49.294770+05:30,2026-05-12 18:57:42+05:30
PO12570018,4761553000,28562298734,352.00,2026-05-12 13:27:54.419161+05:30,2026-05-12 18:57:53+05:30
PO12255368,2874823000,BBPSBD016132BALAAAJWX0GV,202.00,2026-05-12 13:28:04.192294+05:30,2026-05-12 18:58:03+05:30
PO12544463,5288132000,EW1503667493340143616,1699.00,2026-05-12 13:28:05.692508+05:30,2026-05-12 18:58:04+05:30
PO12408683,4948533000,EW1503667730221850624,207.00,2026-05-12 13:29:36.674562+05:30,2026-05-12 18:59:35+05:30
PO12082796,4003429000,BBPSPP016131BX2RQ110C411,148.00,2026-05-12 13:30:05.507724+05:30,2026-05-12 19:00:04+05:30
PO12617921,3384724000,HGALP013780353660801,298.00,2026-05-12 13:30:05.908250+05:30,2026-05-12 19:00:04+05:30
PO12510364,9833144000,983507943985,4.00,2026-05-12 13:30:06.652240+05:30,2026-05-12 19:00:03+05:30
PO12082185,7591274952,DHD55KC1JTPK1X,3431.00,2026-05-12 13:30:13.063355+05:30,2026-05-12 19:00:11+05:30
PO12545157,1247994000,28562334289,2328.00,2026-05-12 13:30:30.927539+05:30,2026-05-12 19:00:29+05:30
PO12253776,1959633000,195037147329,120.00,2026-05-12 13:30:34.639522+05:30,2026-05-12 19:00:33+05:30
PO12210196,6141579000,614294955670,58.00,2026-05-12 13:30:36.572227+05:30,2026-05-12 19:00:35+05:30
PO12520003,3119553979,BBPSPP016132BX47A11IA186,200.00,2026-05-12 13:31:04.797160+05:30,2026-05-12 19:01:03+05:30
PO12148300,1021533000,BBPSBD016132BALAAAJWX60K,73.00,2026-05-12 13:31:06.973869+05:30,2026-05-12 19:01:05+05:30
PO12496109,2885768000,EW1503668205952393216,595.00,2026-05-12 13:31:44.047825+05:30,2026-05-12 19:01:42+05:30
PO12425433,2668624000,BBPSBD016132BALAAAJWX9BS,533.00,2026-05-12 13:31:45.438987+05:30,2026-05-12 19:01:44+05:30
PO14800118,9472252025,947998464212,1000.00,2026-05-12 13:31:46.382154+05:30,2026-05-12 19:01:45+05:30
PO12081905,9581284000,BBPSCC016132CBAD19759328,215.00,2026-05-12 13:31:47.971620+05:30,2026-05-12 19:01:46+05:30
PO12096207,5130905276,513704681175,200.00,2026-05-12 13:32:09.134489+05:30,2026-05-12 19:02:08+05:30
PO12581428,4614904000,BBPSBD016132BALAAAJWYA1E,292.00,2026-05-12 13:32:26.132603+05:30,2026-05-12 19:02:24+05:30
PO12554104,7398903997,739735953605,682.00,2026-05-12 13:32:37.190828+05:30,2026-05-12 19:02:36+05:30
PO12374711,5784427645,EW1503668620274130944,2547.00,2026-05-12 13:33:24.662257+05:30,2026-05-12 19:03:23+05:30
PO14800111,2921553000,EW1503668626523643904,5000.00,2026-05-12 13:33:31.208827+05:30,2026-05-12 19:03:30+05:30
PO12458361,7918984696,28562394546,135.00,2026-05-12 13:34:32.413118+05:30,2026-05-12 19:04:31+05:30
PO12491108,6801012245,680246488421,10.00,2026-05-12 13:34:34.386088+05:30,2026-05-12 19:04:33+05:30
PO12087065,0340484000,DHD5IHI1JTQC39,2000.00,2026-05-12 13:34:44.461859+05:30,2026-05-12 19:04:43+05:30
PO12052436,3915258986,EW1503668844258353152,91.00,2026-05-12 13:34:45.369486+05:30,2026-05-12 19:04:44+05:30
PO12406545,5210851023,28562402990,675.00,2026-05-12 13:35:14.995748+05:30,2026-05-12 19:05:13+05:30
PO12357401,0018422826,EW1503669023116058624,563.00,2026-05-12 13:35:27.199393+05:30,2026-05-12 19:05:26+05:30
PO12455903,2014333000,EW1503669023900393472,325.00,2026-05-12 13:35:27.765526+05:30,2026-05-12 19:05:26+05:30
PO12179102,6303053000,EW1503669039922634752,111.00,2026-05-12 13:35:29.468845+05:30,2026-05-12 19:05:28+05:30
AL2270616,8884833179,EW1503669058566316032,132.00,2026-05-12 13:35:32.312058+05:30,2026-05-12 19:05:31+05:30
PO12571389,6653893000,EW1503669097850167296,247.00,2026-05-12 13:35:37.234255+05:30,2026-05-12 19:05:36+05:30
PO12462550,7145825000,EW1503669170302574592,231.00,2026-05-12 13:35:44.967942+05:30,2026-05-12 19:05:43+05:30
PO12224646,9702909479,EW1503669194667286528,135.00,2026-05-12 13:35:45.218023+05:30,2026-05-12 19:05:44+05:30
PO12548142,9370074000,EW1503669343992897536,815.00,2026-05-12 13:36:10.795564+05:30,2026-05-12 19:06:09+05:30
PO12431197,8761500561,EW1503669471172583424,149.00,2026-05-12 13:36:55.557215+05:30,2026-05-12 19:06:54+05:30
PO12071130,9154924000,PP01BX133641048LBLT2406538R61321336,75.00,2026-05-12 13:36:58.322726+05:30,2026-05-12 19:06:57+05:30
PO12477876,4465488000,HGVRF5GYQTPY1IKKDKG1CW7BHYZ61321337,200.00,2026-05-12 13:37:09.533852+05:30,2026-05-12 19:07:08+05:30
PO12064068,4857642865,HGVRCT02G4J97IMR3GD2656PZ7B61321337,14.00,2026-05-12 13:37:14.301586+05:30,2026-05-12 19:07:13+05:30
PO12221946,3553078000,355436767364,1000.00,2026-05-12 13:37:39.872760+05:30,2026-05-12 19:07:38+05:30
PO12021019,9242773759,28562435794,500.00,2026-05-12 13:37:55.870110+05:30,2026-05-12 19:07:54+05:30
PO12451827,2931994000,HGVR51PZI5TY20M6YAQMK52SBCG61321337,79.00,2026-05-12 13:37:57.184255+05:30,2026-05-12 19:07:56+05:30
PO12091679,2477553000,BBPSBD016132BALAAAJWYO0S,219.00,2026-05-12 13:38:05.024660+05:30,2026-05-12 19:08:03+05:30
PO12087225,2714384000,271219692060,751.00,2026-05-12 13:38:10.325324+05:30,2026-05-12 19:08:09+05:30
PO12094266,2626504000,HGVRGXEVQKMVREHI6ZFSUUXB6EE61321338,224.00,2026-05-12 13:38:19.676732+05:30,2026-05-12 19:08:18+05:30
PO12395589,2037129000,203857637566,100.00,2026-05-12 13:38:54.791248+05:30,2026-05-12 19:08:53+05:30
PO12296842,7449534735,EW1503670056177328128,205.00,2026-05-12 13:39:02.905080+05:30,2026-05-12 19:09:01+05:30
PO12008046,7454861544,BBPSBD016132BALAAAJWYRIP,291.00,2026-05-12 13:39:07.386129+05:30,2026-05-12 19:09:06+05:30
PO12616661,1578405966,157264075092,1948.00,2026-05-12 13:39:10.846463+05:30,2026-05-12 19:09:10+05:30
PO12391512,5655843000,PP01BX101641266JQRW5693957R61311016,200.00,2026-05-12 13:39:18.739050+05:30,2026-05-12 19:09:17+05:30
PO14809426,6808553000,EW1503670191728844800,2178.00,2026-05-12 13:39:18.846985+05:30,2026-05-12 19:09:17+05:30
PO12535382,3722303000,EW1503670191816925184,220.00,2026-05-12 13:39:19.392471+05:30,2026-05-12 19:09:18+05:30
PO12304288,6587415550,EW1503670272448225280,501.00,2026-05-12 13:39:38.494083+05:30,2026-05-12 19:09:37+05:30
PO12448619,0034673000,003958586459,100.00,2026-05-12 13:39:49.285053+05:30,2026-05-12 19:09:48+05:30
PO12158544,6659778283,EW1503670295789527040,105.00,2026-05-12 13:39:50.454701+05:30,2026-05-12 19:09:49+05:30
PO14804094,5755121353,HGALP16AE70353764513,97.00,2026-05-12 13:40:25.419401+05:30,2026-05-12 19:10:24+05:30
PO12294435,1133967268,EW1503670810573234176,500.00,2026-05-12 13:40:55.083931+05:30,2026-05-12 19:10:53+05:30
AL2270204,4223484000,EW1503670737852391424,241.00,2026-05-12 13:41:00.924736+05:30,2026-05-12 19:10:59+05:30
PO12470434,0833579000,28562475180,500.00,2026-05-12 13:41:10.100383+05:30,2026-05-12 19:11:09+05:30
PO12063491,7256190866,725085975046,256.00,2026-05-12 13:41:28.466572+05:30,2026-05-12 19:11:27+05:30
PO12560588,8260383000,EW1503670830961745920,114.00,2026-05-12 13:41:33.826652+05:30,2026-05-12 19:11:32+05:30
PO12356725,3347384794,NFETEU0170002612231053b9fc361321314,60.00,2026-05-12 13:42:11.845540+05:30,2026-05-12 19:12:10+05:30
PO12303755,3549189000,354165788833,357.00,2026-05-12 13:42:31.994628+05:30,2026-05-12 19:12:30+05:30
PO12141039,9912779000,EW1503671166652866560,540.00,2026-05-12 13:42:46.009454+05:30,2026-05-12 19:12:44+05:30
PO12612886,9277796609,EW1503671301692678144,1185.00,2026-05-12 13:43:24.122888+05:30,2026-05-12 19:13:23+05:30
AL2274663,1480484000,28562519839,1000.00,2026-05-12 13:43:40.473224+05:30,2026-05-12 19:13:39+05:30
PO12446633,3101644000,EW1503671547281760256,759.00,2026-05-12 13:44:12.344327+05:30,2026-05-12 19:14:11+05:30
PO12611219,9483010100,HGALP0D1E60353802218,100.00,2026-05-12 13:44:24.284469+05:30,2026-05-12 19:14:23+05:30
SE10003254,1573169017,BBPSBD016132BALAAAJWY223,60016.00,2026-05-12 13:44:25.412494+05:30,2026-05-12 19:14:24+05:30
PO12533573,4368166000,EW1503671588448854016,1186.00,2026-05-12 13:44:26.380860+05:30,2026-05-12 19:14:25+05:30
PO12253647,6315742148,BBPSPP016132BX1BB125U416,181.00,2026-05-12 13:44:43.737027+05:30,2026-05-12 19:14:42+05:30
PO12577152,3669478010,366620515104,20.00,2026-05-12 13:44:45.818872+05:30,2026-05-12 19:14:45+05:30
PO12099876,4806943000,480828300505,150.00,2026-05-12 13:45:15.541141+05:30,2026-05-12 19:15:14+05:30
PO12368218,7914663000,HGALP14AD30353812452,1.00,2026-05-12 13:45:26.120302+05:30,2026-05-12 19:15:25+05:30
PO12524821,8330894000,EW1503671838840414209,97.00,2026-05-12 13:45:41.147813+05:30,2026-05-12 19:15:39+05:30
PO12455864,4127894000,DHD51001JTRI7N,60.00,2026-05-12 13:45:42.153170+05:30,2026-05-12 19:15:41+05:30
PO12053483,3743149000,EW1503671904779067392,566.00,2026-05-12 13:45:45.546493+05:30,2026-05-12 19:15:44+05:30
PO12489592,1261074000,BBPSPP016132BX1J61287660,33.00,2026-05-12 13:46:22.783987+05:30,2026-05-12 19:16:21+05:30
PO12207416,9577914000,EW1503672137072205824,54.00,2026-05-12 13:46:43.722046+05:30,2026-05-12 19:16:42+05:30
PO12117723,2712914000,EW1503672163278217216,926.00,2026-05-12 13:46:48.078988+05:30,2026-05-12 19:16:46+05:30
PO12489592,1261074000,PP01BX134624585YNUE8159970R61321346,1.00,2026-05-12 13:46:50.027315+05:30,2026-05-12 19:16:48+05:30
PO12234582,9334134593,pay11778573752778494540411261311345,1700.00,2026-05-12 13:47:01.268078+05:30,2026-05-12 19:17:00+05:30
PO12543255,2848372374,284044223132,1894.00,2026-05-12 13:47:09.227751+05:30,2026-05-12 19:17:08+05:30
PO12603331,2851090114,EW1503672198418096128,1368.00,2026-05-12 13:47:14.578496+05:30,2026-05-12 19:17:13+05:30
PO12295920,6403494000,PP01BX233633661VWNJ2112144R61262336,232.00,2026-05-12 13:47:15.729296+05:30,2026-05-12 19:17:14+05:30
PO12294100,4807434000,2053614858802225152DfyMOEsF61302315,22.00,2026-05-12 13:47:16.213997+05:30,2026-05-12 19:17:15+05:30
PO12064068,4857642865,DHD57BI1JTRO5X,9.00,2026-05-12 13:47:28.082810+05:30,2026-05-12 19:17:27+05:30
PO14801507,4508021333,DHD5XNM1JTRQ4I,2000.00,2026-05-12 13:47:34.034170+05:30,2026-05-12 19:17:32+05:30
PO12469276,5137040100,EW1503672320975659008,83.00,2026-05-12 13:47:47.625076+05:30,2026-05-12 19:17:46+05:30
PO12609020,1138808824,EW1503672340105879552,126.00,2026-05-12 13:47:53.435561+05:30,2026-05-12 19:17:52+05:30
PO12284780,0376658000,DHD5BWP1JTRSPJ,200.00,2026-05-12 13:48:22.602702+05:30,2026-05-12 19:18:21+05:30
PO12362662,5051244248,EW1503672513586487296,227.00,2026-05-12 13:48:23.468979+05:30,2026-05-12 19:18:22+05:30
PO12422042,8348984000,EW1503672573355319296,279.00,2026-05-12 13:48:35.379609+05:30,2026-05-12 19:18:34+05:30
PO12466154,9401170698,EW1503672619899510784,1072.00,2026-05-12 13:48:39.373890+05:30,2026-05-12 19:18:38+05:30
PO12207348,9646403619,EW1503672689860501504,74.00,2026-05-12 13:49:39.524683+05:30,2026-05-12 19:19:38+05:30
PO12271240,3039585965,HGALP11D060353852645,56.00,2026-05-12 13:49:43.225972+05:30,2026-05-12 19:19:41+05:30
PO12006832,6889672000,688360022213,503.00,2026-05-12 13:50:02.187220+05:30,2026-05-12 19:19:48+05:30
PO12489327,5521914000,BBPSAX996131Ba065198e849,18.00,2026-05-12 13:50:04.517613+05:30,2026-05-12 19:20:03+05:30
PO12255369,6798592000,EW1503672773293596672,864.00,2026-05-12 13:50:09.153013+05:30,2026-05-12 19:20:08+05:30
PO12406487,4009524000,HGALP14D310353860597,800.00,2026-05-12 13:50:24.072316+05:30,2026-05-12 19:20:22+05:30
PO12319591,4444831399,BBPSPP016132BX5TI12FI513,116.00,2026-05-12 13:50:43.238174+05:30,2026-05-12 19:20:42+05:30
PO12513202,7257563000,DHD5GL81JTS1Y6,17.00,2026-05-12 13:50:44.495410+05:30,2026-05-12 19:20:43+05:30
PO12417349,7289797990,HGALP0B5DB0353871560,311.00,2026-05-12 13:51:45.678519+05:30,2026-05-12 19:21:44+05:30
PO12489821,9338645263,EW1503673178303979520,1200.00,2026-05-12 13:51:50.262841+05:30,2026-05-12 19:21:49+05:30
PO12229557,7997544000,28562639616,317.00,2026-05-12 13:52:18.351010+05:30,2026-05-12 19:22:17+05:30
PO12223565,0251657971,PP01BX2010211378YGC0684988R61292010,617.00,2026-05-12 13:53:20.183467+05:30,2026-05-12 19:23:19+05:30
PO12054999,3007833418,300274068960,370.00,2026-05-12 13:53:21.085613+05:30,2026-05-12 19:23:20+05:30
PO12500238,3997558000,HGALP07F050353887438,323.00,2026-05-12 13:53:23.002591+05:30,2026-05-12 19:23:21+05:30
PO12463981,5908659000,BBPSBD016132BALAAAJWZL78,96.00,2026-05-12 13:53:44.911048+05:30,2026-05-12 19:23:43+05:30
PO12566543,8541540874,854229615895,984.00,2026-05-12 13:53:57.398338+05:30,2026-05-12 19:23:56+05:30
PO12424771,2682214000,EW1503673834393788416,499.00,2026-05-12 13:54:08.180055+05:30,2026-05-12 19:24:07+05:30
PO12331165,4848359506,EW1503674082629476352,573.00,2026-05-12 13:55:01.893407+05:30,2026-05-12 19:25:00+05:30
PO12462932,4782318000,EW1503674122995458048,720.00,2026-05-12 13:55:06.560982+05:30,2026-05-12 19:25:05+05:30
PO12565913,0184537934,BBPSBD016132BALAAAJWZQ5N,71.00,2026-05-12 13:56:04.789262+05:30,2026-05-12 19:26:03+05:30
PO12180662,1373734000,28562689946,31.00,2026-05-12 13:56:22.458525+05:30,2026-05-12 19:26:21+05:30
PO12118302,3953714000,EW1503674534544760832,26.00,2026-05-12 13:56:24.344451+05:30,2026-05-12 19:26:23+05:30
PO12190915,2292032530,2054115602517794816a48NP20261320824,293.00,2026-05-12 13:56:49.360206+05:30,2026-05-12 19:26:48+05:30
PO12630297,9853483357,EW1503674771061563392,82.00,2026-05-12 13:57:21.386513+05:30,2026-05-12 19:27:20+05:30
PO12217946,1908764000,PP01BX0941597746USR3834548R61280941,115.00,2026-05-12 13:57:26.795981+05:30,2026-05-12 19:27:25+05:30
PO12037215,1658323000,PP01BX135739254ZUQW3413686R61321357,500.00,2026-05-12 13:58:01.052080+05:30,2026-05-12 19:27:59+05:30
PO12229103,3320745144,DHD5WO71JTSSFY,100.00,2026-05-12 13:58:06.928596+05:30,2026-05-12 19:28:05+05:30
PO12209353,9928834000,EW1503675034522574848,591.00,2026-05-12 13:58:15.401135+05:30,2026-05-12 19:28:14+05:30
PO12006526,6493384000,HGALP059F10353936857,43.00,2026-05-12 13:58:43.645633+05:30,2026-05-12 19:28:42+05:30
PO12514523,8619231598,EW1503675234209193984,126.00,2026-05-12 13:59:09.860135+05:30,2026-05-12 19:29:08+05:30
PO12020548,8397579077,839596107017,200.00,2026-05-12 13:59:18.629072+05:30,2026-05-12 19:29:17+05:30
PO12382195,6516673332,EW1503675309509533696,1028.00,2026-05-12 13:59:24.707174+05:30,2026-05-12 19:29:23+05:30
AL2272622,7279253000,EW1503675355571380224,93.00,2026-05-12 13:59:30.061255+05:30,2026-05-12 19:29:28+05:30
PO12083739,9314683967,EW1503675365704818688,2000.00,2026-05-12 13:59:31.408017+05:30,2026-05-12 19:29:30+05:30
PO12292576,5581923000,EW1503675510760628224,232.00,2026-05-12 14:00:04.128659+05:30,2026-05-12 19:30:02+05:30
PO12489504,1007334000,HGALP0D87E0353948957,1315.00,2026-05-12 14:00:05.989377+05:30,2026-05-12 19:30:04+05:30
PO12448460,4902892630,DHD50IG1JTS9EE,109.00,2026-05-12 14:00:11.268082+05:30,2026-05-12 19:30:09+05:30
PO12276858,3216983000,DHD5D1A1JTSQ1H,100.00,2026-05-12 14:00:15.081768+05:30,2026-05-12 19:30:13+05:30
PO12194750,6327050100,EW1503675543170015232,149.00,2026-05-12 14:00:18.746693+05:30,2026-05-12 19:30:17+05:30
PO12590652,3044030100,EW1503675533665722368,173.00,2026-05-12 14:00:20.395763+05:30,2026-05-12 19:30:19+05:30
PO12040881,5282281568,28562752777,1000.00,2026-05-12 14:00:40.313932+05:30,2026-05-12 19:30:39+05:30
PO12593728,3202272000,PP01BX140010305EH9Z0756428R61321400,1029.00,2026-05-12 14:01:16.593282+05:30,2026-05-12 19:31:15+05:30
PO12560286,3728394245,HGALP0EE070353959323,404.00,2026-05-12 14:01:24.344666+05:30,2026-05-12 19:31:23+05:30
PO12155779,6395344000,PP01BX135119225BP2R7753099R61311351,36.00,2026-05-12 14:01:30.795109+05:30,2026-05-12 19:31:29+05:30
AL2270910,1011746000,28562768737,100.00,2026-05-12 14:01:51.612699+05:30,2026-05-12 19:31:50+05:30
PO12446296,1643194000,28562767451,117.00,2026-05-12 14:02:03.243300+05:30,2026-05-12 19:32:02+05:30
PO12222413,9367173000,DCHYW031JTT92Y,500.00,2026-05-12 14:02:13.753582+05:30,2026-05-12 19:32:12+05:30
PO12263699,0571482075,BBPSBD016132BALAAAJWZ3CZ,21.00,2026-05-12 14:02:25.970464+05:30,2026-05-12 19:32:24+05:30
PO12293902,4200929756,DHD53HV1JTT9TU,296.00,2026-05-12 14:02:38.908618+05:30,2026-05-12 19:32:37+05:30
PO12101300,7969817780,796529579100,300.00,2026-05-12 14:02:41.504963+05:30,2026-05-12 19:32:35+05:30
PO12452309,1901150485,DHMPV2R1JTTB92,1213.00,2026-05-12 14:02:42.527522+05:30,2026-05-12 19:32:41+05:30
PO12518182,7279543656,727492300676,208.00,2026-05-12 14:03:32.920946+05:30,2026-05-12 19:33:31+05:30
PO12317473,4512743000,HGALP0EA5F0353977066,239.00,2026-05-12 14:03:44.389736+05:30,2026-05-12 19:33:43+05:30
PO12164778,8173191036,28562803284,17.00,2026-05-12 14:04:10.925968+05:30,2026-05-12 19:34:09+05:30
PO12414631,2882726942,EW1503676488427724800,58.00,2026-05-12 14:04:30.224894+05:30,2026-05-12 19:34:29+05:30
PO12209771,6330763000,EW1503676652580200448,279.00,2026-05-12 14:04:42.958184+05:30,2026-05-12 19:34:41+05:30
PO12411618,6776443000,EW1503676799452143616,175.00,2026-05-12 14:05:23.020025+05:30,2026-05-12 19:35:21+05:30
PO12317473,4512743000,HGALP0135E0353999073,2.00,2026-05-12 14:05:43.548038+05:30,2026-05-12 19:35:42+05:30
PO12149997,2365014814,236356621328,2900.00,2026-05-12 14:05:48.274427+05:30,2026-05-12 19:35:47+05:30
PO12214623,5986003000,BBPSPP016132BX4LV134W308,158.00,2026-05-12 14:06:04.059407+05:30,2026-05-12 19:36:02+05:30
PO12245734,5676531268,28562830343,168.00,2026-05-12 14:06:24.447120+05:30,2026-05-12 19:36:23+05:30
PO12024258,1603804000,DHD55D91JTTQ6B,104.00,2026-05-12 14:07:02.283016+05:30,2026-05-12 19:37:01+05:30
PO12604724,5343044000,534499383432,84.00,2026-05-12 14:07:12.450982+05:30,2026-05-12 19:37:11+05:30
PO12370408,8954164000,895520976485,500.00,2026-05-12 14:07:17.384598+05:30,2026-05-12 19:37:16+05:30
PO12317474,0275324000,HGALP0AF260354013409,264.00,2026-05-12 14:07:25.121433+05:30,2026-05-12 19:37:24+05:30
AL2271636,6347719000,PP01BX034853792CWBT6977396R61310348,6.00,2026-05-12 14:07:38.512992+05:30,2026-05-12 19:37:37+05:30
PO12086462,3058659000,EW1503677424067895297,32.00,2026-05-12 14:07:55.456569+05:30,2026-05-12 19:37:54+05:30
PO12242230,7389584000,EW1503677441658806272,785.00,2026-05-12 14:07:57.320726+05:30,2026-05-12 19:37:56+05:30
PO12517349,2098723000,BBPSPU016132LEESZ1C42401,49.00,2026-05-12 14:08:43.819361+05:30,2026-05-12 19:38:42+05:30
PO12204316,0726040100,DPHW8XC1JQJI8Y,100.00,2026-05-12 14:10:09.524891+05:30,2026-05-12 19:40:08+05:30
PO12215489,2903783000,DPHWJEO1JQKXHB,300.00,2026-05-12 14:10:12.755977+05:30,2026-05-12 19:40:11+05:30
PO12509232,8575702892,DPHWXSN1JPOIE5,1000.00,2026-05-12 14:10:15.926730+05:30,2026-05-12 19:40:14+05:30
PO12058194,5342724000,DPHW42P1JSA62W,5.00,2026-05-12 14:10:18.480045+05:30,2026-05-12 19:40:17+05:30
PO12291228,2582253000,DHMP0CS1JTU2W5,3537.00,2026-05-12 14:10:27.884627+05:30,2026-05-12 19:40:26+05:30
PO12406091,2961743000,HGVRNFWN47PB6U99PUXWC5K934E61321410,491.00,2026-05-12 14:10:44.497005+05:30,2026-05-12 19:40:43+05:30
PO12238606,5413254741,EW1503678128048267264,866.00,2026-05-12 14:10:50.916169+05:30,2026-05-12 19:40:49+05:30
PO12051402,4698013000,28562891875,75.00,2026-05-12 14:10:56.140037+05:30,2026-05-12 19:40:54+05:30
PO12553485,5188423000,EW1503678178430246912,215.00,2026-05-12 14:11:02.592252+05:30,2026-05-12 19:41:01+05:30
PO12247005,0543291768,BBPSPP016132BX0JZ13DG254,224.00,2026-05-12 14:11:05.524728+05:30,2026-05-12 19:41:04+05:30
PO12317474,0275324000,HGALP0DD500354047223,3.00,2026-05-12 14:11:23.822324+05:30,2026-05-12 19:41:22+05:30
PO12164257,8656093000,EW1503678256523993088,119.00,2026-05-12 14:11:24.241511+05:30,2026-05-12 19:41:23+05:30
PO12058696,1852253000,EW1503678317425287168,136.00,2026-05-12 14:11:33.228198+05:30,2026-05-12 19:41:32+05:30
PO12329408,3934133000,PP01BX141109758MZLT1681244R61321411,1000.00,2026-05-12 14:11:41.407199+05:30,2026-05-12 19:41:40+05:30
PO12534045,9828392000,982447965353,4000.00,2026-05-12 14:12:56.259609+05:30,2026-05-12 19:42:55+05:30
PO14813109,8593104084,HGALP16FB70354064815,1157.00,2026-05-12 14:13:03.495962+05:30,2026-05-12 19:43:02+05:30
PO12234633,7059273000,DHD5WAC1JTUDFV,50.00,2026-05-12 14:13:49.866900+05:30,2026-05-12 19:43:48+05:30
PO14813109,8593104084,HGALP099B40354072903,11.00,2026-05-12 14:14:05.572856+05:30,2026-05-12 19:44:04+05:30
PO12300912,1054174941,EW1503679000098594816,311.00,2026-05-12 14:14:05.760604+05:30,2026-05-12 19:44:04+05:30
PO12542405,9733463000,973881230388,188.00,2026-05-12 14:14:12.883258+05:30,2026-05-12 19:44:04+05:30
PO12458246,5649223000,DHD5S0F1JTUHB5,300.00,2026-05-12 14:14:39.687004+05:30,2026-05-12 19:44:38+05:30
PO12169412,0616018000,HGALP118800354088997,87.00,2026-05-12 14:16:06.432161+05:30,2026-05-12 19:46:05+05:30
PO12256722,7778302514,DHD5X741JTUM61,93.00,2026-05-12 14:16:12.095627+05:30,2026-05-12 19:46:10+05:30
PO12475275,6900774000,EW1503679674056138752,193.00,2026-05-12 14:16:44.338674+05:30,2026-05-12 19:46:43+05:30
PO12224569,4483212179,BBPSPP016132BX58Y13OF798,1.00,2026-05-12 14:17:45.499745+05:30,2026-05-12 19:47:44+05:30
PO12553430,7072004000,DHD5MEP1JTURLH,49.00,2026-05-12 14:17:56.450645+05:30,2026-05-12 19:47:55+05:30
PO12047003,4126408000,412525059971,1590.00,2026-05-12 14:18:22.815085+05:30,2026-05-12 19:48:22+05:30
PO12224569,4483212179,PP01BX1417182215ZXH2059125R61321417,2.00,2026-05-12 14:18:34.969614+05:30,2026-05-12 19:48:33+05:30
PO12358528,1717900100,EW1503680160876421120,222.00,2026-05-12 14:18:41.500360+05:30,2026-05-12 19:48:40+05:30
PO12448728,1626309353,28563001471,200.00,2026-05-12 14:19:05.332549+05:30,2026-05-12 19:49:04+05:30
PO12190919,4060009678,2054121593599197184ShWfa20261320848,110.00,2026-05-12 14:19:07.728374+05:30,2026-05-12 19:49:06+05:30
PO12113968,4331309000,433734209606,190.00,2026-05-12 14:19:18.257016+05:30,2026-05-12 19:49:17+05:30
PO12356934,4748283000,BBPSPP016132BX1AP13R9596,52.00,2026-05-12 14:19:25.153052+05:30,2026-05-12 19:49:23+05:30
PO12524330,2005289790,200770336188,26.00,2026-05-12 14:20:17.207674+05:30,2026-05-12 19:50:16+05:30
PO12624782,3048469276,HGALP11E620354128876,163.00,2026-05-12 14:20:25.242930+05:30,2026-05-12 19:50:24+05:30
PO12253473,8579643087,EW1503680473356263424,184.00,2026-05-12 14:20:29.103329+05:30,2026-05-12 19:50:27+05:30
PO12459415,1079392000,EW1503680511235022848,168.00,2026-05-12 14:20:30.849276+05:30,2026-05-12 19:50:29+05:30
PO12213485,7833128000,EW1503680535717175296,259.00,2026-05-12 14:20:31.959781+05:30,2026-05-12 19:50:30+05:30
PO12491108,6801012245,680343721552,405.00,2026-05-12 14:21:04.551994+05:30,2026-05-12 19:51:03+05:30
PO12507755,9539183000,EW1503680824897658880,284.00,2026-05-12 14:21:23.420292+05:30,2026-05-12 19:51:22+05:30
PO12296250,6220674000,EW1503681133858480128,83.00,2026-05-12 14:22:27.612348+05:30,2026-05-12 19:52:26+05:30
PO12408569,7605014000,EW1503681189391065088,63.00,2026-05-12 14:22:41.845488+05:30,2026-05-12 19:52:40+05:30
PO12158655,8976499000,28563048034,50.00,2026-05-12 14:23:03.485744+05:30,2026-05-12 19:53:02+05:30
PO12449659,2528103000,252565951502,2000.00,2026-05-12 14:23:12.462402+05:30,2026-05-12 19:53:03+05:30
PO12612912,3475720100,EW1503681277521780736,562.00,2026-05-12 14:23:16.646438+05:30,2026-05-12 19:53:15+05:30
PO12291255,3378925000,EW1503681296073187328,1000.00,2026-05-12 14:23:20.649993+05:30,2026-05-12 19:53:19+05:30
PO12624149,0678503000,HGALP047D10354158600,696.00,2026-05-12 14:23:43.176578+05:30,2026-05-12 19:53:42+05:30
PO12291409,3743324000,EW1503681540244594688,348.00,2026-05-12 14:24:06.479083+05:30,2026-05-12 19:54:05+05:30
PO12595995,1678223000,HGALP014870354170650,243.00,2026-05-12 14:25:05.389746+05:30,2026-05-12 19:55:04+05:30
PO12294949,8546784348,EW1503681782574702592,354.00,2026-05-12 14:25:30.366462+05:30,2026-05-12 19:55:29+05:30
PO12632525,0136414000,013756516085,275.00,2026-05-12 14:26:31.723164+05:30,2026-05-12 19:56:30+05:30
PO12283288,5191864000,EW1503682072606629888,133.00,2026-05-12 14:26:34.905722+05:30,2026-05-12 19:56:33+05:30
PO12152006,1760382000,DHD5P4D1JTVRHY,300.00,2026-05-12 14:27:24.128809+05:30,2026-05-12 19:57:22+05:30
PO12356762,0633825000,28563104742,122.00,2026-05-12 14:27:32.193512+05:30,2026-05-12 19:57:31+05:30
PO12507889,1256193000,EW1503682523339120640,450.00,2026-05-12 14:27:57.791746+05:30,2026-05-12 19:57:56+05:30
PO12611785,1596068000,159354744360,161.00,2026-05-12 14:28:33.623179+05:30,2026-05-12 19:58:32+05:30
PO12311106,3906223000,EW1503682657321967616,842.00,2026-05-12 14:28:48.980000+05:30,2026-05-12 19:58:47+05:30
PO12081605,1634784000,163914919558,1500.00,2026-05-12 14:28:50.017759+05:30,2026-05-12 19:58:49+05:30
PO12468886,4957148000,DHD5GFG1JTVXEO,245.00,2026-05-12 14:28:59.343477+05:30,2026-05-12 19:58:58+05:30
PO12188359,4764339000,BBPSCC016132CBAD19850620,358.00,2026-05-12 14:29:04.888190+05:30,2026-05-12 19:59:03+05:30
PO12555210,0236157396,EW1503682913640079360,132.00,2026-05-12 14:29:50.290128+05:30,2026-05-12 19:59:49+05:30
PO12571956,8213774000,EW1503682930287271936,73.00,2026-05-12 14:29:52.654983+05:30,2026-05-12 19:59:51+05:30
PO12368924,9107373000,DHD539Y1JTVB01,636.00,2026-05-12 14:30:10.501376+05:30,2026-05-12 20:00:09+05:30
PO12474263,8215564000,2054121366595878912e2cxI20261320847,1026.00,2026-05-12 14:30:29.091285+05:30,2026-05-12 20:00:28+05:30
PO12459026,4965153000,BBPSDP2161323GE86IUVXY2O,500.00,2026-05-12 14:30:43.696576+05:30,2026-05-12 20:00:42+05:30
AL2272343,7124383167,28563142341,5.00,2026-05-12 14:30:49.951910+05:30,2026-05-12 20:00:48+05:30
PO12365831,5193540871,EW1503683135736864768,400.00,2026-05-12 14:30:54.830853+05:30,2026-05-12 20:00:53+05:30
PO12356900,7234588061,723038369407,3500.00,2026-05-12 14:30:59.710812+05:30,2026-05-12 20:00:58+05:30
PO12209329,3197063000,HGVRIZVXFREVU4MRVDDEVN7FGWB61321431,441.00,2026-05-12 14:31:40.625232+05:30,2026-05-12 20:01:39+05:30
PO12321656,6092272737,EW1503683350820773888,140.00,2026-05-12 14:31:45.399560+05:30,2026-05-12 20:01:44+05:30
PO12519337,6012072939,HGVRIWUM7JIU0IXMAAX2EYWJ04461321431,39.00,2026-05-12 14:31:58.464195+05:30,2026-05-12 20:01:57+05:30
PO12474263,8215564000,20541249412040294409TvYu20261320902,2.00,2026-05-12 14:32:28.100760+05:30,2026-05-12 20:02:27+05:30
PO12169147,0035159000,DHD5GWV1JTW8SS,500.00,2026-05-12 14:32:34.435436+05:30,2026-05-12 20:02:33+05:30
PO12242143,3784952313,PP01BX085708821RQEE2112159R61310857,387.00,2026-05-12 14:32:40.320705+05:30,2026-05-12 20:02:39+05:30
PO12360898,3689116220,28563171433,615.00,2026-05-12 14:33:05.477738+05:30,2026-05-12 20:03:04+05:30
PO12623507,3436373176,EW1503683939516506112,782.00,2026-05-12 14:33:43.185198+05:30,2026-05-12 20:03:42+05:30
PO12610233,9547284685,EW1503684005748760576,169.00,2026-05-12 14:34:05.089782+05:30,2026-05-12 20:04:03+05:30
PO12198408,4468964000,EW1503684071930683392,775.00,2026-05-12 14:34:15.493275+05:30,2026-05-12 20:04:14+05:30
PO12274620,5522514000,EW1503684098321244160,123.00,2026-05-12 14:34:36.666054+05:30,2026-05-12 20:04:35+05:30
PO12387404,9149720100,BBPSBD016132BALAAAJW1TN8,66.00,2026-05-12 14:35:03.004644+05:30,2026-05-12 20:05:01+05:30
PO12486990,4943713000,EW1503684282899980288,722.00,2026-05-12 14:35:12.037149+05:30,2026-05-12 20:05:10+05:30
PO12423480,8239490459,EW1503684317872087040,263.00,2026-05-12 14:35:15.958894+05:30,2026-05-12 20:05:14+05:30
PO12259635,0547414000,EW1503684429725786112,304.00,2026-05-12 14:35:26.983098+05:30,2026-05-12 20:05:25+05:30
PO12393873,0922748000,28563195927,59.00,2026-05-12 14:35:46.765324+05:30,2026-05-12 20:05:45+05:30
PO12360898,3689116220,28563207482,8.00,2026-05-12 14:35:59.168435+05:30,2026-05-12 20:05:58+05:30
PO12143127,4717684000,HGVRCAR7UTVS9ZHSN6WXE4G0HRT61321435,15.00,2026-05-12 14:36:18.503098+05:30,2026-05-12 20:06:17+05:30
PO12312167,5368166000,BBPSKM016132BALAAAAUM7IN,213.00,2026-05-12 14:37:03.108017+05:30,2026-05-12 20:07:02+05:30
PO12369384,6978983000,EW1503684759297417216,41.00,2026-05-12 14:37:11.441854+05:30,2026-05-12 20:07:10+05:30
PO12232501,6233009836,2053694058212581376WtsipyL161310429,643.00,2026-05-12 14:37:21.482088+05:30,2026-05-12 20:07:20+05:30
PO12117166,6344573000,28563221153,300.00,2026-05-12 14:37:44.843864+05:30,2026-05-12 20:07:43+05:30
PO12360898,3689116220,28563230493,50.00,2026-05-12 14:37:46.630266+05:30,2026-05-12 20:07:45+05:30
PO12316259,9296054000,EW1503684977556414464,1204.00,2026-05-12 14:37:51.984609+05:30,2026-05-12 20:07:50+05:30
PO12444485,8525873655,EW1503685138697379840,1104.00,2026-05-12 14:38:29.433618+05:30,2026-05-12 20:08:28+05:30
PO14805535,9482736113,EW1503685209656614912,1010.00,2026-05-12 14:38:44.031251+05:30,2026-05-12 20:08:42+05:30
PO12344046,3025453000,EW1503685231722848256,41.00,2026-05-12 14:38:47.181030+05:30,2026-05-12 20:08:46+05:30
PO12145491,9830560457,EW1503685254976069632,311.00,2026-05-12 14:39:05.664484+05:30,2026-05-12 20:09:04+05:30
PO12208138,8085564000,HGALP10D660354289782,226.00,2026-05-12 14:39:06.268925+05:30,2026-05-12 20:09:05+05:30
PO12016171,9042827783,EW1503685465005842432,286.00,2026-05-12 14:39:52.984074+05:30,2026-05-12 20:09:51+05:30
PO12083954,9520809000,DHD526T1JTWMYK,410.00,2026-05-12 14:40:08.714714+05:30,2026-05-12 20:10:07+05:30
PO12140317,8325929000,EW1503685590243565568,206.00,2026-05-12 14:40:17.321621+05:30,2026-05-12 20:10:16+05:30
PO14809464,5032453000,HGALP139C20354300249,2630.00,2026-05-12 14:40:24.464629+05:30,2026-05-12 20:10:23+05:30
AL2795046,0216286432,EW1503685672443535360,77204.00,2026-05-12 14:40:46.973447+05:30,2026-05-12 20:10:45+05:30
PO12425362,5166685999,EW1503685950668496896,378.00,2026-05-12 14:41:42.311648+05:30,2026-05-12 20:11:41+05:30
PO12156149,7394373000,DHD53YC1JTX6VP,3258.00,2026-05-12 14:42:03.699054+05:30,2026-05-12 20:12:02+05:30
PO12105388,0655076000,EW1503686134156713984,560.00,2026-05-12 14:42:22.560220+05:30,2026-05-12 20:12:21+05:30
PO12397228,7746369000,28563286474,200.00,2026-05-12 14:42:24.507742+05:30,2026-05-12 20:12:23+05:30
PO12451377,2418884833,EW1503686167912472576,92.00,2026-05-12 14:42:30.055624+05:30,2026-05-12 20:12:28+05:30
PO12450279,5236655242,EW1503686394564272128,140.00,2026-05-12 14:43:36.067027+05:30,2026-05-12 20:13:34+05:30
PO14808473,1223733000,EW1503686529671192576,1441.00,2026-05-12 14:44:08.522921+05:30,2026-05-12 20:14:07+05:30
PO12571665,7795923000,EW1503686520682799104,217.00,2026-05-12 14:44:09.066704+05:30,2026-05-12 20:14:07+05:30
PO12083954,9520809000,DHD5XMI1JTXEOX,2.00,2026-05-12 14:44:18.526219+05:30,2026-05-12 20:14:17+05:30
PO12335937,9123826532,EW1503686840431370240,331.00,2026-05-12 14:45:30.322414+05:30,2026-05-12 20:15:29+05:30
PO12444485,8525873655,DHD59DO1JTXLD8,14.00,2026-05-12 14:46:00.029176+05:30,2026-05-12 20:15:58+05:30
PO12400212,5794383000,HGALP04F210354349111,155.00,2026-05-12 14:46:04.355684+05:30,2026-05-12 20:16:03+05:30
PO12116441,3679543017,DHD5FCW1JTXJB5,88.00,2026-05-12 14:46:22.344340+05:30,2026-05-12 20:16:21+05:30
PO12007111,6197268366,EW1503687060254842880,181.00,2026-05-12 14:46:27.967680+05:30,2026-05-12 20:16:26+05:30
PO12117362,8636224000,HGALP02D140354355924,11.00,2026-05-12 14:46:43.242656+05:30,2026-05-12 20:16:42+05:30
PO12009910,9284922000,EW1503687200835330048,125.00,2026-05-12 14:47:01.667245+05:30,2026-05-12 20:17:00+05:30
PO12338618,4339353000,EW1503687270574022656,217.00,2026-05-12 14:47:29.181674+05:30,2026-05-12 20:17:28+05:30
PO12447960,8303237203,830015460803,382.00,2026-05-12 14:47:51.730196+05:30,2026-05-12 20:17:50+05:30
AL2798867,3342751829,DHMPGM91JTXNWY,22052.00,2026-05-12 14:48:19.706570+05:30,2026-05-12 20:18:18+05:30
PO12577474,5907523000,HGALP0694F0354374531,292.00,2026-05-12 14:48:43.259084+05:30,2026-05-12 20:18:42+05:30
PO12444670,1589813000,HGALP146360354371913,111.00,2026-05-12 14:48:52.438159+05:30,2026-05-12 20:18:51+05:30
PO12099404,1825474923,DHD5WE21JTXURM,390.00,2026-05-12 14:49:01.602985+05:30,2026-05-12 20:19:00+05:30
PO12526856,2278339879,EW1503687667732668416,1514.00,2026-05-12 14:49:07.902059+05:30,2026-05-12 20:19:06+05:30
PO12164607,6362970958,EW1503687885643538432,77.00,2026-05-12 14:49:38.998238+05:30,2026-05-12 20:19:37+05:30
PO12162108,0733451623,DHD50HN1JTXWIE,1000.00,2026-05-12 14:50:07.358885+05:30,2026-05-12 20:20:06+05:30
PO12116441,3679543017,DHD5ONO1JTXST6,1.00,2026-05-12 14:50:09.262390+05:30,2026-05-12 20:20:08+05:30
PO12556031,8972583280,DHD57VJ1JTXET1,1.00,2026-05-12 14:50:15.940902+05:30,2026-05-12 20:20:14+05:30
PO12224276,3934003000,EW1503688116166680576,1083.00,2026-05-12 14:50:35.185542+05:30,2026-05-12 20:20:34+05:30
PO12470739,0838967000,HGALP0EE8D0354389905,8.00,2026-05-12 14:50:45.499782+05:30,2026-05-12 20:20:44+05:30
PO12273229,2090443000,HGVRRH9T2BI91T5HJ0Y6XE64W0661321450,50.00,2026-05-12 14:50:54.583507+05:30,2026-05-12 20:20:53+05:30
PO12184837,9075130100,907552165747,1850.00,2026-05-12 14:51:26.589734+05:30,2026-05-12 20:21:13+05:30
AL2794346,4375725000,437627515572,6522.00,2026-05-12 14:51:30.196110+05:30,2026-05-12 20:21:29+05:30
PO12433428,1246221983,EW1503688497382776832,73.00,2026-05-12 14:51:41.432093+05:30,2026-05-12 20:21:40+05:30
PO12390152,1801832035,180242036544,300.00,2026-05-12 14:51:48.791001+05:30,2026-05-12 20:21:48+05:30
AL2794731,1864474937,186243571858,25378.00,2026-05-12 14:52:28.013873+05:30,2026-05-12 20:22:27+05:30
PO12060216,4504773000,450892075534,318.00,2026-05-12 14:52:32.092656+05:30,2026-05-12 20:22:29+05:30
PO12064440,4831856000,EW1503688901197783040,28.00,2026-05-12 14:53:34.248246+05:30,2026-05-12 20:23:32+05:30
PO12037909,6729778934,EW1503688985968861184,276.00,2026-05-12 14:53:37.766475+05:30,2026-05-12 20:23:36+05:30
PO12277553,7659098000,EW1503689107297492992,173.00,2026-05-12 14:53:59.703659+05:30,2026-05-12 20:23:58+05:30
PO12041472,7588528000,758949699567,906.00,2026-05-12 14:55:07.777499+05:30,2026-05-12 20:25:06+05:30
PO12429073,6843878363,EW1503689313183293440,306.00,2026-05-12 14:55:09.098973+05:30,2026-05-12 20:25:08+05:30
PO12580777,4971514000,EW1503689483820163072,769.00,2026-05-12 14:55:26.611617+05:30,2026-05-12 20:25:25+05:30
PO14805807,9873818928,DHD5PSH1JTYH27,1000.00,2026-05-12 14:55:29.323862+05:30,2026-05-12 20:25:28+05:30
PO12087607,5918108000,DHD5ZZE1JTYI29,878.00,2026-05-12 14:55:29.611599+05:30,2026-05-12 20:25:28+05:30
PO12308047,2046843000,HGALP165580354431347,168.00,2026-05-12 14:55:44.805180+05:30,2026-05-12 20:25:43+05:30
PO12283296,9994925000,EW1503689569195220992,284.00,2026-05-12 14:55:49.817353+05:30,2026-05-12 20:25:48+05:30
PO12079935,9947239000,HGALP132390354437106,500.00,2026-05-12 14:56:24.760198+05:30,2026-05-12 20:26:23+05:30
PO12106824,4172301448,EW1503689897621807104,149.00,2026-05-12 14:57:06.564673+05:30,2026-05-12 20:27:05+05:30
PO12256722,7778302514,DHD5FIF1JTYO2S,3.00,2026-05-12 14:57:36.079018+05:30,2026-05-12 20:27:34+05:30
PO12146928,4897770735,EW1503690027443904512,218.00,2026-05-12 14:57:42.408915+05:30,2026-05-12 20:27:41+05:30
PO12037759,4843124000,EW1503690076492095488,808.00,2026-05-12 14:58:27.679287+05:30,2026-05-12 20:28:26+05:30
PO12145076,0875573000,EW1503690171157536768,764.00,2026-05-12 14:58:41.237412+05:30,2026-05-12 20:28:40+05:30
PO12068231,2905590150,2054131588838936576nfS8H20261320928,200.00,2026-05-12 14:58:47.365023+05:30,2026-05-12 20:28:46+05:30
PO12203254,8079684000,807752374622,1000.00,2026-05-12 14:59:12.182283+05:30,2026-05-12 20:29:01+05:30
PO12410570,8680103000,DHMPWNM1JTYSZO,130.00,2026-05-12 14:59:27.492470+05:30,2026-05-12 20:29:26+05:30
PO12331567,3782054000,EW1503690404125958144,192.00,2026-05-12 14:59:28.218444+05:30,2026-05-12 20:29:27+05:30
PO12320135,5652101761,28563489843,333.00,2026-05-12 14:59:34.229974+05:30,2026-05-12 20:29:33+05:30
PO12350152,6566940100,PP01BX095101506TLGY3590423R61300951,122.00,2026-05-12 14:59:42.878206+05:30,2026-05-12 20:29:41+05:30
PO12057452,6479366034,PP01BX14591120119VS9152744R61321459,88.00,2026-05-12 14:59:45.532420+05:30,2026-05-12 20:29:44+05:30
PO12564370,3303193000,28563494003,572.00,2026-05-12 14:59:48.945901+05:30,2026-05-12 20:29:47+05:30
PO12413559,2457124000,EW1503690491031937024,587.00,2026-05-12 14:59:59.305129+05:30,2026-05-12 20:29:58+05:30
PO12279577,5451422547,545571416600,500.00,2026-05-12 15:00:19.528903+05:30,2026-05-12 20:30:18+05:30
PO12057452,6479366034,PP01BX150001197YLN35505050R61321500,500.00,2026-05-12 15:00:43.980204+05:30,2026-05-12 20:30:42+05:30
PO12072243,3000900068,EW1503690708800200704,117.00,2026-05-12 15:00:58.793370+05:30,2026-05-12 20:30:57+05:30
PO12291117,8982805166,EW1503690857538609152,443.00,2026-05-12 15:01:09.727639+05:30,2026-05-12 20:31:08+05:30
PO12500201,9627767000,962023743285,546.00,2026-05-12 15:01:13.926485+05:30,2026-05-12 20:31:13+05:30
PO12404338,4688253000,PP01BX0115486781LH65693296R61280115,108.00,2026-05-12 15:01:15.516824+05:30,2026-05-12 20:31:14+05:30
PO12008406,2611815588,EW1503690969102901248,300.00,2026-05-12 15:01:45.441659+05:30,2026-05-12 20:31:44+05:30
PO12193732,8358647687,HGALP1452E0354485401,137.00,2026-05-12 15:02:06.307243+05:30,2026-05-12 20:32:05+05:30
PO12011220,4904066000,490256688527,210.00,2026-05-12 15:02:19.858430+05:30,2026-05-12 20:32:15+05:30
PO12342637,3809973000,EW1503691177245237248,1517.00,2026-05-12 15:02:31.828870+05:30,2026-05-12 20:32:30+05:30
PO12069932,2366213000,EW1503691198359363584,90.00,2026-05-12 15:02:32.612943+05:30,2026-05-12 20:32:31+05:30
PO12262673,7098204000,EW1503691389527351296,141.00,2026-05-12 15:03:03.468287+05:30,2026-05-12 20:33:02+05:30
PO12564197,7173176000,717331528019,500.00,2026-05-12 15:03:15.614870+05:30,2026-05-12 20:33:14+05:30
PO12052500,8588387000,PP01BX150301927S1YZ6802832R61321503,16.00,2026-05-12 15:03:39.144460+05:30,2026-05-12 20:33:38+05:30
PO12469663,7839040100,BBPSBD016132BALAAAJW297E,35.00,2026-05-12 15:03:44.292183+05:30,2026-05-12 20:33:43+05:30
PO12566250,0596137672,059766273326,2000.00,2026-05-12 15:03:55.578117+05:30,2026-05-12 20:33:54+05:30
PO12593273,7459893000,EW1503691617294835712,780.00,2026-05-12 15:04:07.768845+05:30,2026-05-12 20:34:06+05:30
PO12423162,1452544342,EW1503691672705785856,5312.00,2026-05-12 15:04:19.691554+05:30,2026-05-12 20:34:18+05:30
PO12085581,3571408000,BBPSBD016132BALAAAJW3C2T,171.00,2026-05-12 15:05:28.065488+05:30,2026-05-12 20:35:26+05:30
PO12153096,8951403000,BBPSPP016132BX1UU15WU027,2.00,2026-05-12 15:05:44.823848+05:30,2026-05-12 20:35:43+05:30
PO12571585,9008544000,900928001421,100.00,2026-05-12 15:06:34.003007+05:30,2026-05-12 20:36:33+05:30
PO12314959,4242573000,DHD5RYZ1JTZJNG,588.00,2026-05-12 15:06:39.170438+05:30,2026-05-12 20:36:38+05:30
PO12433963,1776443000,HGALP05EC60354529356,224.00,2026-05-12 15:07:04.481423+05:30,2026-05-12 20:37:03+05:30
PO12418240,0392643000,HGALP085090354530163,190.00,2026-05-12 15:07:24.377087+05:30,2026-05-12 20:37:23+05:30
PO12491309,7197214000,PP01BX150443737IFWF3773250R61301504,75.00,2026-05-12 15:07:40.045144+05:30,2026-05-12 20:37:38+05:30
PO12482108,2062018000,EW1503692485280882688,319.00,2026-05-12 15:08:00.388002+05:30,2026-05-12 20:37:59+05:30
PO12489289,2474844000,247120493926,1010.00,2026-05-12 15:08:10.806628+05:30,2026-05-12 20:38:09+05:30
AL2795055,5252336807,BBPSYB4161324LUSG8KGQOUD,57184.00,2026-05-12 15:08:44.264883+05:30,2026-05-12 20:38:43+05:30
PO12079250,0707300100,BBPSBD016132BALAAAJW3IZ7,204.00,2026-05-12 15:08:45.783564+05:30,2026-05-12 20:38:44+05:30
PO12231897,5600494000,EW1503692587139555328,247.00,2026-05-12 15:08:51.318434+05:30,2026-05-12 20:38:50+05:30
PO14809163,5140909101,EW1503692880665337856,199.00,2026-05-12 15:09:53.915063+05:30,2026-05-12 20:39:52+05:30
PO12403692,2576803000,PLUU6RRIIGLKSMQVA023MF4RLNA61321509,100.00,2026-05-12 15:10:04.314186+05:30,2026-05-12 20:40:03+05:30
PO12189586,5420230100,HGALP050AC0354553816,991.00,2026-05-12 15:10:05.586003+05:30,2026-05-12 20:40:04+05:30
PO12081702,9334384000,DHD5F7D1JTZL1X,89.00,2026-05-12 15:10:13.102150+05:30,2026-05-12 20:40:11+05:30
PO12461907,6004966871,EW1503692967172857856,47.00,2026-05-12 15:10:16.199970+05:30,2026-05-12 20:40:15+05:30
PO12129389,6395673000,EW1503692956666126336,76.00,2026-05-12 15:10:16.311095+05:30,2026-05-12 20:40:15+05:30
PO12381250,8402618000,BBP59f0680bcee54aT20260512151001103,34.00,2026-05-12 15:10:19.705457+05:30,2026-05-12 20:40:18+05:30
PO12114395,5566050100,EW1503693038811570176,327.00,2026-05-12 15:10:20.908240+05:30,2026-05-12 20:40:19+05:30
PO12239945,6369469000,EW1503693417192316929,121.00,2026-05-12 15:11:45.777079+05:30,2026-05-12 20:41:44+05:30
PO12598342,1081694000,PP01BX151125984SDUE2406641R61321511,20.00,2026-05-12 15:11:48.787079+05:30,2026-05-12 20:41:47+05:30
PO12232753,9231543000,EW1503693449102581760,147.00,2026-05-12 15:12:06.054208+05:30,2026-05-12 20:42:04+05:30
PO12400385,0198763000,EW1503693477426716672,51.00,2026-05-12 15:12:06.566480+05:30,2026-05-12 20:42:05+05:30
PO12332542,8477234000,BBPSPP016132BX1UU167J190,715.00,2026-05-12 15:12:23.374485+05:30,2026-05-12 20:42:22+05:30
PO12130678,8516147614,BBPSSD016132BAKWAP120060,500.00,2026-05-12 15:12:29.398480+05:30,2026-05-12 20:42:28+05:30
PO12433529,4004024000,EW1503693811716939776,21.00,2026-05-12 15:13:03.741768+05:30,2026-05-12 20:43:02+05:30
PO12031206,2448605888,HGALP0D5AC0354578007,568.00,2026-05-12 15:13:05.584694+05:30,2026-05-12 20:43:04+05:30
PO12114396,6344529000,EW1503693921544790016,296.00,2026-05-12 15:13:16.803471+05:30,2026-05-12 20:43:15+05:30
PO12311852,2728354000,EW1503693916880723968,137.00,2026-05-12 15:13:20.606578+05:30,2026-05-12 20:43:19+05:30
PO12284108,0148798000,014403147941,397.00,2026-05-12 15:13:24.659617+05:30,2026-05-12 20:43:23+05:30
PO12487382,2913874000,291910075699,240.00,2026-05-12 15:13:28.322901+05:30,2026-05-12 20:43:20+05:30
PO12049287,0018684000,28563651745,1000.00,2026-05-12 15:13:36.648610+05:30,2026-05-12 20:43:35+05:30
PO12317032,8810291194,DHD57T21JU07Z4,622.00,2026-05-12 15:13:56.255034+05:30,2026-05-12 20:43:55+05:30
PO12561404,5778603000,HGALP056A40354593709,488.00,2026-05-12 15:14:45.621530+05:30,2026-05-12 20:44:44+05:30
PO12253169,9819733000,EW1503694336948658176,323.00,2026-05-12 15:14:49.667772+05:30,2026-05-12 20:44:48+05:30
PO12539070,7246693000,EW1503694351016353792,201.00,2026-05-12 15:14:57.284039+05:30,2026-05-12 20:44:56+05:30
PO12544811,1125132000,BBPSPU016132PL6LOGMG6239,3534.00,2026-05-12 15:15:06.224876+05:30,2026-05-12 20:45:05+05:30
PO12528164,5977344000,EW1503694371316785152,130.00,2026-05-12 15:15:06.766715+05:30,2026-05-12 20:45:05+05:30
PO12289682,7426004000,EW1503694411963785216,444.00,2026-05-12 15:15:32.733647+05:30,2026-05-12 20:45:31+05:30
PO12518677,8256724028,825737376106,90.00,2026-05-12 15:15:35.561462+05:30,2026-05-12 20:45:19+05:30
PO12049065,5016484000,DEP7PWW1JU0GFB,1000.00,2026-05-12 15:16:15.427121+05:30,2026-05-12 20:46:14+05:30
PO12563998,3646973000,28563698580,2.00,2026-05-12 15:16:38.059996+05:30,2026-05-12 20:46:36+05:30
PO12026446,4847784000,484906320279,800.00,2026-05-12 15:16:46.011823+05:30,2026-05-12 20:46:43+05:30
PO12387132,2118199000,211190063472,50.00,2026-05-12 15:17:02.012875+05:30,2026-05-12 20:46:47+05:30
PO12366801,9161503000,EW1503694805817319424,50.00,2026-05-12 15:17:03.628021+05:30,2026-05-12 20:47:02+05:30
PO12518645,6901773000,690331757194,362.00,2026-05-12 15:17:06.424759+05:30,2026-05-12 20:47:05+05:30
PO12336348,0362270951,EW1503695040958390272,122.00,2026-05-12 15:17:49.351727+05:30,2026-05-12 20:47:48+05:30
PO12435951,6808104000,HGALP0629F0354626843,278.00,2026-05-12 15:18:44.408805+05:30,2026-05-12 20:48:43+05:30
PO12447242,3823624000,EW1503695139109298176,3.00,2026-05-12 15:18:45.100087+05:30,2026-05-12 20:48:43+05:30
PO12369671,5020854000,HGVRHXYI6FUIIBZQVSB02NUYEZK61321518,129.00,2026-05-12 15:18:56.710798+05:30,2026-05-12 20:48:55+05:30
PO12441431,5626754000,BBPSCS1161323WZ1WYHCIC35,123.00,2026-05-12 15:19:03.361960+05:30,2026-05-12 20:49:02+05:30
PO12408191,1150709705,EW1503695277206757376,464.00,2026-05-12 15:19:45.770285+05:30,2026-05-12 20:49:44+05:30
PO12064243,9400154000,EW1503695334157017088,672.00,2026-05-12 15:19:56.706388+05:30,2026-05-12 20:49:55+05:30
PO12408787,6470463918,EW1503695767407648768,512.00,2026-05-12 15:21:22.446610+05:30,2026-05-12 20:51:21+05:30
PO12134800,4879400100,BBPSPP016132BX1AP16MZ719,379.00,2026-05-12 15:21:42.881740+05:30,2026-05-12 20:51:41+05:30
PO12272630,9897694000,989434056882,103.00,2026-05-12 15:22:34.381211+05:30,2026-05-12 20:52:31+05:30
PO12600730,2690563000,EW1503696308233789440,811.00,2026-05-12 15:23:09.314732+05:30,2026-05-12 20:53:08+05:30
PO12046157,3683949557,BBPSPP016132BX1BS16RP043,6.00,2026-05-12 15:24:23.827179+05:30,2026-05-12 20:54:22+05:30
PO12535834,3057046031,BBPSPP016132BX58Y16RZ159,854.00,2026-05-12 15:24:43.590255+05:30,2026-05-12 20:54:42+05:30
PO12252493,7620523000,EW1503696579550732288,3772.00,2026-05-12 15:24:50.658621+05:30,2026-05-12 20:54:49+05:30
PO12543288,3971094000,EW1503696686350295040,1935.00,2026-05-12 15:25:08.073881+05:30,2026-05-12 20:55:06+05:30
PO12465528,1774618000,PP01BX152420609FVJJ8159174R61321524,75.00,2026-05-12 15:25:28.446260+05:30,2026-05-12 20:55:27+05:30
PO12203112,5765978000,576677138561,200.00,2026-05-12 15:25:39.889711+05:30,2026-05-12 20:55:29+05:30
PO12056115,0798384000,EW1503696902038183936,430.00,2026-05-12 15:25:50.475450+05:30,2026-05-12 20:55:49+05:30
PO12449944,2598833000,DHD5LAZ1JU1PVV,490.00,2026-05-12 15:27:14.858657+05:30,2026-05-12 20:57:13+05:30
PO12406676,2745223000,PP01BX124812575LIT09345077R61311248,426.00,2026-05-12 15:27:24.183190+05:30,2026-05-12 20:57:23+05:30
PO12320696,8821873000,HGALP13DDF0354703992,456.00,2026-05-12 15:27:43.968384+05:30,2026-05-12 20:57:42+05:30
PO12289958,0834633000,EW1503697388753608704,347.00,2026-05-12 15:28:08.707815+05:30,2026-05-12 20:58:07+05:30
PO12443731,1403139068,EW1503697421540483072,382.00,2026-05-12 15:28:12.409975+05:30,2026-05-12 20:58:11+05:30
PO12208960,5767263000,DHD5R9V1JU1XSA,200.00,2026-05-12 15:28:13.209688+05:30,2026-05-12 20:58:12+05:30
PO12494661,2583430100,PP01BX062133532FOUL3558914R61300621,221.00,2026-05-12 15:28:46.026730+05:30,2026-05-12 20:58:44+05:30
PO12190936,7963672000,DHD50L21JU238R,1500.00,2026-05-12 15:28:58.454700+05:30,2026-05-12 20:58:57+05:30
PO12249510,1908564975,190061268576,200.00,2026-05-12 15:29:01.627477+05:30,2026-05-12 20:59:00+05:30
PO12265632,7047958000,704541866415,318.00,2026-05-12 15:29:11.726547+05:30,2026-05-12 20:59:06+05:30
PO12158382,6493404000,DPHWDJE1JU27JK,73.00,2026-05-12 15:29:49.904368+05:30,2026-05-12 20:59:48+05:30
PO12288503,6116712372,611516545197,154.00,2026-05-12 15:29:56.989224+05:30,2026-05-12 20:59:56+05:30
PO12620978,7951023000,DHD5NLA1JU11JI,48.00,2026-05-12 15:30:07.791376+05:30,2026-05-12 21:00:06+05:30
PO12309156,5686733000,EW1503698302893776896,36.00,2026-05-12 15:31:33.194217+05:30,2026-05-12 21:01:32+05:30
PO12273279,6317464000,BBPSBD016132BALAAAJW4N1A,291.00,2026-05-12 15:31:43.338050+05:30,2026-05-12 21:01:42+05:30
PO12448815,2580751907,EW1503698565914386432,57.00,2026-05-12 15:32:20.097352+05:30,2026-05-12 21:02:19+05:30
PO12328912,3622074000,EW1503698585887662080,219.00,2026-05-12 15:32:22.758728+05:30,2026-05-12 21:02:21+05:30
PO12115881,7228051892,EW1503698767941427200,59.00,2026-05-12 15:33:02.935109+05:30,2026-05-12 21:03:01+05:30
PO12301828,5888666518,HGALP10DE00354754062,85.00,2026-05-12 15:33:45.033069+05:30,2026-05-12 21:03:43+05:30
PO12506516,7058993000,705112218097,657.00,2026-05-12 15:34:16.674072+05:30,2026-05-12 21:04:15+05:30
PO12034055,2649259072,DHD5HRP1JU3BNH,184.00,2026-05-12 15:34:27.939807+05:30,2026-05-12 21:04:26+05:30
PO12109665,5928559000,592398601219,1402.00,2026-05-12 15:34:37.107129+05:30,2026-05-12 21:04:32+05:30
PO12541149,2942298913,28563901877,13.00,2026-05-12 15:34:54.135043+05:30,2026-05-12 21:04:53+05:30
PO12277013,5451004000,PP01BX113137742EC2G6473080R61311131,50.00,2026-05-12 15:35:08.238806+05:30,2026-05-12 21:05:07+05:30
PO12313070,2071604336,EW1503699409909014528,134.00,2026-05-12 15:35:48.605072+05:30,2026-05-12 21:05:47+05:30
PO14811000,7290392000,EW1503699466041384960,102.00,2026-05-12 15:35:58.988233+05:30,2026-05-12 21:05:57+05:30
PO12562546,1532178622,HGVRJC4QKEK56EH514R74KYNTXI61321536,133.00,2026-05-12 15:36:22.508333+05:30,2026-05-12 21:06:21+05:30
PO12406676,2745223000,PP01BX153108892PR3F2778396R61321531,30.00,2026-05-12 15:36:24.198651+05:30,2026-05-12 21:06:23+05:30
PO14813734,9741513000,DHD5VPP1JU3ZB1,7.00,2026-05-12 15:37:10.838106+05:30,2026-05-12 21:07:09+05:30
PO12530107,4143257318,DHMP2RW1JU42OU,1366.00,2026-05-12 15:37:47.677257+05:30,2026-05-12 21:07:46+05:30
PO12364461,4830463000,EW1503700143874465792,1096.00,2026-05-12 15:38:13.079412+05:30,2026-05-12 21:08:11+05:30
PO12641868,6196711743,EW1503700237071900672,76.00,2026-05-12 15:38:23.383570+05:30,2026-05-12 21:08:22+05:30
PO12236194,4611259147,EW1503700328537088000,310.00,2026-05-12 15:39:00.394740+05:30,2026-05-12 21:08:59+05:30
PO12155294,8441625000,BBPSPP016132BX48X17GX490,104.00,2026-05-12 15:39:25.553848+05:30,2026-05-12 21:09:24+05:30
PO12045405,6736384000,HGALP029390354805072,306.00,2026-05-12 15:39:47.441620+05:30,2026-05-12 21:09:46+05:30
PO12416259,2706587000,BBPSPU016132RYWF0YC38267,221.00,2026-05-12 15:40:05.911243+05:30,2026-05-12 21:10:04+05:30
PO12021528,6612899715,EW1503700730049421312,196.00,2026-05-12 15:40:42.969411+05:30,2026-05-12 21:10:41+05:30
PO12155293,7275327937,BBPSPP016132BX1AP17IP560,1.00,2026-05-12 15:40:45.558271+05:30,2026-05-12 21:10:44+05:30
PO12489272,6821549774,EW1503700822991003648,175.00,2026-05-12 15:40:54.743278+05:30,2026-05-12 21:10:53+05:30
PO12544511,9837151000,EW1503700825201401856,467.00,2026-05-12 15:40:57.701155+05:30,2026-05-12 21:10:56+05:30
PO12023473,0714353000,28563963527,1000.00,2026-05-12 15:41:36.145537+05:30,2026-05-12 21:11:35+05:30
PO12215355,9042624000,HGALP0F84C0354824821,10.00,2026-05-12 15:42:06.056887+05:30,2026-05-12 21:12:04+05:30
PO12321089,7965373000,EW1503701182430273536,2978.00,2026-05-12 15:42:19.576129+05:30,2026-05-12 21:12:18+05:30
PO12321089,7965373000,796847715968,1000.00,2026-05-12 15:42:41.821827+05:30,2026-05-12 21:12:31+05:30
PO12191147,6551673000,655136214694,200.00,2026-05-12 15:42:48.016816+05:30,2026-05-12 21:12:46+05:30
PO12041456,6932484000,693377786491,500.00,2026-05-12 15:43:10.364593+05:30,2026-05-12 21:13:04+05:30
PO12190936,7963672000,DHD57HP1JU5SQ4,1000.00,2026-05-12 15:43:49.153963+05:30,2026-05-12 21:13:48+05:30
PO12547176,9965011879,EW1503701570751520768,535.00,2026-05-12 15:43:52.159506+05:30,2026-05-12 21:13:51+05:30
PO12342458,1191006097,28563982681,100.00,2026-05-12 15:44:00.163370+05:30,2026-05-12 21:13:59+05:30
PO12404844,1611364000,EW1503701665249189888,1977.00,2026-05-12 15:44:04.658151+05:30,2026-05-12 21:14:03+05:30
PO12382945,1556668000,EW1503701809910734848,2363.00,2026-05-12 15:44:55.477894+05:30,2026-05-12 21:14:54+05:30
PO12621844,8538774000,EW1503701894027501568,506.00,2026-05-12 15:45:32.287884+05:30,2026-05-12 21:15:31+05:30
PO12298069,2628792212,262573098587,200.00,2026-05-12 15:46:12.622415+05:30,2026-05-12 21:16:11+05:30
PO12213459,9162100100,DHD51PN1JU6DMC,702.00,2026-05-12 15:46:16.319837+05:30,2026-05-12 21:16:15+05:30
PO12488025,3931694000,HGALP0AA150354860004,257.00,2026-05-12 15:46:23.941875+05:30,2026-05-12 21:16:22+05:30
AL2799588,5229067061,NFETEU017000259988298046e7f61290515,5960.00,2026-05-12 15:47:50.801924+05:30,2026-05-12 21:17:49+05:30
PO12226998,7952840005,795554823067,800.00,2026-05-12 15:47:55.917247+05:30,2026-05-12 21:17:55+05:30
PO12066355,7083403000,BBPSAX996131B82ecaafb9a6,126.00,2026-05-12 15:48:02.848505+05:30,2026-05-12 21:18:01+05:30
PO12409550,5290840699,BBPSPU016132VEOM62JY6896,5.00,2026-05-12 15:48:25.054958+05:30,2026-05-12 21:18:23+05:30
PO12121517,1815810100,28564051604,371.00,2026-05-12 15:48:43.589323+05:30,2026-05-12 21:18:42+05:30
PO12620607,2167166000,EW1503702836395335680,663.00,2026-05-12 15:49:02.973232+05:30,2026-05-12 21:19:01+05:30
PO14800602,9532673000,EW1503702837099978752,199.00,2026-05-12 15:49:03.130451+05:30,2026-05-12 21:19:02+05:30
PO12474824,8460307797,BBPSPP016132BX1QH17WU295,193.00,2026-05-12 15:49:04.929483+05:30,2026-05-12 21:19:03+05:30
PO12224406,9980824000,28564061903,500.00,2026-05-12 15:49:31.576890+05:30,2026-05-12 21:19:30+05:30
PO12473326,1317964000,EW1503702924886761472,1413.00,2026-05-12 15:49:41.011922+05:30,2026-05-12 21:19:39+05:30
PO12034830,2136213000,DHD5ODH1JU7B6E,500.00,2026-05-12 15:50:07.785548+05:30,2026-05-12 21:20:06+05:30
PO12223079,7445944000,DHD5HQ11JU7D34,100.00,2026-05-12 15:50:13.780833+05:30,2026-05-12 21:20:12+05:30
PO12485438,9331362921,DHD5X791JU6MU0,495.00,2026-05-12 15:50:15.022516+05:30,2026-05-12 21:20:13+05:30
PO12422217,1205235978,28564073045,121.00,2026-05-12 15:50:29.847561+05:30,2026-05-12 21:20:28+05:30
PO12367757,1888951844,DHD508K1JU7FPY,249.00,2026-05-12 15:51:08.084043+05:30,2026-05-12 21:21:06+05:30
AL2270857,4390066000,EW1503703480371994624,132.00,2026-05-12 15:51:55.892152+05:30,2026-05-12 21:21:54+05:30
PO12493386,7433692000,28564100836,276.00,2026-05-12 15:52:54.905132+05:30,2026-05-12 21:22:53+05:30
AL2800660,6783420332,DHD5I9H1JU83VD,628.00,2026-05-12 15:53:01.303969+05:30,2026-05-12 21:23:00+05:30
PO12507356,9935333000,HGALP0A2890354916356,500.00,2026-05-12 15:53:02.822571+05:30,2026-05-12 21:23:01+05:30
PO12485167,7719788740,EW1503703758676647936,488.00,2026-05-12 15:53:13.867095+05:30,2026-05-12 21:23:12+05:30
PO12136160,0267140100,026361210683,251.00,2026-05-12 15:53:30.220558+05:30,2026-05-12 21:23:23+05:30
PO12370041,1051537488,EW1503703865400713216,61.00,2026-05-12 15:53:51.161946+05:30,2026-05-12 21:23:50+05:30
PO12191187,4758504064,EW1503703890168078336,136.00,2026-05-12 15:54:13.828823+05:30,2026-05-12 21:24:12+05:30
PO12317189,7176644475,EW1503703983277432832,311.00,2026-05-12 15:54:34.638122+05:30,2026-05-12 21:24:33+05:30
PO12320650,5175692000,EW1503704121278423040,42.00,2026-05-12 15:54:47.294553+05:30,2026-05-12 21:24:46+05:30
PO12326229,4349848000,PP01BX053257796JU7R6977673R61280532,254.00,2026-05-12 15:54:52.199719+05:30,2026-05-12 21:24:51+05:30
AL2800660,6783420332,DHD5W031JU8U2N,33.00,2026-05-12 15:55:18.271849+05:30,2026-05-12 21:25:17+05:30
PO12351283,0991177000,EW1503704447775629312,4860.00,2026-05-12 15:55:54.660949+05:30,2026-05-12 21:25:53+05:30
PO12545455,9863557969,EW1503704458596933632,226.00,2026-05-12 15:55:57.129806+05:30,2026-05-12 21:25:55+05:30
PO12395231,5080048000,508463039333,100.00,2026-05-12 15:56:12.131850+05:30,2026-05-12 21:26:11+05:30
PO12386668,0714967000,EW1503704705796628480,238.00,2026-05-12 15:56:25.625527+05:30,2026-05-12 21:26:24+05:30
PO12122058,8408540100,28564143529,138.00,2026-05-12 15:56:47.185009+05:30,2026-05-12 21:26:46+05:30
PO12230930,7894643998,28564144025,205.00,2026-05-12 15:56:53.462528+05:30,2026-05-12 21:26:52+05:30
AL2800058,2309872857,HGALP036260354952294,366.00,2026-05-12 15:57:03.886694+05:30,2026-05-12 21:27:02+05:30
PO12580845,4938283000,EW1503704807885987840,1810.00,2026-05-12 15:57:05.965694+05:30,2026-05-12 21:27:04+05:30
PO12217399,2745804000,274972826813,200.00,2026-05-12 15:58:13.285259+05:30,2026-05-12 21:28:12+05:30
PO12345588,4371624000,PP01BX121949818BDEH4703977R61311219,50.00,2026-05-12 15:58:19.653235+05:30,2026-05-12 21:28:18+05:30
PO12291031,5914557643,PLUL6VXYYJJXXWH3H68WPQGMP1O61321557,205.00,2026-05-12 15:58:26.455041+05:30,2026-05-12 21:28:25+05:30
PO12489658,4673050029,BBPSPP016132BX7O418D0243,3230.00,2026-05-12 15:58:45.537213+05:30,2026-05-12 21:28:44+05:30
PO12332329,5249084601,524774632141,300.00,2026-05-12 15:59:11.999002+05:30,2026-05-12 21:29:11+05:30
AL2799696,5454810553,DHDF7FW1JU8ACN,20000.00,2026-05-12 16:00:07.390226+05:30,2026-05-12 21:30:06+05:30
PO12532527,8045573000,DHD5G2N1JU7ENT,1000.00,2026-05-12 16:00:08.182724+05:30,2026-05-12 21:30:07+05:30
PO12092899,2708874503,DHD512O1JU8EKG,449.00,2026-05-12 16:00:10.153435+05:30,2026-05-12 21:30:08+05:30
PO12395238,0356687000,035713844402,1500.00,2026-05-12 16:00:10.790925+05:30,2026-05-12 21:30:01+05:30
PO12100896,0415938000,DHD57KI1JU9L3V,365.00,2026-05-12 16:00:11.094357+05:30,2026-05-12 21:30:09+05:30
PO12485438,9331362921,DHD53CZ1JU84VU,5.00,2026-05-12 16:00:14.603031+05:30,2026-05-12 21:30:13+05:30
PO12604675,6723103000,EW1503705638035218432,259.00,2026-05-12 16:00:47.665691+05:30,2026-05-12 21:30:46+05:30
PO12486235,2778074000,EW1503705751851851776,90.00,2026-05-12 16:01:08.214748+05:30,2026-05-12 21:31:07+05:30
AL2795312,4991153000,499437509360,241832.00,2026-05-12 16:01:08.973487+05:30,2026-05-12 21:31:08+05:30
PO12148320,0420592000,PP01BX003401228JIAQ3590427R61310034,1122.00,2026-05-12 16:02:28.366169+05:30,2026-05-12 21:32:27+05:30
PO12350460,5788310100,578008367977,354.00,2026-05-12 16:02:46.629021+05:30,2026-05-12 21:32:39+05:30
AL2795302,9954992000,995004151914,45586.00,2026-05-12 16:03:12.025513+05:30,2026-05-12 21:33:11+05:30
PO12418081,8116873000,HGVRDFY0HBK70N3P9BINZ6PQUN461321602,48.00,2026-05-12 16:03:31.894987+05:30,2026-05-12 21:33:30+05:30
PO12654775,9985907712,998925215553,100.00,2026-05-12 16:03:40.423813+05:30,2026-05-12 21:33:38+05:30
PO12357567,1612184000,EW1503706640155107328,177.00,2026-05-12 16:04:13.330412+05:30,2026-05-12 21:34:12+05:30
PO12528688,5498534000,549485165658,86.00,2026-05-12 16:04:26.350098+05:30,2026-05-12 21:34:25+05:30
PO12038869,9353772000,EW1503706708002168832,469.00,2026-05-12 16:04:39.961295+05:30,2026-05-12 21:34:38+05:30
AL2795306,7938001403,793849174706,38817.00,2026-05-12 16:04:41.026956+05:30,2026-05-12 21:34:38+05:30
PO12376101,3938000835,393459210811,700.00,2026-05-12 16:04:47.328649+05:30,2026-05-12 21:34:31+05:30
PO12569821,3301779688,28564217457,581.00,2026-05-12 16:04:48.525238+05:30,2026-05-12 21:34:47+05:30
PO12149837,5339393452,28564236249,500.00,2026-05-12 16:04:55.778499+05:30,2026-05-12 21:34:54+05:30
PO12131974,2837444000,28564222983,231.00,2026-05-12 16:04:57.888061+05:30,2026-05-12 21:34:56+05:30
PO12401157,8792304771,EW1503706827791491072,326.00,2026-05-12 16:05:00.904039+05:30,2026-05-12 21:34:59+05:30
PO12305200,9932469000,DHD5Y971JUBMD8,527.00,2026-05-12 16:05:37.584046+05:30,2026-05-12 21:35:36+05:30
PO12043280,9173007977,EW1503707043609403392,415.00,2026-05-12 16:05:45.025391+05:30,2026-05-12 21:35:43+05:30
AL2795317,3548995405,354071819691,38026.00,2026-05-12 16:06:13.005281+05:30,2026-05-12 21:36:12+05:30
PO12529736,2583564000,258019506966,160.00,2026-05-12 16:06:14.914719+05:30,2026-05-12 21:36:04+05:30
PO12436001,8504514000,HGALP14B190355028470,302.00,2026-05-12 16:06:25.808239+05:30,2026-05-12 21:36:24+05:30
PO12330075,7574283000,PP01BX204413927VMD70684941R61262044,78.00,2026-05-12 16:07:29.215914+05:30,2026-05-12 21:37:28+05:30
PO12332538,9820863000,EW1503707553506746368,4136.00,2026-05-12 16:07:47.482847+05:30,2026-05-12 21:37:46+05:30
PO12393323,3266716168,EW1503707646146338816,299.00,2026-05-12 16:07:53.812892+05:30,2026-05-12 21:37:52+05:30
PO12180894,1604414000,EW1503707754984333312,194.00,2026-05-12 16:08:18.453332+05:30,2026-05-12 21:38:17+05:30
AL2795301,0435394000,043241835613,48322.00,2026-05-12 16:08:22.037259+05:30,2026-05-12 21:38:12+05:30
PO12560524,3013073000,HGALP0EA350355049493,100.00,2026-05-12 16:08:45.088229+05:30,2026-05-12 21:38:43+05:30
PO12151915,3062472000,28564277061,342.00,2026-05-12 16:08:50.967685+05:30,2026-05-12 21:38:49+05:30
PO12335748,8853673000,EW1503708189254180864,150.00,2026-05-12 16:10:02.004594+05:30,2026-05-12 21:40:00+05:30
PO12042296,7738784000,BBPSPP016132BX5TF17IS435,188.00,2026-05-12 16:11:04.827396+05:30,2026-05-12 21:41:03+05:30
PO12178723,7338795662,DHD5Y6O1JUCZ87,1500.00,2026-05-12 16:11:07.410792+05:30,2026-05-12 21:41:06+05:30
PO12219215,3927264000,DHD5P8P1JUD6UD,116.00,2026-05-12 16:11:25.012881+05:30,2026-05-12 21:41:23+05:30
PO12117940,7164710697,EW1503708512823762944,501.00,2026-05-12 16:11:41.471719+05:30,2026-05-12 21:41:40+05:30
PO12170862,2951223000,PP01BX082147742JVP85605530R61310821,52.00,2026-05-12 16:12:21.146133+05:30,2026-05-12 21:42:20+05:30
PO12595498,7167533000,HGALP10F9D0355084601,1077.00,2026-05-12 16:12:45.362593+05:30,2026-05-12 21:42:44+05:30
SE10003114,5249119000,524286076271,177742.00,2026-05-12 16:13:00.358775+05:30,2026-05-12 21:42:57+05:30
PO12378805,0954899000,DHD56WD1JUDKPN,2177.00,2026-05-12 16:13:09.165123+05:30,2026-05-12 21:43:08+05:30
PO12454645,8463678028,EW1503708988197789696,72.00,2026-05-12 16:13:34.870094+05:30,2026-05-12 21:43:33+05:30
PO12605436,9138244000,PP01BX104048290TOM36977212R61301040,1131.00,2026-05-12 16:13:53.308499+05:30,2026-05-12 21:43:52+05:30
PO12190565,7321621552,HGVR3YJNKY4BRSK9EEW1JHH42RQ61321613,757.00,2026-05-12 16:14:15.909774+05:30,2026-05-12 21:44:14+05:30
PO12486691,7272864000,EW1503709075334455296,132.00,2026-05-12 16:14:18.761195+05:30,2026-05-12 21:44:17+05:30
PO12262694,7787217928,BBPSPP016132BX48X192W785,136.00,2026-05-12 16:14:24.873615+05:30,2026-05-12 21:44:23+05:30
PO12391749,9813794000,EW1503709163486142464,45.00,2026-05-12 16:14:46.752044+05:30,2026-05-12 21:44:45+05:30
PO12308470,4617004000,EW1503709232780238848,1000.00,2026-05-12 16:14:54.290267+05:30,2026-05-12 21:44:53+05:30
PO12293990,5448742070,28564357864,202.00,2026-05-12 16:15:04.182592+05:30,2026-05-12 21:45:03+05:30
PO14805745,5202303000,DHD5WQM1JUEBXI,8.00,2026-05-12 16:15:50.843144+05:30,2026-05-12 21:45:49+05:30
PO12066764,0032675124,MOBISAFARSSP51537120520261616046307,507.00,2026-05-12 16:16:22.525159+05:30,2026-05-12 21:46:21+05:30
PO12388873,3643814000,HGVRQCCQPTZGB706TTMIYUS0UIM61321615,251.00,2026-05-12 16:16:49.268861+05:30,2026-05-12 21:46:48+05:30
AL2795646,7180293000,28564372232,25980.00,2026-05-12 16:17:25.094568+05:30,2026-05-12 21:47:24+05:30
PO12058948,2573372000,BBPSPP016132BX7O4199B781,336.00,2026-05-12 16:18:06.344327+05:30,2026-05-12 21:48:05+05:30
PO12547869,5699093000,BBPSPP016132BX1L719AG944,101.00,2026-05-12 16:18:49.108530+05:30,2026-05-12 21:48:48+05:30
PO12518602,1269353000,DHD5M3J1JUCX6Y,1000.00,2026-05-12 16:20:07.889496+05:30,2026-05-12 21:50:06+05:30
PO12513566,8095912857,BBPSBD016132BALAAAJW61TN,42.00,2026-05-12 16:20:27.828600+05:30,2026-05-12 21:50:26+05:30
PO12370472,6194573000,HGALP1846A0355146459,3.00,2026-05-12 16:20:30.624409+05:30,2026-05-12 21:50:29+05:30
PO12401337,2406831994,28564417922,679.00,2026-05-12 16:20:34.751789+05:30,2026-05-12 21:50:33+05:30
PO12392140,6605144000,EW1503710868034510848,118.00,2026-05-12 16:21:18.638344+05:30,2026-05-12 21:51:17+05:30
PO12547493,7733364000,BBPSAX996131B49f88d27d21,107.00,2026-05-12 16:21:25.452992+05:30,2026-05-12 21:51:24+05:30
PO12507183,0670956757,EW1503711135329116160,427.00,2026-05-12 16:22:25.304410+05:30,2026-05-12 21:52:24+05:30
PO12422425,4394691075,EW1503711575311605760,454.00,2026-05-12 16:24:20.660341+05:30,2026-05-12 21:54:19+05:30
PO12445811,0793774000,EW1503711655062102016,670.00,2026-05-12 16:24:34.951938+05:30,2026-05-12 21:54:33+05:30
PO12610890,9082521121,EW1503711829259935744,558.00,2026-05-12 16:25:25.906006+05:30,2026-05-12 21:55:24+05:30
PO12055746,5244318000,EW1503711972101152768,404.00,2026-05-12 16:25:52.881839+05:30,2026-05-12 21:55:51+05:30
PO12518000,6239204000,HGALP158B20355199864,118.00,2026-05-12 16:26:04.893986+05:30,2026-05-12 21:56:03+05:30
PO12557970,0845174000,EW1503712172622438400,634.00,2026-05-12 16:26:34.444521+05:30,2026-05-12 21:56:33+05:30
PO14802149,0243004000,EW1503712258827968512,910.00,2026-05-12 16:26:40.748899+05:30,2026-05-12 21:56:39+05:30
PO12525432,4123394000,EW1503712322711412736,100.00,2026-05-12 16:26:53.454340+05:30,2026-05-12 21:56:52+05:30
PO12357355,1506692000,BBPSBD016132BALAAAJW7D5P,251.00,2026-05-12 16:27:26.500577+05:30,2026-05-12 21:57:25+05:30
PO12574908,7281578767,EW1503712459739324416,173.00,2026-05-12 16:27:29.612897+05:30,2026-05-12 21:57:28+05:30
AL2800630,1347119000,6E114A6FAA46BA4F84AB713A5B461321627,17981.00,2026-05-12 16:28:05.577381+05:30,2026-05-12 21:58:04+05:30
PO12142167,2908658000,290315558326,29.00,2026-05-12 16:28:55.999139+05:30,2026-05-12 21:58:50+05:30
PO12020871,2094818791,209633753010,500.00,2026-05-12 16:28:59.725140+05:30,2026-05-12 21:58:54+05:30
PO12332258,7814394000,EW1503713053803765760,109.00,2026-05-12 16:29:07.569556+05:30,2026-05-12 21:59:06+05:30
PO12413610,1749304000,EW1503713033494945792,49.00,2026-05-12 16:29:08.436118+05:30,2026-05-12 21:59:07+05:30
PO12455579,0921354000,EW1503713154118934528,807.00,2026-05-12 16:29:32.685559+05:30,2026-05-12 21:59:31+05:30
PO12251178,1814464000,EW1503713196523347968,91.00,2026-05-12 16:29:55.962847+05:30,2026-05-12 21:59:54+05:30
PO12598409,0941225280,DHD5RX41JUGY71,2518.00,2026-05-12 16:30:19.996535+05:30,2026-05-12 22:00:18+05:30
PO12532381,6649713000,EW1503713291939569664,436.00,2026-05-12 16:30:24.905888+05:30,2026-05-12 22:00:23+05:30
PO12019244,9746284000,DPHWRCN1JUH9WC,40.00,2026-05-12 16:33:01.086779+05:30,2026-05-12 22:02:59+05:30
PO12459385,6636783000,HGALP0319B0355262823,310.00,2026-05-12 16:33:23.136375+05:30,2026-05-12 22:03:22+05:30
PO12040051,3520504000,DHD5R7V1JUHD9A,100.00,2026-05-12 16:33:24.499196+05:30,2026-05-12 22:03:23+05:30
PO12515218,2963524000,EW1503714125138059264,39.00,2026-05-12 16:33:28.165454+05:30,2026-05-12 22:03:26+05:30
PO12553968,3547873000,EW1503714392319418368,136.00,2026-05-12 16:34:31.312205+05:30,2026-05-12 22:04:30+05:30
PO12527772,0816653976,HGALP15D0C0355279040,144.00,2026-05-12 16:35:03.343422+05:30,2026-05-12 22:05:02+05:30
PO12032507,5456166000,HGVR4PCUCBP175RNWI0ZU3S0W7D61321635,693.00,2026-05-12 16:35:52.997165+05:30,2026-05-12 22:05:51+05:30
PO12294933,0207792046,BBPSMK016132BAAMS5F9V000,262.00,2026-05-12 16:36:23.939295+05:30,2026-05-12 22:06:22+05:30
PO12203884,2968300100,296045210729,96.00,2026-05-12 16:37:39.975104+05:30,2026-05-12 22:07:38+05:30
PO12279769,4708723000,EW1503715184791216128,502.00,2026-05-12 16:37:42.761647+05:30,2026-05-12 22:07:41+05:30
PO12161733,8411644000,BBPSBD016132BALAAAJW7WC1,3769.00,2026-05-12 16:37:45.588604+05:30,2026-05-12 22:07:44+05:30
PO12143902,4788333000,EW1503715235152224256,7953.00,2026-05-12 16:37:57.023100+05:30,2026-05-12 22:07:55+05:30
PO12348281,6833129630,DHD5XXQ1JUIBKU,5.00,2026-05-12 16:38:11.712179+05:30,2026-05-12 22:08:10+05:30
PO12073599,9509582842,EW1503715254622183424,56.00,2026-05-12 16:38:14.167431+05:30,2026-05-12 22:08:13+05:30
AL2794897,6399334000,HDFCH00993723174,44045.00,2026-05-12 16:38:14.761095+05:30,2026-05-12 22:08:13+05:30
AL2795191,2138914000,HDFCH00993727620,18486.00,2026-05-12 16:38:54.371303+05:30,2026-05-12 22:08:53+05:30
SE10003438,0450172000,HDFCH00993724286,263421.00,2026-05-12 16:39:08.951273+05:30,2026-05-12 22:09:07+05:30
PO14817680,8720070057,EW1503715547321688064,4440.00,2026-05-12 16:39:25.010289+05:30,2026-05-12 22:09:23+05:30
PO12455044,8802671000,28564643798,66.00,2026-05-12 16:39:38.964297+05:30,2026-05-12 22:09:37+05:30
PO12299840,1544710100,HGVR0M23N09EZ2P7UBDF7D4XPER61321639,70.00,2026-05-12 16:39:50.292895+05:30,2026-05-12 22:09:49+05:30
PO12444746,8228323000,DHD554C1JUGVFW,139.00,2026-05-12 16:40:10.562914+05:30,2026-05-12 22:10:09+05:30
PO12609424,9187847699,DHD5IAL1JUIJY1,1197.00,2026-05-12 16:40:12.970833+05:30,2026-05-12 22:10:11+05:30
PO12199675,5885897302,DHD5W4M1JUHHCR,2566.00,2026-05-12 16:40:13.676290+05:30,2026-05-12 22:10:12+05:30
PO12327830,3684984611,EW1503715774975926272,2088.00,2026-05-12 16:40:16.444465+05:30,2026-05-12 22:10:15+05:30
PO12101417,0405654838,28564653787,1000.00,2026-05-12 16:40:40.462913+05:30,2026-05-12 22:10:39+05:30
PO12276119,1569243000,PP01BX054509104AHLU3834701R61280545,69.00,2026-05-12 16:41:08.625306+05:30,2026-05-12 22:11:07+05:30
PO12460737,0910901600,PP01BX022209093Z65F5605573R61310222,114.00,2026-05-12 16:44:24.672561+05:30,2026-05-12 22:14:23+05:30
PO12113385,4205924000,HGALP03AEE0355366423,1.00,2026-05-12 16:44:50.470320+05:30,2026-05-12 22:14:49+05:30
PO12174541,1043974000,PP01BX164350225BCYG1703770R61321643,16.00,2026-05-12 16:44:57.262221+05:30,2026-05-12 22:14:56+05:30
PO12632494,8088969488,EW1503717092255817728,373.00,2026-05-12 16:45:39.405094+05:30,2026-05-12 22:15:38+05:30
PO12092983,6617100601,HGALP00BFF0355377489,51.00,2026-05-12 16:45:43.739303+05:30,2026-05-12 22:15:42+05:30
PO12503136,4631400100,DHD5PRS1JUJXP2,337.00,2026-05-12 16:46:12.361839+05:30,2026-05-12 22:16:11+05:30
PO12230557,2358164000,DHD5GPY1JUJZIZ,500.00,2026-05-12 16:46:44.080704+05:30,2026-05-12 22:16:42+05:30
PO12067519,1893978454,BBPSPP016132BX1L71ALP590,172.00,2026-05-12 16:47:06.119744+05:30,2026-05-12 22:17:05+05:30
PO12382350,8093804000,HGALP04DF60355393249,50.00,2026-05-12 16:47:25.841173+05:30,2026-05-12 22:17:24+05:30
PO12127981,4427825000,DHD5X1P1JUK44V,1000.00,2026-05-12 16:48:06.041917+05:30,2026-05-12 22:18:04+05:30
PO12547066,8609153000,HGALP04B5E0355409294,454.00,2026-05-12 16:48:44.067576+05:30,2026-05-12 22:18:42+05:30
PO12116821,9076637295,907949923313,126.00,2026-05-12 16:49:06.044167+05:30,2026-05-12 22:18:52+05:30
PO12301791,6420448000,BBPSBD016132BALAAAJW8IR8,24.00,2026-05-12 16:50:04.157999+05:30,2026-05-12 22:20:03+05:30
PO12485589,2951624000,DHD58ZG1JUJXF4,27.00,2026-05-12 16:50:07.447429+05:30,2026-05-12 22:20:06+05:30
PO12582884,8333408000,DHDFAOV1JUJ2M9,6300.00,2026-05-12 16:50:09.733387+05:30,2026-05-12 22:20:08+05:30
PO12047800,0786909349,DHD5UQU1JUKDFG,1500.00,2026-05-12 16:50:22.706912+05:30,2026-05-12 22:20:21+05:30
PO12078415,4739684000,28564775857,117.00,2026-05-12 16:50:38.264130+05:30,2026-05-12 22:20:37+05:30
PO12508654,7864383000,BBPSBD016132BALAAAJW8JTR,71.00,2026-05-12 16:50:48.820147+05:30,2026-05-12 22:20:47+05:30
PO12459198,5556057114,HGALP01E840355435250,110.00,2026-05-12 16:51:06.510641+05:30,2026-05-12 22:21:05+05:30
PO12599723,1191973000,EW1503718573507829760,3195.00,2026-05-12 16:51:23.428516+05:30,2026-05-12 22:21:22+05:30
PO12501821,7638722787,BBPSBD016132BALAAAJW8LIU,90.00,2026-05-12 16:51:24.408119+05:30,2026-05-12 22:21:23+05:30
PO12460485,5974213000,EW1503718618193944576,967.00,2026-05-12 16:51:32.251951+05:30,2026-05-12 22:21:31+05:30
PO12380075,2083763541,DHD5V9Z1JUKGXV,4609.00,2026-05-12 16:51:40.896564+05:30,2026-05-12 22:21:39+05:30
PO12317720,7355023000,EW1503718748838125568,119.00,2026-05-12 16:52:03.917385+05:30,2026-05-12 22:22:02+05:30
PO12553240,3458063000,DHD50LL1JUKIWA,145.00,2026-05-12 16:52:08.436273+05:30,2026-05-12 22:22:07+05:30
PO12082151,6404484000,PP01BX165150756X2NA5446608R61321651,114.00,2026-05-12 16:52:37.473852+05:30,2026-05-12 22:22:36+05:30
PO12148250,2278201661,BBPSPP016132BX1QH1AUI570,157.00,2026-05-12 16:52:44.453158+05:30,2026-05-12 22:22:43+05:30
PO12442042,1231035000,BBPSBD016132BALAAAJW8OAN,599.00,2026-05-12 16:53:05.680327+05:30,2026-05-12 22:23:04+05:30
PO12512798,7055714000,EW1503718996478222336,1046.00,2026-05-12 16:53:14.241612+05:30,2026-05-12 22:23:13+05:30
PO12593508,7044582093,EW1503719020469641216,422.00,2026-05-12 16:53:22.274620+05:30,2026-05-12 22:23:21+05:30
PO12452507,2663643000,3EA4D718A597AA4D54A9F35A59861321653,69.00,2026-05-12 16:53:45.890945+05:30,2026-05-12 22:23:44+05:30
PO12367312,7704295725,EW1503719306244349952,417.00,2026-05-12 16:54:21.598750+05:30,2026-05-12 22:24:20+05:30
PO12120381,6192519000,2054081102337785856Xr41420261320607,89.00,2026-05-12 16:55:13.285325+05:30,2026-05-12 22:25:12+05:30
PO12349700,8855888000,DHD5V7X1JUKUBX,511.00,2026-05-12 16:55:27.472175+05:30,2026-05-12 22:25:26+05:30
PO12063369,4971899000,28564848036,72.00,2026-05-12 16:56:20.641264+05:30,2026-05-12 22:26:19+05:30
PO12222404,8399361920,BBPSBD016132BALAAAJW8OCY,192.00,2026-05-12 16:57:06.120749+05:30,2026-05-12 22:27:04+05:30
PO14801576,1604489000,HGALP01B700355481531,16.00,2026-05-12 16:57:23.329507+05:30,2026-05-12 22:27:22+05:30
PO14807664,3090267055,BBPSMK016132BAALX0V2F00R,2993.00,2026-05-12 16:57:27.871735+05:30,2026-05-12 22:27:26+05:30
PO12013963,2117817447,BBPSPP016132BX4SF1AWL959,99.00,2026-05-12 16:57:27.871902+05:30,2026-05-12 22:27:26+05:30
PO12326708,7812493942,BBPSPP016132BX1BB1AZW583,4753.00,2026-05-12 16:57:28.081201+05:30,2026-05-12 22:27:26+05:30
PO12452916,9490193000,HGALP058DD0355495129,178.00,2026-05-12 16:57:28.692450+05:30,2026-05-12 22:27:27+05:30
PO12486455,0445463000,HGALP179EF0355491135,32.00,2026-05-12 16:57:29.191419+05:30,2026-05-12 22:27:28+05:30
PO12122281,3624177000,PP01BX165701113Z0KV2059767R61321657,64.00,2026-05-12 16:57:35.788099+05:30,2026-05-12 22:27:34+05:30
PO12289439,9526063000,EW1503720218979426304,34.00,2026-05-12 16:57:48.500894+05:30,2026-05-12 22:27:47+05:30
PO12062156,5389646000,BBPSPP016132BX0JZ1B43310,235.00,2026-05-12 16:58:06.426599+05:30,2026-05-12 22:28:05+05:30
PO12208077,5766654000,HGVRZZYVEEH55U9SVM39H0XKDQV61321658,143.00,2026-05-12 16:58:58.280491+05:30,2026-05-12 22:28:57+05:30
PO12599836,7394619013,EW1503720514749161472,899.00,2026-05-12 16:59:26.552177+05:30,2026-05-12 22:29:25+05:30
PO12282272,1813724000,DHD570Q1JUKK4F,10.00,2026-05-12 17:00:06.777561+05:30,2026-05-12 22:30:05+05:30
PO14808329,6049282734,DHDF1ET1JUKSN3,7200.00,2026-05-12 17:00:10.488062+05:30,2026-05-12 22:30:09+05:30
PO12155326,6909164000,DHD5KNM1JULBF9,1036.00,2026-05-12 17:00:45.474259+05:30,2026-05-12 22:30:44+05:30
PO12569993,5501360793,DHD5E1U1JULD5W,460.00,2026-05-12 17:01:05.515974+05:30,2026-05-12 22:31:04+05:30
PO12028183,4903253000,PP01BX113011058TZ1G8961334R61321130,7.00,2026-05-12 17:03:41.314902+05:30,2026-05-12 22:33:40+05:30
PO12560498,7441009419,EW1503721831995498496,297.00,2026-05-12 17:04:35.347328+05:30,2026-05-12 22:34:34+05:30
PO12394139,7307978000,DPHW9561JULRCQ,200.00,2026-05-12 17:05:34.951507+05:30,2026-05-12 22:35:33+05:30
PO12258221,5865944000,DHD5STS1JULTIE,1500.00,2026-05-12 17:05:51.376123+05:30,2026-05-12 22:35:50+05:30
PO12484420,1179337979,HGVRKR9I33GQGINFNMWSHCC542D61321705,3.00,2026-05-12 17:05:55.307795+05:30,2026-05-12 22:35:54+05:30
PO12507213,6810132988,EW1503722171121754112,173.00,2026-05-12 17:06:12.682248+05:30,2026-05-12 22:36:11+05:30
PO12550418,1395623000,HGALP009130355579567,145.00,2026-05-12 17:06:27.616491+05:30,2026-05-12 22:36:26+05:30
PO12453203,1949433000,HGALP14F0A0355583966,30.00,2026-05-12 17:06:47.327096+05:30,2026-05-12 22:36:46+05:30
PO12122281,3624177000,BBPSPP016132BX47A1BJH093,2.00,2026-05-12 17:07:25.097632+05:30,2026-05-12 22:37:24+05:30
PO12160319,4833716021,EW1503722584592048128,109.00,2026-05-12 17:07:59.848760+05:30,2026-05-12 22:37:58+05:30
PO12574848,5209247647,DSBIZX21JULYYI,500.00,2026-05-12 17:08:16.471084+05:30,2026-05-12 22:38:15+05:30
PO12133185,6721143000,BBPSBD016132BALAAAJW9FVV,52.00,2026-05-12 17:08:26.275333+05:30,2026-05-12 22:38:25+05:30
PO12006521,4746584000,HGALP171BF0355602330,354.00,2026-05-12 17:08:43.570851+05:30,2026-05-12 22:38:42+05:30
PO12120519,1761048000,EW1503722944656269312,171.00,2026-05-12 17:08:57.548231+05:30,2026-05-12 22:38:56+05:30
PO12332641,6797783000,DPHW33J1JUM584,95.00,2026-05-12 17:09:10.045702+05:30,2026-05-12 22:39:08+05:30
PO12389581,4738643000,EW1503723033814589440,3327.00,2026-05-12 17:09:23.687646+05:30,2026-05-12 22:39:22+05:30
PO12489345,6037194000,EW1503723196524224512,23.00,2026-05-12 17:10:08.344845+05:30,2026-05-12 22:40:07+05:30
PO12259413,1989088948,DHD5VUX1JULUWK,200.00,2026-05-12 17:10:08.856031+05:30,2026-05-12 22:40:07+05:30
PO12586765,9039925716,DHD5AF31JUM2GY,1000.00,2026-05-12 17:10:09.820978+05:30,2026-05-12 22:40:08+05:30
PO12388416,3109177000,PP01BX0120359996XL13590619R61310120,49.00,2026-05-12 17:10:29.555179+05:30,2026-05-12 22:40:28+05:30
PO14809694,9542903852,EW1503723340137193472,1462.00,2026-05-12 17:10:31.331827+05:30,2026-05-12 22:40:30+05:30
PO12281833,0857446000,28565012324,164.00,2026-05-12 17:10:57.703615+05:30,2026-05-12 22:40:56+05:30
PO12347885,4076261604,HGVRUVRQ3127UZQN3546F1EU6YY61321710,70.00,2026-05-12 17:11:25.671550+05:30,2026-05-12 22:41:24+05:30
PO12456730,5757913000,EW1503723543774846976,594.00,2026-05-12 17:11:32.414127+05:30,2026-05-12 22:41:31+05:30
PO12448934,0843364000,BBPSPP016132BX1BB1BQ2211,10.00,2026-05-12 17:11:37.506348+05:30,2026-05-12 22:41:36+05:30
PO12473857,6779843000,BBPSAX996131Be936eaeda7c,231.00,2026-05-12 17:12:05.645517+05:30,2026-05-12 22:42:04+05:30
PO12134422,0573837250,HGALP0109C0355635374,31.00,2026-05-12 17:12:25.325740+05:30,2026-05-12 22:42:24+05:30
PO12459532,6669304000,EW1503723928023425024,2346.00,2026-05-12 17:12:42.361986+05:30,2026-05-12 22:42:41+05:30
PO12255369,6798592000,679264469289,300.00,2026-05-12 17:12:47.467120+05:30,2026-05-12 22:42:45+05:30
PO12211990,3644918000,28565033888,10.00,2026-05-12 17:12:56.113580+05:30,2026-05-12 22:42:55+05:30
PO12531172,5355268661,HGVRNW946S10KF770PY0UBVTJQI61321714,2.00,2026-05-12 17:14:21.181442+05:30,2026-05-12 22:44:19+05:30
PO12287530,0801123000,EW1503724482187452416,56.00,2026-05-12 17:15:03.996642+05:30,2026-05-12 22:45:02+05:30
PO12252130,8340363000,DHMPM6J1JUMPOA,125.00,2026-05-12 17:15:14.094650+05:30,2026-05-12 22:45:13+05:30
PO12510082,1633903083,HGALP127D90355661665,697.00,2026-05-12 17:15:26.153172+05:30,2026-05-12 22:45:24+05:30
PO12545593,7291251000,EW1503724610159861760,1185.00,2026-05-12 17:15:43.364625+05:30,2026-05-12 22:45:42+05:30
PO12442745,5895933000,28565068015,15.00,2026-05-12 17:15:54.394659+05:30,2026-05-12 22:45:53+05:30
PO12280993,5664004000,EW1503724719878660096,114.00,2026-05-12 17:16:12.647540+05:30,2026-05-12 22:46:11+05:30
PO12089370,0458978000,EW1503724756327161856,308.00,2026-05-12 17:16:17.548411+05:30,2026-05-12 22:46:16+05:30
PO14806733,1013068246,EW1503724838103506944,132.00,2026-05-12 17:16:20.819706+05:30,2026-05-12 22:46:19+05:30
PO12509084,2831129310,EW1503724842830487552,67.00,2026-05-12 17:16:42.813738+05:30,2026-05-12 22:46:41+05:30
PO12188517,4202239000,HGALP042E80355679421,83.00,2026-05-12 17:17:04.224584+05:30,2026-05-12 22:47:03+05:30
PO12500545,7945487000,BBPSPP016132BX1UU1BZQ145,267.00,2026-05-12 17:17:06.065940+05:30,2026-05-12 22:47:04+05:30
PO14813969,2497232081,28565097483,185.00,2026-05-12 17:17:42.824709+05:30,2026-05-12 22:47:41+05:30
PO12544231,7094051000,EW1503725123840466944,135.00,2026-05-12 17:17:43.892953+05:30,2026-05-12 22:47:42+05:30
PO12160750,7236006887,EW1503725230161879040,127.00,2026-05-12 17:17:54.459616+05:30,2026-05-12 22:47:53+05:30
PO12236579,6081172021,20541665803100446729FhBR20261321147,168.00,2026-05-12 17:18:26.275958+05:30,2026-05-12 22:48:25+05:30
PO12500545,7945487000,BBPSPP016132BX1BJ1C1Z747,10.00,2026-05-12 17:18:46.143694+05:30,2026-05-12 22:48:45+05:30
PO12043355,9591282000,HGALP0762B0355698589,11.00,2026-05-12 17:19:24.705994+05:30,2026-05-12 22:49:23+05:30
PO12337099,5884064111,BBPSDP21613299CZHNJRLCP1,50.00,2026-05-12 17:20:05.551478+05:30,2026-05-12 22:50:04+05:30
PO12236579,6081172021,BBPSPU01613291ES0M0S8087,300.00,2026-05-12 17:20:24.054415+05:30,2026-05-12 22:50:22+05:30
PO12368476,6354583000,BBPSCC016132CBAD20111575,207.00,2026-05-12 17:20:44.681618+05:30,2026-05-12 22:50:43+05:30
PO12422134,0134533000,EW1503726367061532672,776.00,2026-05-12 17:22:48.327674+05:30,2026-05-12 22:52:47+05:30
PO12258331,6785184000,HGALP152960355735140,193.00,2026-05-12 17:23:05.798047+05:30,2026-05-12 22:53:04+05:30
PO12243226,9406218000,BBPSPP016132BX4LV1C9N298,331.00,2026-05-12 17:23:05.956529+05:30,2026-05-12 22:53:04+05:30
PO12317100,5206700246,DHD5C9Y1JUNHF6,1000.00,2026-05-12 17:23:57.645820+05:30,2026-05-12 22:53:56+05:30
PO12192592,0760053000,HGALP1418C0355746235,127.00,2026-05-12 17:24:26.005036+05:30,2026-05-12 22:54:24+05:30
PO12161075,4623273000,EW1503727297605623808,360.00,2026-05-12 17:26:08.039294+05:30,2026-05-12 22:56:06+05:30
PO12066936,9198484000,EW1503727312638009344,1024.00,2026-05-12 17:26:13.238051+05:30,2026-05-12 22:56:12+05:30
PO12560225,9861334000,EW1503727448780922880,156.00,2026-05-12 17:26:26.457901+05:30,2026-05-12 22:56:25+05:30
PO12113297,7725969474,PP01BX172645692TTC35571062R61321726,300.00,2026-05-12 17:27:09.417635+05:30,2026-05-12 22:57:08+05:30
PO12534023,4311330080,BBPSSD016132BZKJIJ586682,131.00,2026-05-12 17:27:47.869071+05:30,2026-05-12 22:57:46+05:30
PO12316922,3168294000,HGALP0FBFD0355781486,89.00,2026-05-12 17:28:04.255868+05:30,2026-05-12 22:58:03+05:30
PO12052539,9978187000,DHD5XJR1JUNXJO,88.00,2026-05-12 17:28:31.741409+05:30,2026-05-12 22:58:30+05:30
PO12619130,9386733000,HGALP0E4600355794149,99.00,2026-05-12 17:29:38.137111+05:30,2026-05-12 22:59:37+05:30
AL2798864,7553531402,DCPNCQA1JUO19X,1.00,2026-05-12 17:29:46.374648+05:30,2026-05-12 22:59:45+05:30
PO12184957,0567827115,28565246018,1900.00,2026-05-12 17:29:53.029313+05:30,2026-05-12 22:59:51+05:30
PO12307039,0779454000,DHD51SG1JUNTXD,511.00,2026-05-12 17:30:12.529866+05:30,2026-05-12 23:00:11+05:30
PO12356808,5885173898,DHD50PU1JUNLT4,176.00,2026-05-12 17:30:15.565122+05:30,2026-05-12 23:00:14+05:30
PO12523080,9212483000,BFLBBPSos5BBihsWn0uCSXARfkQ61321725,7782.00,2026-05-12 17:30:33.825563+05:30,2026-05-12 23:00:32+05:30
PO12398915,5489954000,DHD5J671JUO36R,300.00,2026-05-12 17:31:28.943143+05:30,2026-05-12 23:01:27+05:30
PO12052539,9978187000,DHD595T1JUO8ZX,10.00,2026-05-12 17:31:44.704239+05:30,2026-05-12 23:01:43+05:30
PO12472314,0268354000,28565284137,617.00,2026-05-12 17:32:55.672779+05:30,2026-05-12 23:02:54+05:30
PO12429304,6536594720,EW1503729201786085376,716.00,2026-05-12 17:33:24.583866+05:30,2026-05-12 23:03:23+05:30
PO12545329,7520922000,EW1503729648831782912,657.00,2026-05-12 17:34:56.977549+05:30,2026-05-12 23:04:55+05:30
PO12084642,2350884000,EW1503729709334618112,94.00,2026-05-12 17:35:14.521977+05:30,2026-05-12 23:05:13+05:30
PO12513086,5239914000,DHD52P91JUOKXW,500.00,2026-05-12 17:35:28.539020+05:30,2026-05-12 23:05:27+05:30
AL2269309,9400784000,28565252984,1500.00,2026-05-12 17:35:37.010505+05:30,2026-05-12 23:05:35+05:30
PO12620779,2249613724,EW1503729890545328128,264.00,2026-05-12 17:36:07.193619+05:30,2026-05-12 23:06:06+05:30
PO12040242,6908704000,28565320756,350.00,2026-05-12 17:36:46.249222+05:30,2026-05-12 23:06:45+05:30
PO12029183,9441284000,DHD52LS1JUOPBH,10.00,2026-05-12 17:36:56.232866+05:30,2026-05-12 23:06:55+05:30
PO12306919,6198857982,BBPSPP016132BX1UU1CXF301,203.00,2026-05-12 17:37:25.735159+05:30,2026-05-12 23:07:24+05:30
PO12155844,2208683000,DHD54CI1JUOSHX,500.00,2026-05-12 17:37:35.907107+05:30,2026-05-12 23:07:34+05:30
AL2800701,3381820100,BBPSMK016132BAALX1EMO00R,28229.00,2026-05-12 17:38:03.999484+05:30,2026-05-12 23:08:02+05:30
PO12410484,1283433000,BBPSSD016132BDFJMS211964,97.00,2026-05-12 17:38:43.203563+05:30,2026-05-12 23:08:42+05:30
PO12452944,8154313000,BBPSPP016132BX0JZ1D02640,50.00,2026-05-12 17:39:06.212778+05:30,2026-05-12 23:09:05+05:30
PO12143088,1662715814,28565369017,350.00,2026-05-12 17:40:23.211613+05:30,2026-05-12 23:10:22+05:30
PO12525720,5399151421,PP01BX174121258K9AO9940932R61321741,68.00,2026-05-12 17:41:45.796450+05:30,2026-05-12 23:11:44+05:30
PO12448724,1001379992,BBPSPP016132BX1AP1D54521,79.00,2026-05-12 17:42:06.589570+05:30,2026-05-12 23:12:05+05:30
PO12629904,7262625000,28565397142,746.00,2026-05-12 17:42:07.605668+05:30,2026-05-12 23:12:06+05:30
PO12162707,0943025012,28565334204,100.00,2026-05-12 17:42:14.489294+05:30,2026-05-12 23:12:13+05:30
PO12333554,2328824000,BBPSPP016132BX1L71D69845,69.00,2026-05-12 17:42:44.454266+05:30,2026-05-12 23:12:43+05:30
PO12339779,1525424000,PP01BX1714345881FLR7753484R61291714,92.00,2026-05-12 17:43:18.231097+05:30,2026-05-12 23:13:17+05:30
PO12306924,7469749481,BBPSPP016132BX4LV1D7F914,304.00,2026-05-12 17:43:25.805519+05:30,2026-05-12 23:13:24+05:30
PO12066342,7470958786,BBPSPU016132148QHIK46861,45.00,2026-05-12 17:43:46.842312+05:30,2026-05-12 23:13:45+05:30
PO12328436,1140877049,EW1503731868415516672,184.00,2026-05-12 17:43:56.463898+05:30,2026-05-12 23:13:55+05:30
PO12162786,2770035000,28565423338,100.00,2026-05-12 17:44:08.235842+05:30,2026-05-12 23:14:07+05:30
PO12626252,7698153791,DHD5KYY1JUPFK8,159.00,2026-05-12 17:44:30.793196+05:30,2026-05-12 23:14:29+05:30
PO12095152,2121109000,28565431160,66.00,2026-05-12 17:45:02.294677+05:30,2026-05-12 23:15:01+05:30
PO12560921,1122351674,BBPSPP016132BX58Y1DAF145,145.00,2026-05-12 17:45:04.918812+05:30,2026-05-12 23:15:03+05:30
PO12246327,7253733000,PP01BX035444813K7UN0684204R61310354,19.00,2026-05-12 17:45:33.718927+05:30,2026-05-12 23:15:32+05:30
PO12367418,6098103000,28565441481,673.00,2026-05-12 17:45:39.747359+05:30,2026-05-12 23:15:38+05:30
PO12422734,9514363000,BBPSPP016132BX1BB1DBH283,497.00,2026-05-12 17:45:43.694593+05:30,2026-05-12 23:15:42+05:30
PO14813969,2497232081,28565448467,100.00,2026-05-12 17:46:25.283926+05:30,2026-05-12 23:16:24+05:30
PO12185591,3328289000,HGALP0988F0355961100,16.00,2026-05-12 17:46:44.232889+05:30,2026-05-12 23:16:43+05:30
PO12130988,8819644000,BBPSPP016132BX4AR1DCN214,94.00,2026-05-12 17:46:46.649446+05:30,2026-05-12 23:16:45+05:30
PO12130988,8819644000,PP01BX174645526QLNB5446301R61321746,2.00,2026-05-12 17:47:05.119703+05:30,2026-05-12 23:17:04+05:30
PO12610910,8592365126,DHD5XFV1JUPPJF,640.00,2026-05-12 17:47:15.359401+05:30,2026-05-12 23:17:14+05:30
PO12397651,3249978000,EW1503732650368000000,170.00,2026-05-12 17:47:16.272932+05:30,2026-05-12 23:17:15+05:30
PO12551448,8308874000,EW1503732761038905344,183.00,2026-05-12 17:47:42.168987+05:30,2026-05-12 23:17:41+05:30
PO12246327,7253733000,BBPSPP016132BX1UU1DFB476,3.00,2026-05-12 17:48:03.998671+05:30,2026-05-12 23:18:02+05:30
AL2794733,4923939585,28565492270,60238.00,2026-05-12 17:49:45.146010+05:30,2026-05-12 23:19:44+05:30
PO12571334,2209652826,DHD5TT61JUP9MN,59.00,2026-05-12 17:50:13.771736+05:30,2026-05-12 23:20:12+05:30
AL2800753,7993649209,DHDF3HT1JUP5YY,20000.00,2026-05-12 17:50:15.934776+05:30,2026-05-12 23:20:14+05:30
PO12539479,0262396850,DHD5BLL1JUP29Z,100.00,2026-05-12 17:50:19.131022+05:30,2026-05-12 23:20:17+05:30
PO12531307,7208684490,EW1503733566806646784,1096.00,2026-05-12 17:50:43.092403+05:30,2026-05-12 23:20:41+05:30
PO12111016,9255089000,HGALP04FFB0356002288,114.00,2026-05-12 17:51:04.239643+05:30,2026-05-12 23:21:03+05:30
PO12320075,3680392000,DHD5M8Y1JUPSNO,200.00,2026-05-12 17:51:13.454895+05:30,2026-05-12 23:21:12+05:30
PO12340977,3711746960,28565511678,752.00,2026-05-12 17:51:22.770791+05:30,2026-05-12 23:21:21+05:30
PO12430943,6601834000,EW1503733764752629760,1009.00,2026-05-12 17:51:24.794724+05:30,2026-05-12 23:21:23+05:30
PO12060593,8282066000,PP01BX122337160P2JC4430421R61311223,100.00,2026-05-12 17:51:37.441077+05:30,2026-05-12 23:21:36+05:30
PO12406487,4009524000,HGALP0E3450356010357,200.00,2026-05-12 17:51:45.491081+05:30,2026-05-12 23:21:44+05:30
PO12562571,7614854000,EW1503733896562827264,161.00,2026-05-12 17:52:07.642076+05:30,2026-05-12 23:22:06+05:30
PO12504454,7814173000,HGVRW325BUNX0AHRIVPDB4CQIRI61320938,10.00,2026-05-12 17:52:46.560621+05:30,2026-05-12 23:22:45+05:30
PO12223793,2762864000,PP01BX065217338KQM06442275R61320652,12.00,2026-05-12 17:53:06.963152+05:30,2026-05-12 23:23:05+05:30
PO12355744,6597563000,DHD5ZP51JUQ9BW,500.00,2026-05-12 17:53:10.094247+05:30,2026-05-12 23:23:09+05:30
PO12588227,2120626496,28565557538,250.00,2026-05-12 17:54:53.324436+05:30,2026-05-12 23:24:52+05:30
PO12545139,6584379754,EW1503734681958834176,2837.00,2026-05-12 17:54:59.367379+05:30,2026-05-12 23:24:58+05:30
PO12364039,8673051000,EW1503734677055692800,121.00,2026-05-12 17:54:59.705257+05:30,2026-05-12 23:24:58+05:30
PO12510327,7601073000,28565555162,350.00,2026-05-12 17:55:00.644673+05:30,2026-05-12 23:24:59+05:30
PO12124978,1172828000,PP01BX1752379278UAF0756285R61321752,64.00,2026-05-12 17:55:24.787431+05:30,2026-05-12 23:25:23+05:30
PO12567771,1965664000,BBPSPU016132LCOCHXOR1886,520.00,2026-05-12 17:55:43.553471+05:30,2026-05-12 23:25:42+05:30
PO12076122,4861265933,HGALP106D20356046991,3.00,2026-05-12 17:55:45.273485+05:30,2026-05-12 23:25:44+05:30
PO12064596,1527164000,EW1503734977917313024,193.00,2026-05-12 17:56:19.460197+05:30,2026-05-12 23:26:18+05:30
PO12338735,5320013000,PP01BX175604294SN1K0341629R61321756,140.00,2026-05-12 17:56:29.394825+05:30,2026-05-12 23:26:28+05:30
PO12577467,7113003000,DHD5HCT1JUQTW6,88.00,2026-05-12 17:57:59.564192+05:30,2026-05-12 23:27:58+05:30
PO12026253,8041284000,DHD5WA21JURCL1,1000.00,2026-05-12 17:59:22.958045+05:30,2026-05-12 23:29:21+05:30
PO12343784,6571453000,BBPSDP216132ZMJQCMBURBNE,260.00,2026-05-12 17:59:25.245882+05:30,2026-05-12 23:29:24+05:30
PO12112396,1834928000,BBPSPP016132BX7281DXV895,281.00,2026-05-12 17:59:25.914425+05:30,2026-05-12 23:29:24+05:30
PO12542925,1375214000,PP01BX010646881ZZIE3558108R61290106,579.00,2026-05-12 17:59:38.568971+05:30,2026-05-12 23:29:37+05:30
AL2275208,1798571441,HGALP10A050356099592,151.00,2026-05-12 18:00:45.933122+05:30,2026-05-12 23:30:44+05:30
PO12173034,6098867000,DHD5YUC1JURHFM,1000.00,2026-05-12 18:00:48.369948+05:30,2026-05-12 23:30:47+05:30
PO12189571,2010340100,201930427411,7276.00,2026-05-12 18:00:50.821390+05:30,2026-05-12 23:30:49+05:30
PO12490119,1711264000,PP01BX0550251702DWO8961253R61310550,16.00,2026-05-12 18:01:04.208430+05:30,2026-05-12 23:31:03+05:30
PO12620511,7540654000,BBPSPP016132BX1BJ1E16410,808.00,2026-05-12 18:01:23.253457+05:30,2026-05-12 23:31:22+05:30
PO12490119,1711264000,PP01BX1801212120TAN5971809R61321801,50.00,2026-05-12 18:01:45.989412+05:30,2026-05-12 23:31:44+05:30
PO12046157,3683949557,28565652308,139.00,2026-05-12 18:01:53.149682+05:30,2026-05-12 23:31:52+05:30
PO12053742,2430138000,28565653445,500.00,2026-05-12 18:01:58.008481+05:30,2026-05-12 23:31:56+05:30
PO12467800,8006831359,BBPSPP016132BX0JZ1E2Q119,11598.00,2026-05-12 18:02:05.475771+05:30,2026-05-12 23:32:04+05:30
PO12007400,8451072151,EW1503736620842967040,1959.00,2026-05-12 18:02:49.517967+05:30,2026-05-12 23:32:48+05:30
PO12357149,0522204000,HGALP06DA70356126730,523.00,2026-05-12 18:03:22.973009+05:30,2026-05-12 23:33:21+05:30
PO12592146,5343203000,EW1503736821645271040,949.00,2026-05-12 18:03:52.640410+05:30,2026-05-12 23:33:51+05:30
PO12225755,8671495039,BBPSPP016132BX4SF1E6K269,2.00,2026-05-12 18:04:23.961597+05:30,2026-05-12 23:34:22+05:30
PO12357149,0522204000,HGALP144380356139374,7.00,2026-05-12 18:04:43.980778+05:30,2026-05-12 23:34:42+05:30
PO12571454,2743314000,EW1503737291260518400,219.00,2026-05-12 18:05:40.777818+05:30,2026-05-12 23:35:39+05:30
PO12630469,0929537430,HGALP100D90356148580,710.00,2026-05-12 18:05:44.193485+05:30,2026-05-12 23:35:43+05:30
PO12112396,1834928000,BBPSPP016132BX4AR1E8O748,2.00,2026-05-12 18:05:45.110906+05:30,2026-05-12 23:35:44+05:30
PO12579561,6861424000,BBPSPP016132BX0JZ1E9M605,191.00,2026-05-12 18:06:28.179444+05:30,2026-05-12 23:36:27+05:30
PO12575604,2012851225,EW1503737550162321408,226.00,2026-05-12 18:06:41.242443+05:30,2026-05-12 23:36:40+05:30
PO12539748,0219304000,BBPSPP016132BX4UU1EA5227,84.00,2026-05-12 18:06:43.892608+05:30,2026-05-12 23:36:42+05:30
PO12345679,3905134000,28565724615,802.00,2026-05-12 18:07:58.008324+05:30,2026-05-12 23:37:56+05:30
PO12275950,3468654000,DHD502B1JUTEJ2,100.00,2026-05-12 18:08:35.676517+05:30,2026-05-12 23:38:34+05:30
PO12358380,7117487000,BBPSBD016132BALAAAJXCHXU,276.00,2026-05-12 18:08:45.898342+05:30,2026-05-12 23:38:44+05:30
PO12321596,6514993000,DHD5N6D1JUTPOX,23.00,2026-05-12 18:09:34.865205+05:30,2026-05-12 23:39:33+05:30
AL2278347,0281568779,DHD5PHM1JUSFBW,1000.00,2026-05-12 18:10:08.669579+05:30,2026-05-12 23:40:07+05:30
PO12036294,3376240100,DHD50SM1JUTV94,19.00,2026-05-12 18:10:09.328768+05:30,2026-05-12 23:40:08+05:30
PO12179220,8937964000,DHD595B1JUTWHP,29.00,2026-05-12 18:10:09.986476+05:30,2026-05-12 23:40:08+05:30
PO12112345,9257009000,PP01BX131408603VEGR7753369R61291314,221.00,2026-05-12 18:11:18.138381+05:30,2026-05-12 23:41:17+05:30
PO12142069,8850948000,DHD5ED41JUU88T,20.00,2026-05-12 18:11:18.482080+05:30,2026-05-12 23:41:17+05:30
PO12215037,9828633000,BBPSBD016132BALAAAJXCN9F,122.00,2026-05-12 18:12:07.142055+05:30,2026-05-12 23:42:06+05:30
PO12631619,3526834000,HGALP165EF0356224347,29.00,2026-05-12 18:13:06.888594+05:30,2026-05-12 23:43:05+05:30
PO12330481,7635963000,HGVR7M6A1X9EPX0JZX0BHUKN77E61321812,412.00,2026-05-12 18:13:10.672911+05:30,2026-05-12 23:43:09+05:30
PO12015765,2542188041,8E804656A2C17A458BAA1BBA73E61321812,610.00,2026-05-12 18:13:14.327431+05:30,2026-05-12 23:43:13+05:30
PO12292250,0249043000,024329519877,500.00,2026-05-12 18:13:33.164198+05:30,2026-05-12 23:43:28+05:30
PO12449969,6975656223,EW1503739330006835200,195.00,2026-05-12 18:13:34.599412+05:30,2026-05-12 23:43:33+05:30
PO12552198,2049397434,EW1503739553009590272,247.00,2026-05-12 18:14:29.274305+05:30,2026-05-12 23:44:28+05:30
PO12343357,8371808905,28565824431,2058.00,2026-05-12 18:14:31.717289+05:30,2026-05-12 23:44:30+05:30
PO14813969,2497232081,DHD5T0U1JUV3J5,300.00,2026-05-12 18:14:41.129704+05:30,2026-05-12 23:44:40+05:30
PO12291815,4972063000,497769004728,200.00,2026-05-12 18:16:11.595411+05:30,2026-05-12 23:46:10+05:30
PO12624885,6685240771,HGVRZW1IVK4NCNFRYA3I59HU6GP61321814,1617.00,2026-05-12 18:16:46.824009+05:30,2026-05-12 23:46:45+05:30
PO12490030,4278434049,BBPSPU016132G7XVPIQ28432,180.00,2026-05-12 18:18:06.877805+05:30,2026-05-12 23:48:05+05:30
PO12433617,8873354000,BBPSBD016132BALAAAJXCZD0,168.00,2026-05-12 18:18:08.380833+05:30,2026-05-12 23:48:07+05:30
PO12519708,9986473000,DHD565N1JUW1EU,300.00,2026-05-12 18:19:17.817900+05:30,2026-05-12 23:49:16+05:30
PO12157873,2866204628,HGALP0712D0356293001,6.00,2026-05-12 18:19:44.386534+05:30,2026-05-12 23:49:43+05:30
PO12125503,9102303000,28565890547,1000.00,2026-05-12 18:19:48.180740+05:30,2026-05-12 23:49:47+05:30
PO12392005,4596933000,DHD5Z451JUVUOG,4000.00,2026-05-12 18:20:10.149979+05:30,2026-05-12 23:50:08+05:30
PO12330693,7967163000,DHD5JF01JUVU6V,360.00,2026-05-12 18:20:14.245063+05:30,2026-05-12 23:50:13+05:30
PO12507198,5261920577,DHD5FUR1JUVJRV,300.00,2026-05-12 18:20:14.247895+05:30,2026-05-12 23:50:13+05:30
PO12149030,1742424973,DHD53L31JUWOFX,200.00,2026-05-12 18:20:35.041225+05:30,2026-05-12 23:50:33+05:30
PO12180411,0897368022,PLUC95F4QC70KRIWHHLAEPD7S8461321820,122.00,2026-05-12 18:20:57.111184+05:30,2026-05-12 23:50:55+05:30
PO12456101,6254632393,EW1503741243754504192,1004.00,2026-05-12 18:21:13.206206+05:30,2026-05-12 23:51:12+05:30
PO14800429,8746844000,HGALP110D50356317388,1319.00,2026-05-12 18:21:49.577666+05:30,2026-05-12 23:51:48+05:30
PO12621806,7533612813,28565925530,85.00,2026-05-12 18:22:01.579621+05:30,2026-05-12 23:52:00+05:30
PO14801659,0383856000,BBPSPP016132BX1AP1F1A882,1066.00,2026-05-12 18:23:04.202947+05:30,2026-05-12 23:53:03+05:30
PO12052085,1051684000,28565944713,200.00,2026-05-12 18:23:28.629720+05:30,2026-05-12 23:53:27+05:30
PO12066120,8328492000,BBPSBD016132BALAAAJXDBT1,190.00,2026-05-12 18:24:44.545024+05:30,2026-05-12 23:54:43+05:30
AL2274709,8371371465,BBPcc9a1882353344T20260512182421483,1040.00,2026-05-12 18:25:28.700611+05:30,2026-05-12 23:55:27+05:30
PO12435738,8362541000,DHD5H7E1JUY1EB,260.00,2026-05-12 18:25:28.989005+05:30,2026-05-12 23:55:27+05:30
PO12540185,5018492330,EW1503742346336362496,319.00,2026-05-12 18:25:59.896568+05:30,2026-05-12 23:55:58+05:30
PO12249980,9416533000,BBPSPP016132BX7O41F6G156,459.00,2026-05-12 18:26:03.724762+05:30,2026-05-12 23:56:02+05:30
PO12468904,5220750027,DHD5U7C1JUY8PO,1791.00,2026-05-12 18:26:40.363872+05:30,2026-05-12 23:56:39+05:30
PO12424191,6579221119,BBPSPU016132QGTJGI8I2587,127.00,2026-05-12 18:27:06.110993+05:30,2026-05-12 23:57:05+05:30
PO12274086,5392170937,DHD55EZ1JUYEQU,190.00,2026-05-12 18:27:06.574026+05:30,2026-05-12 23:57:05+05:30
PO12380093,3416704000,EW1503742700100739072,543.00,2026-05-12 18:27:11.835364+05:30,2026-05-12 23:57:10+05:30
PO12022590,1976153000,DHD50D01JUYJ3H,2000.00,2026-05-12 18:27:16.545045+05:30,2026-05-12 23:57:15+05:30
PO12059576,9126773000,DHD5YU11JUYU1F,1000.00,2026-05-12 18:28:21.751744+05:30,2026-05-12 23:58:20+05:30
PO12046501,1418407472,DHD5ON71JUYUZX,200.00,2026-05-12 18:28:47.756565+05:30,2026-05-12 23:58:46+05:30
PO12081300,2756128000,DHD5TX51JUZ5XC,500.00,2026-05-12 18:29:54.981286+05:30,2026-05-12 23:59:53+05:30
PO12417059,4591419053,DHD5C4U1JUYW15,200.00,2026-05-12 18:30:10.857876+05:30,2026-05-13 00:00:09+05:30
PO12158871,7050679000,DHD598N1JUZB4Z,31.00,2026-05-12 18:30:13.164277+05:30,2026-05-13 00:00:12+05:30
PO12580239,1665694000,28566044809,164.00,2026-05-12 18:30:31.413609+05:30,2026-05-13 00:00:30+05:30
PO12333401,8937113000,EW1503743688832409600,457.00,2026-05-12 18:30:47.616960+05:30,2026-05-13 00:00:46+05:30
PO12338407,3446763000,PP01BX1830142543KBQ6207238R61321830,213.00,2026-05-12 18:31:03.232084+05:30,2026-05-13 00:01:02+05:30
PO12549249,4747134000,HGALP0B0540356417822,193.00,2026-05-12 18:31:04.042776+05:30,2026-05-13 00:01:02+05:30
PO12357355,1506692000,BBPSBD016132BALAAAJXDNZ8,55.00,2026-05-12 18:31:05.438523+05:30,2026-05-13 00:01:04+05:30
PO12144147,0607334000,EW1503743733535301632,93.00,2026-05-12 18:31:09.467646+05:30,2026-05-13 00:01:08+05:30
PO12158871,7050679000,DHD5GPI1JUZNMO,1.00,2026-05-12 18:31:34.914598+05:30,2026-05-13 00:01:33+05:30
AL2794443,2437273000,010716976442,40112.00,2026-05-12 18:31:56.482892+05:30,2026-05-13 00:01:55+05:30
PO12357289,8388077422,PP01BX120534623I7IU3773147R61281205,179.00,2026-05-12 18:32:02.390120+05:30,2026-05-13 00:02:01+05:30
PO12221002,8553713000,BBPSPP016132BX1QH1FGX474,77.00,2026-05-12 18:32:22.589689+05:30,2026-05-13 00:02:21+05:30
AL2794640,8101918310,010716976217,46747.00,2026-05-12 18:32:24.489602+05:30,2026-05-13 00:02:23+05:30
PO12336956,4654004000,HGALP144BB0356437341,146.00,2026-05-12 18:32:43.832644+05:30,2026-05-13 00:02:42+05:30
PO12580185,8450273491,DHMPZQW1JUZPLW,1019.00,2026-05-12 18:32:50.255006+05:30,2026-05-13 00:02:49+05:30
SE10003225,7985758753,010716976530,456814.00,2026-05-12 18:33:21.241206+05:30,2026-05-13 00:03:20+05:30
SE10003069,9281170778,010716976529,213147.00,2026-05-12 18:33:22.484163+05:30,2026-05-13 00:03:21+05:30
PO12317946,1175794000,EW1503744369194655744,153.00,2026-05-12 18:33:29.970662+05:30,2026-05-13 00:03:28+05:30
PO12089193,7879400100,DHD522C1JV05O9,1000.00,2026-05-12 18:34:15.661204+05:30,2026-05-13 00:04:14+05:30
PO12020774,0866714123,HGALP042520356458252,53.00,2026-05-12 18:34:45.454008+05:30,2026-05-13 00:04:44+05:30
AL2801080,9593664000,HDFCH00994307661,43070.00,2026-05-12 18:35:39.484534+05:30,2026-05-13 00:05:38+05:30
PO12417058,6733155880,DHD5DOV1JV0K6W,1072.00,2026-05-12 18:35:43.238250+05:30,2026-05-13 00:05:42+05:30
PO12518405,7454587527,DHD5GZG1JV0DP7,542.00,2026-05-12 18:35:44.863922+05:30,2026-05-13 00:05:43+05:30
PO12018634,4011875019,DCHYNPD1JV0LLX,565.00,2026-05-12 18:36:08.985755+05:30,2026-05-13 00:06:07+05:30
PO12263534,7909163757,DHD5ZU91JV0OMP,103.00,2026-05-12 18:36:44.220767+05:30,2026-05-13 00:06:43+05:30
PO12170183,0173774000,DHD5TYP1JV0YWI,273.00,2026-05-12 18:37:42.401406+05:30,2026-05-13 00:07:41+05:30
PO12132809,7904527756,DHD5L251JUZMVE,3.00,2026-05-12 18:40:06.921688+05:30,2026-05-13 00:10:05+05:30
PO12505471,2267283000,DPHW3DE1JV0WCA,46.00,2026-05-12 18:40:10.739523+05:30,2026-05-13 00:10:09+05:30
PO12524827,5749881510,BBPSPU016132DROZKVQ69328,48.00,2026-05-12 18:40:46.068247+05:30,2026-05-13 00:10:44+05:30
PO12129955,7708074000,PP01BX134543840GLST6473084R61311345,447.00,2026-05-12 18:40:47.476374+05:30,2026-05-13 00:10:46+05:30
PO12219538,9727773000,28566196098,285.00,2026-05-12 18:40:58.163966+05:30,2026-05-13 00:10:57+05:30
PO12338549,4822013000,DHD5WK91JV1TPE,200.00,2026-05-12 18:41:14.798079+05:30,2026-05-13 00:11:13+05:30
PO12411845,9002833000,EW1503746350038605824,103.00,2026-05-12 18:41:36.006559+05:30,2026-05-13 00:11:34+05:30
PO12127719,7905550358,HGALP00FD10356537470,250.00,2026-05-12 18:41:45.114127+05:30,2026-05-13 00:11:44+05:30
PO12263534,7909163757,SD01181778591624439FB1A243E61321843,495.00,2026-05-12 18:44:05.759967+05:30,2026-05-13 00:14:04+05:30
PO12276043,0058324000,DHD529L1JV2QH3,590.00,2026-05-12 18:44:12.182370+05:30,2026-05-13 00:14:11+05:30
PO12168883,6083597000,HGVR42I4ISST7YHDIJBTNY31VTM61321844,149.00,2026-05-12 18:44:21.071948+05:30,2026-05-13 00:14:19+05:30
PO12487783,4758714000,DHD58Q61JV2R0Z,114.00,2026-05-12 18:44:36.330622+05:30,2026-05-13 00:14:35+05:30
PO12034336,6162623418,28566267481,10.00,2026-05-12 18:45:53.531549+05:30,2026-05-13 00:15:52+05:30
PO12064458,2686784000,BBPSPP016132BX58Y1G3Y102,32.00,2026-05-12 18:46:04.811017+05:30,2026-05-13 00:16:03+05:30
PO12032792,3867053000,DHD5WQY1JV2Y3X,500.00,2026-05-12 18:46:29.022300+05:30,2026-05-13 00:16:27+05:30
PO12282015,4732794771,BBPSPP016132BX1L71G55456,192.00,2026-05-12 18:46:44.380169+05:30,2026-05-13 00:16:43+05:30
AL2272031,4142733000,DHD51VH1JV2ZHA,5000.00,2026-05-12 18:46:48.622069+05:30,2026-05-13 00:16:47+05:30
PO12077568,4470725000,28566278720,660.00,2026-05-12 18:47:00.506440+05:30,2026-05-13 00:16:59+05:30
PO12230016,8993903000,EW1503747953705574400,100.00,2026-05-12 18:47:45.310823+05:30,2026-05-13 00:17:44+05:30
PO12545441,4147032000,EW1503748015101796352,194.00,2026-05-12 18:48:13.424464+05:30,2026-05-13 00:18:12+05:30
PO12451992,7730621903,HGALP04FD70356620391,117.00,2026-05-12 18:48:43.433909+05:30,2026-05-13 00:18:42+05:30
PO12462451,1246655748,BBPSBD016132BALAAAJXEL9P,350.00,2026-05-12 18:48:47.198633+05:30,2026-05-13 00:18:46+05:30
PO12622247,0228514000,HGALP06A330356622356,30.00,2026-05-12 18:49:04.467735+05:30,2026-05-13 00:19:03+05:30
PO12397865,6677974000,28566305776,600.00,2026-05-12 18:49:58.469140+05:30,2026-05-13 00:19:57+05:30
PO12489738,3961826586,DHD5T9D1JV21PW,190.00,2026-05-12 18:50:07.674515+05:30,2026-05-13 00:20:06+05:30
PO12549873,1023564000,EW1503748580305231872,198.00,2026-05-12 18:50:16.575510+05:30,2026-05-13 00:20:15+05:30
PO12481700,8958220100,BBPSPU016132RJTJHMH23214,120.00,2026-05-12 18:50:24.882543+05:30,2026-05-13 00:20:23+05:30
PO12180607,3245583000,DHD5B251JV3DG0,100.00,2026-05-12 18:50:58.072028+05:30,2026-05-13 00:20:56+05:30
PO12475822,3546324000,HGALP17D4F0356651211,272.00,2026-05-12 18:51:23.822970+05:30,2026-05-13 00:21:22+05:30
PO12455246,4010063000,DHD56VZ1JV3F45,119.00,2026-05-12 18:51:38.338247+05:30,2026-05-13 00:21:37+05:30
PO12397335,0714810100,PP01BX021108624OUBQ8873213R61300211,131.00,2026-05-12 18:51:48.418764+05:30,2026-05-13 00:21:47+05:30
PO12588755,7800196263,HGALP160CA0356674910,378.00,2026-05-12 18:53:23.301289+05:30,2026-05-13 00:23:22+05:30
PO12402868,4051933000,DHD545U1JV3V0X,1500.00,2026-05-12 18:53:30.754820+05:30,2026-05-13 00:23:29+05:30
PO12123963,9636848000,PP01BX185300604VQL25571773R61321853,104.00,2026-05-12 18:53:33.080103+05:30,2026-05-13 00:23:31+05:30
PO12415477,4966903239,EW1503749570282610688,1172.00,2026-05-12 18:54:12.974574+05:30,2026-05-13 00:24:11+05:30
PO12487252,0550033000,BBPSPP016132BX6AN1GIK789,86.00,2026-05-12 18:55:06.273359+05:30,2026-05-13 00:25:05+05:30
PO12459176,2809353000,DHD5WDA1JV45F2,200.00,2026-05-12 18:55:27.257188+05:30,2026-05-13 00:25:26+05:30
PO12435813,9728054000,28566414464,500.00,2026-05-12 18:55:56.099137+05:30,2026-05-13 00:25:55+05:30
PO12010562,4413213000,BBPSPP016132BX48X1GKX136,182.00,2026-05-12 18:56:23.914706+05:30,2026-05-13 00:26:22+05:30
PO12489694,3049756000,EW1503750155530625024,321.00,2026-05-12 18:56:33.847201+05:30,2026-05-13 00:26:32+05:30
PO12321038,0294324000,HGALP0EFF20356720225,403.00,2026-05-12 18:57:03.433725+05:30,2026-05-13 00:27:02+05:30
PO12417852,4414978646,PP01BX065807549PKIT0948793R61280658,381.00,2026-05-12 18:57:21.349467+05:30,2026-05-13 00:27:20+05:30
PO12563133,0200103000,PP01BX160225594TFYJ3590919R61301602,686.00,2026-05-12 18:58:08.995573+05:30,2026-05-13 00:28:06+05:30
PO12128251,9525431315,DHD53E51JV52P9,286.00,2026-05-12 18:58:59.451892+05:30,2026-05-13 00:28:58+05:30
PO12569454,1231594000,HGALP14E600356742565,32.00,2026-05-12 18:59:05.153537+05:30,2026-05-13 00:29:04+05:30
PO12119008,8298844000,EW1503750816217391104,447.00,2026-05-12 18:59:10.595842+05:30,2026-05-13 00:29:09+05:30
PO12009156,4716908500,28566466587,250.00,2026-05-12 18:59:23.397565+05:30,2026-05-13 00:29:22+05:30
PO12128256,3021611640,DHD5P9P1JV4TLG,204.00,2026-05-12 19:00:11.505067+05:30,2026-05-13 00:30:10+05:30
PO12319174,2017974000,HGALP0901E0356755736,446.00,2026-05-12 19:00:12.911145+05:30,2026-05-13 00:30:11+05:30
PO12045142,9420784000,28566489552,500.00,2026-05-12 19:01:09.856284+05:30,2026-05-13 00:31:08+05:30
PO12234925,6044983000,EW1503751404707602432,22.00,2026-05-12 19:01:24.586962+05:30,2026-05-13 00:31:23+05:30
PO12417411,1995845619,DHD5TSC1JV5MH0,367.00,2026-05-12 19:01:44.640690+05:30,2026-05-13 00:31:43+05:30
PO12100937,5526168000,PP01BX054516245MK4X3558537R61320545,221.00,2026-05-12 19:02:12.145879+05:30,2026-05-13 00:32:11+05:30
PO12432062,7484675747,PP01BX105031428KKD45564034R61311050,59.00,2026-05-12 19:02:55.667761+05:30,2026-05-13 00:32:54+05:30
PO12149792,0312057446,BBPSPU016132O4AKX2RU0789,361.00,2026-05-12 19:03:24.691136+05:30,2026-05-13 00:33:23+05:30
PO12181804,6197777629,HGALP0E05B0356806430,114.00,2026-05-12 19:04:05.541276+05:30,2026-05-13 00:34:04+05:30
PO12574529,4490596884,BBPSPP016132BX4LV1H07037,219.00,2026-05-12 19:05:24.010808+05:30,2026-05-13 00:35:22+05:30
PO12110586,5095199000,HGALP0FC1D0356821151,500.00,2026-05-12 19:05:24.487703+05:30,2026-05-13 00:35:23+05:30
PO12193351,3137063000,28566557050,500.00,2026-05-12 19:05:30.031317+05:30,2026-05-13 00:35:28+05:30
PO12526603,1432774000,DHD5QXP1JV6YZY,200.00,2026-05-12 19:06:54.211351+05:30,2026-05-13 00:36:53+05:30
PO12427586,6853454000,PP01BX190715035NXRX0756973R61321907,100.00,2026-05-12 19:07:35.879986+05:30,2026-05-13 00:37:34+05:30
PO12336918,5461754000,28566604516,65.00,2026-05-12 19:07:46.185014+05:30,2026-05-13 00:37:45+05:30
PO12330653,4713153000,HGALP129E10356854854,14.00,2026-05-12 19:08:06.607136+05:30,2026-05-13 00:38:05+05:30
PO12508803,7719642755,BBPSPP016132BX1BB1H6E767,72.00,2026-05-12 19:09:04.508208+05:30,2026-05-13 00:39:03+05:30
PO12276025,6018623000,EW1503753345156210688,215.00,2026-05-12 19:09:11.432732+05:30,2026-05-13 00:39:10+05:30
PO12318041,1737174000,DHD5KJ11JV7RN6,67.00,2026-05-12 19:09:22.159948+05:30,2026-05-13 00:39:21+05:30
PO12578701,1328124000,BBPSPP016132BX48X1H8M915,213.00,2026-05-12 19:10:43.522624+05:30,2026-05-13 00:40:42+05:30
PO12441268,4037904000,BBPSBD016132BALAAAJXFUDQ,690.00,2026-05-12 19:11:45.483713+05:30,2026-05-13 00:41:44+05:30
PO12262636,7287804000,BBPSPP016132BX6AN1HAX738,110.00,2026-05-12 19:12:04.054602+05:30,2026-05-13 00:42:02+05:30
PO12566393,4179618552,PP01BX1355157516I3X5564293R61271355,563.00,2026-05-12 19:12:12.847681+05:30,2026-05-13 00:42:11+05:30
PO12066658,3911584000,DHD5YOW1JV8JL6,500.00,2026-05-12 19:12:37.442662+05:30,2026-05-13 00:42:36+05:30
PO12430937,7122694000,DHD55HE1JV8IMA,200.00,2026-05-12 19:12:43.132385+05:30,2026-05-13 00:42:42+05:30
PO12365196,7507344000,EW1503754317014196224,334.00,2026-05-12 19:13:01.585958+05:30,2026-05-13 00:43:00+05:30
PO12435406,3132154415,EW1503754319174262784,361.00,2026-05-12 19:13:02.565755+05:30,2026-05-13 00:43:01+05:30
PO12451122,2171943000,BBPSPP016132BX1J61HCV445,603.00,2026-05-12 19:13:05.752730+05:30,2026-05-13 00:43:04+05:30
PO12511945,9738014000,DHD57F61JV8NOU,10.00,2026-05-12 19:13:07.482236+05:30,2026-05-13 00:43:06+05:30
PO12029437,4456667321,DPHW01Z1JV8LMR,1000.00,2026-05-12 19:13:24.796145+05:30,2026-05-13 00:43:23+05:30
PO12495490,7642559000,DHD54LH1JV8QHU,69.00,2026-05-12 19:13:51.162666+05:30,2026-05-13 00:43:50+05:30
PO12221862,7175779598,DHD55O01JV8SBW,1500.00,2026-05-12 19:14:34.914719+05:30,2026-05-13 00:44:33+05:30
PO12060593,8282066000,28566724547,50.00,2026-05-12 19:15:07.165389+05:30,2026-05-13 00:45:06+05:30
PO12447891,5016673000,BBPSPP016132BX4UU1HGL800,19.00,2026-05-12 19:15:24.891591+05:30,2026-05-13 00:45:23+05:30
PO12369883,3421794867,EW1503754917823078400,163.00,2026-05-12 19:15:40.122001+05:30,2026-05-13 00:45:39+05:30
PO12425080,6251839029,HGVRIHGQGVTAGUKC2C5T90F51VS61321915,231.00,2026-05-12 19:15:43.686065+05:30,2026-05-13 00:45:42+05:30
PO12318041,1737174000,DHD55B91JV9EP9,4.00,2026-05-12 19:16:03.202392+05:30,2026-05-13 00:46:02+05:30
PO12194045,3896540100,DHD5DMB1JV9F60,500.00,2026-05-12 19:16:26.940380+05:30,2026-05-13 00:46:25+05:30
PO12540135,8757844000,DHD5FWP1JV9H56,1000.00,2026-05-12 19:16:42.840053+05:30,2026-05-13 00:46:41+05:30
PO12497519,7348974784,HGALP153A20356972778,3234.00,2026-05-12 19:17:25.089421+05:30,2026-05-13 00:47:23+05:30
PO12299337,3913704186,28566767490,161.00,2026-05-12 19:18:54.724619+05:30,2026-05-13 00:48:53+05:30
PO12340416,8914024000,BBPSAX996131B3e21ee54dcf,978.00,2026-05-12 19:19:02.829342+05:30,2026-05-13 00:49:01+05:30
PO12457514,9842164000,DHD5QZ11JVAAE7,735.00,2026-05-12 19:19:48.409227+05:30,2026-05-13 00:49:47+05:30
PO12134434,2702598768,BBPSPP016132BX4LV1HOQ566,9.00,2026-05-12 19:20:05.101748+05:30,2026-05-13 00:50:04+05:30
PO12441075,8153583000,SD01221778593772642A5E2CD6261321919,851.00,2026-05-12 19:20:06.766954+05:30,2026-05-13 00:50:05+05:30
PO12299338,9855077000,DHD5HCA1JV5QI4,100.00,2026-05-12 19:20:07.139811+05:30,2026-05-13 00:50:06+05:30
PO12259314,3222903000,DHD5UZ41JV9J7S,206.00,2026-05-12 19:20:09.197899+05:30,2026-05-13 00:50:07+05:30
PO12016770,6404398945,BBPSDP2161321UU5HTAS16JO,511.00,2026-05-12 19:20:26.324273+05:30,2026-05-13 00:50:25+05:30
PO12326302,0853808000,28566860184,1000.00,2026-05-12 19:23:30.100528+05:30,2026-05-13 00:53:29+05:30
PO12053827,6820498000,HGVRPP5K03G6T791ZWQR9NTYNNK61321923,233.00,2026-05-12 19:24:01.738795+05:30,2026-05-13 00:54:00+05:30
PO12328795,0157223000,28566875646,1000.00,2026-05-12 19:24:31.852552+05:30,2026-05-13 00:54:30+05:30
PO14801341,0265873894,EW1503757397805981696,923.00,2026-05-12 19:25:12.009773+05:30,2026-05-13 00:55:10+05:30
PO12434987,7279534000,DHD5W6B1JVBXFU,96.00,2026-05-12 19:25:37.208026+05:30,2026-05-13 00:55:36+05:30
PO12028915,9697896689,HGALP12E300357105370,37.00,2026-05-12 19:27:25.147169+05:30,2026-05-13 00:57:24+05:30
PO12203269,8872784000,28566900072,1900.00,2026-05-12 19:27:37.020692+05:30,2026-05-13 00:57:35+05:30
PO12556294,2694833000,28566928980,500.00,2026-05-12 19:27:42.978137+05:30,2026-05-13 00:57:41+05:30
PO12449946,5355147333,EW1503758184837767168,159.00,2026-05-12 19:28:34.140538+05:30,2026-05-13 00:58:33+05:30
AL2797708,5502923000,HGALP1107C0357127159,276.00,2026-05-12 19:29:03.090993+05:30,2026-05-13 00:59:01+05:30
PO12272253,9240320100,BBPSPP016132BX1BJ1I46473,395.00,2026-05-12 19:29:24.402100+05:30,2026-05-13 00:59:23+05:30
PO12511475,3538987792,DHD5YQ11JVD3LA,500.00,2026-05-12 19:29:41.543228+05:30,2026-05-13 00:59:40+05:30
PO12130077,6404934000,28566971605,300.00,2026-05-12 19:30:13.423552+05:30,2026-05-13 01:00:12+05:30
PO12070545,0636433000,28566946747,2000.00,2026-05-12 19:30:28.986168+05:30,2026-05-13 01:00:27+05:30
PO12203980,8715659000,DHD51P81JVDFTN,1978.00,2026-05-12 19:30:32.706048+05:30,2026-05-13 01:00:31+05:30
PO12032106,2909442963,BBPSPP016132BX48X1I8G691,170.00,2026-05-12 19:32:06.223691+05:30,2026-05-13 01:02:05+05:30
PO12222413,9367173000,DCHYBHT1JVDUCH,250.00,2026-05-12 19:32:12.196534+05:30,2026-05-13 01:02:11+05:30
PO12411905,6454854000,HGALP01B490357174982,129.00,2026-05-12 19:32:24.264265+05:30,2026-05-13 01:02:23+05:30
PO12523458,8038267716,DHD59K81JVDXXB,100.00,2026-05-12 19:32:25.747140+05:30,2026-05-13 01:02:24+05:30
PO12026867,7780893909,28567000752,1000.00,2026-05-12 19:32:37.106150+05:30,2026-05-13 01:02:36+05:30
PO12361941,5221538000,EW1503759323431919616,56.00,2026-05-12 19:32:51.070141+05:30,2026-05-13 01:02:49+05:30
PO12414596,6807194000,EW1503759395250987008,128.00,2026-05-12 19:33:06.437409+05:30,2026-05-13 01:03:05+05:30
PO12272426,3018525000,28567019588,23.00,2026-05-12 19:33:12.798335+05:30,2026-05-13 01:03:11+05:30
PO12070545,0636433000,28567001446,1000.00,2026-05-12 19:33:17.451626+05:30,2026-05-13 01:03:16+05:30
PO12203980,8715659000,DHD5L5T1JVEAGS,18.00,2026-05-12 19:33:47.544062+05:30,2026-05-13 01:03:46+05:30
PO12227092,2859348000,PP01BX092534070AC1F6977179R61310925,342.00,2026-05-12 19:33:59.598599+05:30,2026-05-13 01:03:58+05:30
PO12233530,3453434000,HGVRIASQJJ94Z4ZHRC7IAWSEIA261321933,3626.00,2026-05-12 19:34:37.084459+05:30,2026-05-13 01:04:35+05:30
PO12272426,3018525000,28567047123,7.00,2026-05-12 19:34:37.392642+05:30,2026-05-13 01:04:36+05:30
PO12551422,4091234000,HGALP1276A0357223161,220.00,2026-05-12 19:36:03.294518+05:30,2026-05-13 01:06:02+05:30
PO12107201,5390929000,DHD5ERT1JVEX53,500.00,2026-05-12 19:36:15.191880+05:30,2026-05-13 01:06:14+05:30
PO12454508,4589934019,PP01BX193339225SNMB9152218R61321933,227.00,2026-05-12 19:36:29.537351+05:30,2026-05-13 01:06:28+05:30
PO12197396,9217549000,BBPSPP016132BX1UU1IHJ960,52.00,2026-05-12 19:37:24.462117+05:30,2026-05-13 01:07:23+05:30
PO12511265,2375473000,HGALP0CA190357272607,2.00,2026-05-12 19:39:43.454317+05:30,2026-05-13 01:09:42+05:30
PO12016503,0956584000,DHD57O71JVFHX4,200.00,2026-05-12 19:40:19.328902+05:30,2026-05-13 01:10:18+05:30
PO12351877,6640389000,BBPSPP016132BX09H1IM9129,334.00,2026-05-12 19:40:23.102918+05:30,2026-05-13 01:10:21+05:30
PO12181210,5597864000,DPHWEWR1JVFY1F,330.00,2026-05-12 19:41:00.516071+05:30,2026-05-13 01:10:59+05:30
PO12344222,4871453000,BBPSPP016132BX1L71INN067,555.00,2026-05-12 19:41:06.726532+05:30,2026-05-13 01:11:05+05:30
PO12170747,2029879634,DHD5TPD1JVGCVG,91.00,2026-05-12 19:41:15.884137+05:30,2026-05-13 01:11:14+05:30
AL2800923,8175073570,EW1503761472899473408,720.00,2026-05-12 19:41:23.775661+05:30,2026-05-13 01:11:22+05:30
PO12363804,7467929017,DUTISA41JVFH7Z,1271.00,2026-05-12 19:41:32.938458+05:30,2026-05-13 01:11:31+05:30
PO12563692,4486424167,28567189366,488.00,2026-05-12 19:43:03.565276+05:30,2026-05-13 01:13:02+05:30
PO12466604,9793969000,EW1503761910499598336,176.00,2026-05-12 19:43:10.419139+05:30,2026-05-13 01:13:09+05:30
PO12124108,6307549000,DHD5MCU1JVH3MQ,400.00,2026-05-12 19:43:27.190097+05:30,2026-05-13 01:13:26+05:30
PO12583847,5723604000,DHD5ON11JVH4HW,3252.00,2026-05-12 19:43:37.462393+05:30,2026-05-13 01:13:36+05:30
PO12368815,3822889622,HGALP055590357336301,1000.00,2026-05-12 19:44:03.816610+05:30,2026-05-13 01:14:02+05:30
PO12299777,5330956901,EW1503762194529476608,210.00,2026-05-12 19:44:11.003998+05:30,2026-05-13 01:14:09+05:30
PO12525882,1011153000,DHD505I1JVH54O,307.00,2026-05-12 19:44:17.832630+05:30,2026-05-13 01:14:16+05:30
PO12335222,1657877630,HGALP0907F0357337388,4524.00,2026-05-12 19:44:23.603638+05:30,2026-05-13 01:14:22+05:30
PO12450617,4404531309,HGALP113250357338020,1097.00,2026-05-12 19:44:26.428715+05:30,2026-05-13 01:14:25+05:30
PO12461211,3356143000,HGALP1057D0357349093,130.00,2026-05-12 19:45:04.155612+05:30,2026-05-13 01:15:03+05:30
PO12449876,9486464000,HGVRFAKVNU22SNXUK3ZDUNVNPIJ61321944,200.00,2026-05-12 19:45:08.818886+05:30,2026-05-13 01:15:07+05:30
PO12344222,4871453000,PP01BX194437463TZMN5446498R61321944,13.00,2026-05-12 19:45:11.032227+05:30,2026-05-13 01:15:09+05:30
AL2274685,6105784000,HGVR2YRNI2WUHIJGZ7WW1Z7HZNT61321944,220.00,2026-05-12 19:45:18.285656+05:30,2026-05-13 01:15:17+05:30
PO12308031,3024666117,PP01BX023449211QPTC5398448R61310234,82.00,2026-05-12 19:45:34.014073+05:30,2026-05-13 01:15:32+05:30
PO12146735,2506834000,HGVRRGZAECCM0Z7K6AHY0K9H2MT61321944,146.00,2026-05-12 19:45:51.026914+05:30,2026-05-13 01:15:49+05:30
PO12566424,8487419907,BBPSBD016132BALAAAJXHQVB,210.00,2026-05-12 19:46:04.951443+05:30,2026-05-13 01:16:03+05:30
PO12610910,8592365126,DHD555O1JVI0A4,50.00,2026-05-12 19:46:50.696174+05:30,2026-05-13 01:16:49+05:30
PO12610910,8592365126,DHD58YR1JVIFZJ,1500.00,2026-05-12 19:47:40.519867+05:30,2026-05-13 01:17:39+05:30
PO12383224,2677180719,PP01BX194700441TVPH2778426R61321947,127.00,2026-05-12 19:47:54.001390+05:30,2026-05-13 01:17:52+05:30
PO12023523,5673282000,28567288467,2.00,2026-05-12 19:48:52.669857+05:30,2026-05-13 01:18:51+05:30
PO12211989,2634708000,BBPSPU016132HZU3TDVM5568,4.00,2026-05-12 19:49:05.928116+05:30,2026-05-13 01:19:04+05:30
AL2274869,5703284000,BBPSPP016132BX1L71J1A666,1078.00,2026-05-12 19:49:22.708621+05:30,2026-05-13 01:19:21+05:30
PO12087458,1485316326,PP01BX1948365365TTI0756191R61321948,72.00,2026-05-12 19:49:24.500273+05:30,2026-05-13 01:19:23+05:30
PO12515474,2907353000,DHD5C2N1JVIWED,68.00,2026-05-12 19:49:41.110665+05:30,2026-05-13 01:19:40+05:30
PO12486475,2255964000,DHD5STY1JVJ6G5,237.00,2026-05-12 19:50:27.222280+05:30,2026-05-13 01:20:26+05:30
PO12486475,2255964000,DHD5G3Z1JVJ9VL,4.00,2026-05-12 19:51:17.328042+05:30,2026-05-13 01:21:16+05:30
PO12466615,7450288000,HGALP1488E0357433917,218.00,2026-05-12 19:51:25.560434+05:30,2026-05-13 01:21:24+05:30
PO12583847,5723604000,DHD51JL1JVJB9X,50.00,2026-05-12 19:51:42.550444+05:30,2026-05-13 01:21:41+05:30
PO12262678,2805050016,BBPce619658e4784fT20260512195126092,181.00,2026-05-12 19:51:45.744379+05:30,2026-05-13 01:21:44+05:30
PO14812964,7298848596,HGALP178690357445310,490.00,2026-05-12 19:52:05.121835+05:30,2026-05-13 01:22:04+05:30
PO12107201,5390929000,DHD5ZUQ1JVJDNS,200.00,2026-05-12 19:52:22.981495+05:30,2026-05-13 01:22:21+05:30
PO12068905,1654984000,DHD5Y9E1JVJD20,500.00,2026-05-12 19:52:23.222781+05:30,2026-05-13 01:22:22+05:30
PO12578719,2158330134,BBPSPP016132BX0L01J8S468,101.00,2026-05-12 19:53:45.561149+05:30,2026-05-13 01:23:44+05:30
PO12132006,1596754000,HGALP026650357465826,11.00,2026-05-12 19:53:46.365207+05:30,2026-05-13 01:23:45+05:30
PO12191320,3306564000,BBPSPP016132BX2MT1J8K664,2.00,2026-05-12 19:53:46.751132+05:30,2026-05-13 01:23:45+05:30
PO12399627,2117968526,EW1503764760462057472,306.00,2026-05-12 19:54:31.373570+05:30,2026-05-13 01:24:30+05:30
PO12609251,2365496000,HGVRNDDX200GTPHJQFC7DW3Y3NZ61321954,3125.00,2026-05-12 19:55:06.430279+05:30,2026-05-13 01:25:05+05:30
PO12613394,0064277000,DHMPYRT1JVJR6D,995.00,2026-05-12 19:55:41.642389+05:30,2026-05-13 01:25:40+05:30
PO12519273,6256194255,BBPSPP016132BX2MT1JBY711,95.00,2026-05-12 19:55:43.055863+05:30,2026-05-13 01:25:41+05:30
PO12428082,3732794000,EW1503765529538027520,273.00,2026-05-12 19:57:26.189153+05:30,2026-05-13 01:27:25+05:30
PO12209517,5310313774,DHD5PG61JVKALG,388.00,2026-05-12 19:57:39.965888+05:30,2026-05-13 01:27:38+05:30
PO12191511,6320784000,BBPSPU016132CP6PTQTH2209,787.00,2026-05-12 19:58:06.827018+05:30,2026-05-13 01:28:05+05:30
PO12118994,2889454000,DHD5GUN1JVKCBO,800.00,2026-05-12 19:58:33.689309+05:30,2026-05-13 01:28:32+05:30
PO12578724,8158343694,BBPSPP016132BX1AP1JHA766,262.00,2026-05-12 19:59:04.607874+05:30,2026-05-13 01:29:03+05:30
PO12220743,0089503000,DHD5QT81JVKCC7,100.00,2026-05-12 20:00:07.615032+05:30,2026-05-13 01:30:06+05:30
PO12125738,5967446637,DHD55LO1JVJJ5Z,500.00,2026-05-12 20:00:13.476090+05:30,2026-05-13 01:30:12+05:30
PO12544559,6094631806,EW1503766258143158272,82.00,2026-05-12 20:00:25.317355+05:30,2026-05-13 01:30:24+05:30
PO12347061,2326794000,DHD5T8C1JVL0B7,1000.00,2026-05-12 20:00:50.800561+05:30,2026-05-13 01:30:49+05:30
AL2801066,9456153000,DSBIFE11JVKYLP,7596.00,2026-05-12 20:00:57.101593+05:30,2026-05-13 01:30:56+05:30
PO12062245,9543115993,DSBIOOP1JVLA25,1000.00,2026-05-12 20:02:04.569395+05:30,2026-05-13 01:32:03+05:30
PO12526925,5540256215,HGALP1718E0357616462,108.00,2026-05-12 20:04:24.315703+05:30,2026-05-13 01:34:23+05:30
PO12458974,5773634000,DHD5R2I1JVM6F9,66.00,2026-05-12 20:04:32.836623+05:30,2026-05-13 01:34:31+05:30
AL2272207,0200633536,HGVRSYMV2QSYVA2A1KQAKXD5ESZ61322004,765.00,2026-05-12 20:05:17.168614+05:30,2026-05-13 01:35:16+05:30
PO12231913,1399275105,BBP69ce501a390040T20260512200511649,28.00,2026-05-12 20:05:32.623894+05:30,2026-05-13 01:35:31+05:30
PO12127440,7363314000,BBPSPP016132BX7281JTP166,19.00,2026-05-12 20:06:25.369314+05:30,2026-05-13 01:36:24+05:30
PO12017363,1289953000,BDWADICWL5D1JVMBSI,9.00,2026-05-12 20:07:03.640543+05:30,2026-05-13 01:37:02+05:30
PO12128083,0776002174,DHD5UH41JVMT3Q,1000.00,2026-05-12 20:07:31.132627+05:30,2026-05-13 01:37:29+05:30
PO12412869,1849314000,2054209410763427840QTt3F20261321437,45.00,2026-05-12 20:08:05.937086+05:30,2026-05-13 01:38:04+05:30
PO12546264,2689919074,DPHWK2J1JVMYUX,1.00,2026-05-12 20:09:00.185102+05:30,2026-05-13 01:38:59+05:30
PO14802712,5670260904,28567654418,200.00,2026-05-12 20:09:22.419761+05:30,2026-05-13 01:39:21+05:30
PO12419587,0081694000,PP01BX112652764HW213773874R61311126,242.00,2026-05-12 20:09:57.133155+05:30,2026-05-13 01:39:56+05:30
PO12225033,5885893000,DHD54MQ1JVNBCD,147.00,2026-05-12 20:10:05.185239+05:30,2026-05-13 01:40:04+05:30
PO12062283,9407223784,DSBI3841JVN4SZ,1000.00,2026-05-12 20:10:06.462376+05:30,2026-05-13 01:40:05+05:30
PO12461384,4072914000,DHD5AB21JVNBYR,243.00,2026-05-12 20:10:06.486361+05:30,2026-05-13 01:40:05+05:30
PO12525879,2650921606,DHD5VLU1JVM9BA,2.00,2026-05-12 20:10:07.413293+05:30,2026-05-13 01:40:06+05:30
PO12495513,0863759000,HGALP07ED80357711695,110.00,2026-05-12 20:11:22.941345+05:30,2026-05-13 01:41:21+05:30
PO12397930,7490204000,HGALP05DD70357721801,109.00,2026-05-12 20:12:04.676104+05:30,2026-05-13 01:42:03+05:30
PO12317309,8822743000,HGALP00B3E0357725159,239.00,2026-05-12 20:12:23.177459+05:30,2026-05-13 01:42:22+05:30
PO12445616,9048085535,PP01BX111009939JDFM5398516R61281110,231.00,2026-05-12 20:12:53.675161+05:30,2026-05-13 01:42:52+05:30
PO12365638,0222964000,EW1503769435680759808,66.00,2026-05-12 20:12:54.010045+05:30,2026-05-13 01:42:52+05:30
PO12566425,8125602083,HGALP0B2990357746727,284.00,2026-05-12 20:14:02.566756+05:30,2026-05-13 01:44:01+05:30
PO12306228,6150023000,HGVRU9NIIF2UGN6D3U9PNPQB1ZX61322015,1.00,2026-05-12 20:15:18.607424+05:30,2026-05-13 01:45:17+05:30
PO12430154,0237557277,PP01BX081706673OATV3558304R61310817,269.00,2026-05-12 20:15:19.747341+05:30,2026-05-13 01:45:18+05:30
PO12197396,9217549000,BBPSPP016132BX48X1KB1941,6.00,2026-05-12 20:16:44.315363+05:30,2026-05-13 01:46:43+05:30
PO12161711,5514004000,28567787623,100.00,2026-05-12 20:17:09.680089+05:30,2026-05-13 01:47:08+05:30
PO12326689,8119704000,BBPSBD016132BALAAAJXJHAY,2223.00,2026-05-12 20:18:45.444511+05:30,2026-05-13 01:48:44+05:30
PO12453795,6620692000,DPHWL791JVOU8W,150.00,2026-05-12 20:18:48.176127+05:30,2026-05-13 01:48:47+05:30
PO12353129,8738503000,BBPSAT316132B00074445547,1077.00,2026-05-12 20:19:24.407956+05:30,2026-05-13 01:49:23+05:30
PO12140277,0871788000,28567838001,490.00,2026-05-12 20:20:05.126960+05:30,2026-05-13 01:50:03+05:30
PO12234753,5303514000,DHD53NR1JVNGI3,300.00,2026-05-12 20:20:06.708036+05:30,2026-05-13 01:50:05+05:30
AL2277463,6362683669,DHD53JX1JVP8F1,500.00,2026-05-12 20:20:07.452367+05:30,2026-05-13 01:50:06+05:30
PO12082818,6333719000,HGALP0665E0357859838,174.00,2026-05-12 20:22:02.843446+05:30,2026-05-13 01:52:01+05:30
PO12555718,8450768312,HGALP002080357866897,109.00,2026-05-12 20:22:43.072307+05:30,2026-05-13 01:52:41+05:30
PO12340932,4959431730,BBPSPP016132BX1J61KKY288,311.00,2026-05-12 20:22:45.267030+05:30,2026-05-13 01:52:44+05:30
PO12512559,5875534852,DPHWUI71JVPFTN,400.00,2026-05-12 20:23:20.610178+05:30,2026-05-13 01:53:19+05:30
PO12201884,1209419000,2053105352758312960S2S4X20261291330,31.00,2026-05-12 20:24:21.190299+05:30,2026-05-13 01:54:20+05:30
PO12134132,2612405188,HGALP038C80357887359,71.00,2026-05-12 20:24:23.540157+05:30,2026-05-13 01:54:22+05:30
PO14807731,5557784451,DHD5SK71JVPQ7A,363.00,2026-05-12 20:25:07.967520+05:30,2026-05-13 01:55:06+05:30
PO12515050,4274453000,HGALP0200A0357916756,680.00,2026-05-12 20:26:24.565216+05:30,2026-05-13 01:56:23+05:30
PO12357607,0209778590,DHD52ZR1JVPV8R,150.00,2026-05-12 20:26:40.240714+05:30,2026-05-13 01:56:39+05:30
PO12547016,5931793000,HGALP1152C0357947793,155.00,2026-05-12 20:28:42.475051+05:30,2026-05-13 01:58:41+05:30
PO12512581,6161612876,BBPSPP016132BX09H1KWR285,1309.00,2026-05-12 20:29:45.688477+05:30,2026-05-13 01:59:44+05:30
PO12191511,6320784000,DHD5QUX1JVLUJS,8.00,2026-05-12 20:30:06.209424+05:30,2026-05-13 02:00:05+05:30
PO12201884,1209419000,DHD57EI1JVPTKB,1.00,2026-05-12 20:30:06.874637+05:30,2026-05-13 02:00:05+05:30
PO12258419,1650035000,HGALP142FF0357990521,450.00,2026-05-12 20:31:44.284165+05:30,2026-05-13 02:01:43+05:30
PO12081924,7574430436,28568042165,1000.00,2026-05-12 20:32:00.766973+05:30,2026-05-13 02:01:59+05:30
PO12342665,8330094000,DHD5WEH1JVQGON,500.00,2026-05-12 20:32:52.141779+05:30,2026-05-13 02:02:51+05:30
PO12235567,6406970298,DHD51O41JVQN4B,399.00,2026-05-12 20:35:11.651936+05:30,2026-05-13 02:05:10+05:30
PO12160850,4240443938,PP01BX013027927LBZ44430820R61310130,315.00,2026-05-12 20:36:21.011046+05:30,2026-05-13 02:06:19+05:30
PO12293798,5601944000,PP01BX073152804K8O55398578R61320731,126.00,2026-05-12 20:37:36.178854+05:30,2026-05-13 02:07:35+05:30
PO12211793,2465085877,HGALP0DE8F0358085069,50.00,2026-05-12 20:39:04.244735+05:30,2026-05-13 02:09:02+05:30
PO12352472,4759149000,28568169879,50.00,2026-05-12 20:39:39.037059+05:30,2026-05-13 02:09:37+05:30
PO12248293,6992524000,BBPSPP016132BX47A1LE0092,6.00,2026-05-12 20:40:05.230825+05:30,2026-05-13 02:10:04+05:30
PO12307530,3755549833,BBPSPP016132BX6AN1LEI324,389.00,2026-05-12 20:40:24.449232+05:30,2026-05-13 02:10:23+05:30
PO12488766,5837734000,BBPSBD016132BALAAAJXKLXF,100.00,2026-05-12 20:40:44.840369+05:30,2026-05-13 02:10:43+05:30
PO12597208,6098994000,HGALP099AE0358107463,361.00,2026-05-12 20:40:45.640347+05:30,2026-05-13 02:10:44+05:30
PO12189722,2810063000,EW1503777134745182208,164.00,2026-05-12 20:43:38.656357+05:30,2026-05-13 02:13:37+05:30
PO12222170,1418873000,DHD5U7C1JVRI81,1000.00,2026-05-12 20:43:44.353525+05:30,2026-05-13 02:13:43+05:30
PO12475159,1083353000,HGALP0AD0B0358158212,82.00,2026-05-12 20:44:23.606688+05:30,2026-05-13 02:14:22+05:30
PO12080403,2906184000,DHD5QPE1JVRLJF,100.00,2026-05-12 20:44:39.763505+05:30,2026-05-13 02:14:38+05:30
PO12290914,2999618079,28568244321,600.00,2026-05-12 20:45:17.622270+05:30,2026-05-13 02:15:16+05:30
PO12528770,7656638873,DPHWOOS1JVRP1U,1000.00,2026-05-12 20:45:36.578262+05:30,2026-05-13 02:15:35+05:30
PO12435480,3382281089,DPHWD6G1JVRMLA,200.00,2026-05-12 20:46:06.047467+05:30,2026-05-13 02:16:04+05:30
PO12160732,6950154000,DHD5YR91JVRQQU,200.00,2026-05-12 20:46:08.728868+05:30,2026-05-13 02:16:07+05:30
PO12286266,1804818000,HGALP14DBB0358193834,393.00,2026-05-12 20:47:02.477039+05:30,2026-05-13 02:17:01+05:30
PO12258211,5870303000,PP01BX204530112S41T1986204R61322045,358.00,2026-05-12 20:47:24.321268+05:30,2026-05-13 02:17:23+05:30
PO12366346,0674928863,28568300929,50.00,2026-05-12 20:47:49.281781+05:30,2026-05-13 02:17:48+05:30
PO12322199,6159061598,HGALP0ED5A0358206731,500.00,2026-05-12 20:48:04.732420+05:30,2026-05-13 02:18:03+05:30
PO12577590,5862903000,HGALP106500358209214,123.00,2026-05-12 20:48:25.116893+05:30,2026-05-13 02:18:24+05:30
PO12442420,3332102185,HGALP0D5D30358222583,95.00,2026-05-12 20:49:24.751693+05:30,2026-05-13 02:19:23+05:30
PO12393614,9264355868,HGALP15F9A0358272292,47.00,2026-05-12 20:53:05.336959+05:30,2026-05-13 02:23:04+05:30
PO12503626,4726749000,PP01BX063915021PZGQ8354509R61300639,131.00,2026-05-12 20:53:40.475600+05:30,2026-05-13 02:23:39+05:30
PO12239312,0176925431,28568406846,200.00,2026-05-12 20:54:02.382911+05:30,2026-05-13 02:24:01+05:30
PO12295117,5147873000,DHD5XVS1JVSJQP,368.00,2026-05-12 20:54:45.224465+05:30,2026-05-13 02:24:44+05:30
PO12279836,3740253000,28568432021,169.00,2026-05-12 20:55:33.743710+05:30,2026-05-13 02:25:32+05:30
PO12009728,2221635935,PP01BX205542137IFJK5446044R61322055,218.00,2026-05-12 20:56:42.276973+05:30,2026-05-13 02:26:41+05:30
PO12542501,1487634000,PP01BX041027596Z9QD5605364R61310410,658.00,2026-05-12 20:56:45.786612+05:30,2026-05-13 02:26:44+05:30
PO12239315,5866638000,28568457976,100.00,2026-05-12 20:57:06.170837+05:30,2026-05-13 02:27:04+05:30
PO12563766,5670102771,28568461269,364.00,2026-05-12 20:57:28.871211+05:30,2026-05-13 02:27:27+05:30
PO12505755,6257259754,DHD5L7J1JVSTYW,264.00,2026-05-12 20:57:33.412164+05:30,2026-05-13 02:27:32+05:30
PO12336974,6252575615,BBPSPP016132BX1L71M7W300,40.00,2026-05-12 20:58:04.180619+05:30,2026-05-13 02:28:02+05:30
PO12522027,5878504645,HGALP0ECCC0358350510,512.00,2026-05-12 20:59:04.308121+05:30,2026-05-13 02:29:03+05:30
PO12576700,5477184000,28568492378,197.00,2026-05-12 20:59:19.784857+05:30,2026-05-13 02:29:18+05:30
PO12555460,1140677660,HGVRAW1VJMZ6QR13IZGZC67QX5X61322059,31.00,2026-05-12 21:00:07.235002+05:30,2026-05-13 02:30:06+05:30
PO12593447,0065663000,28568525792,500.00,2026-05-12 21:01:42.562936+05:30,2026-05-13 02:31:41+05:30
PO12398174,0658214000,HGALP14A060358391998,33.00,2026-05-12 21:02:22.518078+05:30,2026-05-13 02:32:21+05:30
PO12531735,6265668129,HGALP0236B0358395172,39.00,2026-05-12 21:02:42.920333+05:30,2026-05-13 02:32:41+05:30
PO12146732,0543044000,DHD5OML1JVTCBF,35.00,2026-05-12 21:02:56.843832+05:30,2026-05-13 02:32:55+05:30
PO12256532,1534673000,DHD56A41JVTFTN,1000.00,2026-05-12 21:04:06.325633+05:30,2026-05-13 02:34:05+05:30
PO12358812,5577770533,DHD52AS1JVTKPL,547.00,2026-05-12 21:05:30.377726+05:30,2026-05-13 02:35:29+05:30
PO12314620,8733274000,BBPSHD016132BALAAAEC5PNO,582.00,2026-05-12 21:05:44.555790+05:30,2026-05-13 02:35:43+05:30
PO12504431,2036924000,BBPSBD016132BALAAAJXLV22,500.00,2026-05-12 21:06:44.180814+05:30,2026-05-13 02:36:43+05:30
PO12505697,8394508589,28568618500,65.00,2026-05-12 21:07:14.700259+05:30,2026-05-13 02:37:13+05:30
PO12454889,7796463000,HGALP151B70358460999,474.00,2026-05-12 21:07:43.402649+05:30,2026-05-13 02:37:42+05:30
PO12257506,1323073000,20542244389076828165N10S20261321537,224.00,2026-05-12 21:07:58.601802+05:30,2026-05-13 02:37:57+05:30
AL2269600,5033584000,DHD54N41JVTWHP,601.00,2026-05-12 21:09:30.107697+05:30,2026-05-13 02:39:28+05:30
PO12025418,8615844000,DHD56EQ1JVT7FP,100.00,2026-05-12 21:10:06.368251+05:30,2026-05-13 02:40:05+05:30
PO12249040,7611223000,DHD5N5X1JVTYUE,50.00,2026-05-12 21:10:19.821488+05:30,2026-05-13 02:40:18+05:30
PO12314392,9961744000,HGALP03B8B0358493397,3063.00,2026-05-12 21:10:24.316620+05:30,2026-05-13 02:40:23+05:30
PO12581871,7451718000,DHD5N3G1JVU64D,1080.00,2026-05-12 21:12:23.023501+05:30,2026-05-13 02:42:21+05:30
PO12131496,0768764000,BBPSPP016132BX4SF1MVW945,109.00,2026-05-12 21:12:24.266102+05:30,2026-05-13 02:42:23+05:30
PO12257395,3458779848,DHMPJJQ1JVU6B6,100.00,2026-05-12 21:12:25.621823+05:30,2026-05-13 02:42:24+05:30
PO12063794,4953331208,DHD51NJ1JVU9OW,2000.00,2026-05-12 21:13:56.132766+05:30,2026-05-13 02:43:55+05:30
PO12624883,3946759711,PP01BX075740444KYXZ0684303R61270757,2868.00,2026-05-12 21:14:22.431861+05:30,2026-05-13 02:44:21+05:30
PO12441514,0504683000,HGALP145C90358548686,127.00,2026-05-12 21:14:44.315716+05:30,2026-05-13 02:44:43+05:30
PO12469386,4314248000,28568716398,100.00,2026-05-12 21:15:06.361741+05:30,2026-05-13 02:45:05+05:30
PO12530392,5502051000,28568752894,300.00,2026-05-12 21:15:06.866032+05:30,2026-05-13 02:45:05+05:30
PO12631008,8148153000,PP01BX021402517DENO0684231R61270214,869.00,2026-05-12 21:16:51.876144+05:30,2026-05-13 02:46:50+05:30
PO12574197,4303672022,28568781581,19.00,2026-05-12 21:16:57.554033+05:30,2026-05-13 02:46:56+05:30
PO12327738,7879464000,PP01BX004445035JQCC1089192R61290044,200.00,2026-05-12 21:17:53.994127+05:30,2026-05-13 02:47:52+05:30
PO12040716,8634918985,28568796793,3000.00,2026-05-12 21:17:56.468240+05:30,2026-05-13 02:47:55+05:30
PO12441514,0504683000,HGALP156830358595698,2.00,2026-05-12 21:18:23.657772+05:30,2026-05-13 02:48:22+05:30
PO12244882,8106848000,HGALP0B0BD0358604916,100.00,2026-05-12 21:19:23.361144+05:30,2026-05-13 02:49:22+05:30
PO12485754,6320373000,DHD5ATT1JVUWOE,100.00,2026-05-12 21:20:41.629409+05:30,2026-05-13 02:50:40+05:30
PO12381817,3430506916,DHD532P1JVUW5G,55.00,2026-05-12 21:21:06.529927+05:30,2026-05-13 02:51:05+05:30
PO12296279,3264463000,28568852382,200.00,2026-05-12 21:21:26.095686+05:30,2026-05-13 02:51:25+05:30
PO12185845,4237476527,HGVRH51PY9WIKRKFT3CUTF4AKUH61322121,46.00,2026-05-12 21:21:42.051294+05:30,2026-05-13 02:51:40+05:30
PO14807347,6998343000,BBPSPP016132BX5TF1NB1944,114.00,2026-05-12 21:21:45.326991+05:30,2026-05-13 02:51:44+05:30
PO12554292,2618345875,PP01BX211855580QTFL3834093R61292118,1770.00,2026-05-12 21:23:27.648808+05:30,2026-05-13 02:53:26+05:30
PO12022942,8068253000,DHD508Z1JVV4JE,1000.00,2026-05-12 21:23:52.949905+05:30,2026-05-13 02:53:51+05:30
PO12337189,4422103000,28568888080,250.00,2026-05-12 21:24:05.560617+05:30,2026-05-13 02:54:04+05:30
PO12268706,7189850272,HGALP066AE0358680254,418.00,2026-05-12 21:25:22.546895+05:30,2026-05-13 02:55:21+05:30
PO12231348,3669834000,PP01BX062213876J3VX1089749R61310622,346.00,2026-05-12 21:25:26.138315+05:30,2026-05-13 02:55:25+05:30
PO12143902,4788333000,DHD5BPH1JVVGRT,1000.00,2026-05-12 21:27:22.491191+05:30,2026-05-13 02:57:21+05:30
PO12477814,9426539000,HGALP13D2D0358723184,100.00,2026-05-12 21:28:43.075582+05:30,2026-05-13 02:58:41+05:30
PO12544585,6035184044,EW1503788804120993792,417.00,2026-05-12 21:29:53.634812+05:30,2026-05-13 02:59:52+05:30
PO12143902,4788333000,DHD5KNU1JVVPA9,988.00,2026-05-12 21:30:05.973994+05:30,2026-05-13 03:00:04+05:30
PO12278311,2884733000,DHDF8EM1JVUW5N,154.00,2026-05-12 21:30:07.136497+05:30,2026-05-13 03:00:06+05:30
PO12063265,8379643933,DHD56BV1JVVRWL,200.00,2026-05-12 21:30:38.109004+05:30,2026-05-13 03:00:37+05:30
PO12304776,1967400100,HGALP163420358744597,385.00,2026-05-12 21:30:45.052662+05:30,2026-05-13 03:00:43+05:30
PO12631856,5421261236,DHD556L1JVVU68,158.00,2026-05-12 21:31:10.809471+05:30,2026-05-13 03:01:09+05:30
AL2269057,4841239701,BBP6782b385110b4aT20260512213022912,1688.00,2026-05-12 21:31:12.058013+05:30,2026-05-13 03:01:10+05:30
PO12435953,9100012650,28569003079,100.00,2026-05-12 21:31:19.075298+05:30,2026-05-13 03:01:17+05:30
PO12337189,4422103000,DHD54WH1JVW6DK,10.00,2026-05-12 21:34:58.813733+05:30,2026-05-13 03:04:57+05:30
PO12200483,5072114000,DPHWZC91JVW1SY,200.00,2026-05-12 21:35:59.149202+05:30,2026-05-13 03:05:57+05:30
PO12327104,0220384000,28569084970,5095.00,2026-05-12 21:36:27.071459+05:30,2026-05-13 03:06:25+05:30
PO12415651,5676974000,PP01BX013139261IDZD3558856R61310131,343.00,2026-05-12 21:36:52.581004+05:30,2026-05-13 03:06:51+05:30
PO12062129,1668922738,DHD58UM1JVWCSI,8.00,2026-05-12 21:37:02.733355+05:30,2026-05-13 03:07:01+05:30
PO12489443,4342526764,BBPSAX996131B8a83ba2debb,186.00,2026-05-12 21:38:03.856850+05:30,2026-05-13 03:08:02+05:30
PO12274792,1376356493,lpbbps3A0cBjOyWF2t1zhXLROK261322138,420.00,2026-05-12 21:39:11.560882+05:30,2026-05-13 03:09:10+05:30
PO12567652,6456678387,DHD5P4D1JVWJZL,10.00,2026-05-12 21:39:29.486372+05:30,2026-05-13 03:09:28+05:30
PO12382664,1386967000,EW1503791301883551744,941.00,2026-05-12 21:39:52.578283+05:30,2026-05-13 03:09:51+05:30
PO12223062,7102023000,DHD5X5Q1JVW3CU,1000.00,2026-05-12 21:40:07.640252+05:30,2026-05-13 03:10:06+05:30
PO12131806,9701313000,BBPSPU016132DEACT7QJ6755,226.00,2026-05-12 21:40:24.488242+05:30,2026-05-13 03:10:23+05:30
PO12077137,3007895434,DHD5AG31JVWPCY,192.00,2026-05-12 21:40:50.811945+05:30,2026-05-13 03:10:49+05:30
PO12450505,4359878728,PP01BX214042895TMPM0756775R61322140,95.00,2026-05-12 21:41:07.074859+05:30,2026-05-13 03:11:05+05:30
PO12258873,8072803000,DHD5P241JVWQVX,246.00,2026-05-12 21:41:33.184942+05:30,2026-05-13 03:11:32+05:30
PO12372831,5935720100,BBPSPU0161323MBLDTZZ8013,10.00,2026-05-12 21:41:43.131860+05:30,2026-05-13 03:11:41+05:30
AL2276376,7828253000,DHD5S4V1JVWUX0,2000.00,2026-05-12 21:42:28.816225+05:30,2026-05-13 03:12:27+05:30
PO12077137,3007895434,DHD5LUR1JVWVNP,3.00,2026-05-12 21:42:52.635260+05:30,2026-05-13 03:12:51+05:30
PO12360995,7431034000,EW1503792252405112832,2045.00,2026-05-12 21:43:39.122151+05:30,2026-05-13 03:13:38+05:30
PO12296434,7582504000,DHD5BI51JVX5DI,479.00,2026-05-12 21:45:53.332746+05:30,2026-05-13 03:15:52+05:30
PO12600275,3554117800,PP01BX214533648THG16802586R61322145,2585.00,2026-05-12 21:45:57.051554+05:30,2026-05-13 03:15:55+05:30
PO12466269,9416009000,HGALP049440358930183,186.00,2026-05-12 21:46:23.540598+05:30,2026-05-13 03:16:22+05:30
PO12034883,9674251381,EW1503793256991252480,448.00,2026-05-12 21:47:41.046724+05:30,2026-05-13 03:17:39+05:30
AL2269256,3019489207,28569275470,200.00,2026-05-12 21:49:05.253957+05:30,2026-05-13 03:19:04+05:30
PO12062129,1668922738,DHD5D4R1JVWPQG,10.00,2026-05-12 21:50:07.990085+05:30,2026-05-13 03:20:06+05:30
PO12195749,6818338000,PP01BX215110535SBSK5446588R61322151,2.00,2026-05-12 21:51:33.588376+05:30,2026-05-13 03:21:32+05:30
PO12407150,1901334000,HGALP059C50359000670,100.00,2026-05-12 21:52:22.471127+05:30,2026-05-13 03:22:21+05:30
PO12311975,6535684000,HGALP0E0A40359005970,261.00,2026-05-12 21:53:04.341821+05:30,2026-05-13 03:23:03+05:30
PO12223062,7102023000,DHD5Z4N1JVXUY7,500.00,2026-05-12 21:53:50.557623+05:30,2026-05-13 03:23:49+05:30
PO12063265,8379643933,DHD5Q5U1JVXVKP,900.00,2026-05-12 21:54:09.826794+05:30,2026-05-13 03:24:08+05:30
PO12332160,2021058901,DHD58NA1JVXZ62,133.00,2026-05-12 21:55:05.310469+05:30,2026-05-13 03:25:04+05:30
PO12321296,6165074000,BBPSPP016132BX7281OXE240,1.00,2026-05-12 21:56:45.014771+05:30,2026-05-13 03:26:43+05:30
PO12282615,3908859260,EW1503795666069446656,375.00,2026-05-12 21:57:09.477521+05:30,2026-05-13 03:27:08+05:30
PO12082599,0000969000,BBPSBD016132BALAAAJXN41E,238.00,2026-05-12 21:58:03.385955+05:30,2026-05-13 03:28:02+05:30
PO12367303,3104714000,HGVR5IWFE3W0B1N1PWBBK51ZYYF61322158,256.00,2026-05-12 21:59:24.636765+05:30,2026-05-13 03:29:23+05:30
PO12592750,4737172000,BBPSBD016132BALAAAJXOANZ,3595.00,2026-05-12 22:01:44.362550+05:30,2026-05-13 03:31:43+05:30
PO12432129,0875699487,HGALP129390359102801,500.00,2026-05-12 22:02:04.033983+05:30,2026-05-13 03:32:02+05:30
PO12607583,2470343000,HGVRBN4W7A16S4JYY3C0N4WHBG361322200,2550.00,2026-05-12 22:02:32.001243+05:30,2026-05-13 03:32:30+05:30
PO12055340,6538116607,28569490399,1000.00,2026-05-12 22:04:50.300659+05:30,2026-05-13 03:34:49+05:30
PO12156795,1157340100,PP01BX020655718PR9T5398291R61310206,81.00,2026-05-12 22:06:03.463684+05:30,2026-05-13 03:36:02+05:30
PO12067747,2045225732,28569099171,500.00,2026-05-12 22:07:26.613838+05:30,2026-05-13 03:37:25+05:30
PO12406613,7326594000,BBPSPP016132BX5TF1PGO864,113.00,2026-05-12 22:08:03.880552+05:30,2026-05-13 03:38:02+05:30
PO12562944,9684157142,28569560449,210.00,2026-05-12 22:10:06.860514+05:30,2026-05-13 03:40:05+05:30
PO12396235,5891487000,DHD5F4F1JVZF58,100.00,2026-05-12 22:11:51.900054+05:30,2026-05-13 03:41:50+05:30
PO12540027,8002779695,28569588808,1423.00,2026-05-12 22:12:48.518938+05:30,2026-05-13 03:42:47+05:30
PO12537377,3535904000,PP01BX004505661JNPT3558332R61310045,742.00,2026-05-12 22:17:30.186661+05:30,2026-05-13 03:47:29+05:30
PO12389879,0602903000,28569650227,120.00,2026-05-12 22:17:43.635405+05:30,2026-05-13 03:47:42+05:30
PO12029924,7060475147,28569660239,1000.00,2026-05-12 22:18:03.064109+05:30,2026-05-13 03:48:01+05:30
PO12288235,5903544000,28569672067,50.00,2026-05-12 22:18:51.042151+05:30,2026-05-13 03:48:49+05:30
PO12580820,3873823000,PP01BX221840586PETY6294335R61322218,6.00,2026-05-12 22:19:02.403621+05:30,2026-05-13 03:49:01+05:30
PO12010035,3360477810,PP01BX221854729WVI68159624R61322218,200.00,2026-05-12 22:19:15.532740+05:30,2026-05-13 03:49:14+05:30
PO12429805,2351253000,DHD5J1J1JVZON5,1500.00,2026-05-12 22:20:06.394583+05:30,2026-05-13 03:50:05+05:30
PO12432293,7168797495,DHD5NFY1JW0152,1000.00,2026-05-12 22:20:06.394639+05:30,2026-05-13 03:50:05+05:30
PO12434944,0911743000,DHD5S461JVZMT9,610.00,2026-05-12 22:20:06.972968+05:30,2026-05-13 03:50:05+05:30
PO12116441,3679543017,DHD5GKP1JVZOEE,9.00,2026-05-12 22:20:07.080965+05:30,2026-05-13 03:50:05+05:30
PO12074687,3882424000,DHD5IN61JW09V4,587.00,2026-05-12 22:22:00.019129+05:30,2026-05-13 03:51:58+05:30
PO12318693,0356524000,BBPSPP016132BX1AP1Q83238,213.00,2026-05-12 22:24:44.696185+05:30,2026-05-13 03:54:43+05:30
PO12284159,9719998000,28569763645,100.00,2026-05-12 22:27:03.777679+05:30,2026-05-13 03:57:02+05:30
PO12227491,4008673944,HGALP112DD0359367451,300.00,2026-05-12 22:28:04.364799+05:30,2026-05-13 03:58:03+05:30
PO12403333,2779892000,HGALP15F8E0359366366,79.00,2026-05-12 22:28:05.112464+05:30,2026-05-13 03:58:03+05:30
PO12063265,8379643933,DHD5YKL1JW0SSP,100.00,2026-05-12 22:28:24.554354+05:30,2026-05-13 03:58:23+05:30
PO12575312,9362054000,HGALP07C500359375565,217.00,2026-05-12 22:29:04.550635+05:30,2026-05-13 03:59:03+05:30
PO12008988,2736564772,28569793917,2000.00,2026-05-12 22:29:43.010579+05:30,2026-05-13 03:59:41+05:30
PO12349700,8855888000,DHD50F71JW06F4,128.00,2026-05-12 22:30:06.629277+05:30,2026-05-13 04:00:05+05:30
PO12275181,8804003000,DHD5N5H1JW0Z4I,204.00,2026-05-12 22:30:33.266154+05:30,2026-05-13 04:00:32+05:30
PO12563173,1314333000,EW1503804085778210816,800.00,2026-05-12 22:30:38.211275+05:30,2026-05-13 04:00:37+05:30
PO12485868,7267022102,BBPSBD016132BALAAAJXPH7Q,262.00,2026-05-12 22:31:03.178310+05:30,2026-05-13 04:01:02+05:30
PO12356555,2129006001,PP01BX223147496ZNZ43413987R61322231,100.00,2026-05-12 22:32:03.774313+05:30,2026-05-13 04:02:02+05:30
PO12485102,2472014000,BBPSDP216132D3RZTNX0TOTN,81.00,2026-05-12 22:32:04.943912+05:30,2026-05-13 04:02:03+05:30
PO12017506,5348173000,BBPSPP016132BX2MT1QNQ278,156.00,2026-05-12 22:34:02.764044+05:30,2026-05-13 04:04:01+05:30
PO12283177,1528693000,HGALP044C40359425475,8.00,2026-05-12 22:34:22.765756+05:30,2026-05-13 04:04:21+05:30
PO12125909,1677084000,28569886992,100.00,2026-05-12 22:38:18.755392+05:30,2026-05-13 04:08:17+05:30
PO12477520,3877584000,HGVRXSWCRIXHAZU1XBX2TQUZ7ZX61322238,2711.00,2026-05-12 22:38:30.855902+05:30,2026-05-13 04:08:29+05:30
PO12128393,4481553000,DHD57OD1JW1NSN,1000.00,2026-05-12 22:39:15.204690+05:30,2026-05-13 04:09:14+05:30
PO12064933,1190453000,DHD5PU91JW1AJY,1000.00,2026-05-12 22:40:06.238749+05:30,2026-05-13 04:10:05+05:30
PO12040006,2707404000,28569915295,70.00,2026-05-12 22:40:18.544154+05:30,2026-05-13 04:10:17+05:30
PO12043207,4893972000,28569919814,100.00,2026-05-12 22:40:52.932578+05:30,2026-05-13 04:10:51+05:30
PO12171027,7582833000,2053603402090614784WuTHhTQC61302229,49.00,2026-05-12 22:41:13.089801+05:30,2026-05-13 04:11:11+05:30
PO12616761,2515495397,HGALP01C0F0359493901,412.00,2026-05-12 22:42:23.989833+05:30,2026-05-13 04:12:22+05:30
PO12126563,5258893000,HGALP0A4E50359497577,32.00,2026-05-12 22:43:03.871386+05:30,2026-05-13 04:13:02+05:30
PO12377885,1708649000,HGALP0AC0E0359502001,1000.00,2026-05-12 22:43:22.885876+05:30,2026-05-13 04:13:21+05:30
PO12356516,8110121111,APBEXMXOKAVKJVPOSEUUQNETYUZ61322243,168.00,2026-05-12 22:44:09.267344+05:30,2026-05-13 04:14:08+05:30
PO12311611,8231071065,BBPSBD016132BALAAAJXP33E,39.00,2026-05-12 22:48:04.597877+05:30,2026-05-13 04:18:03+05:30
AL2278018,8398472000,BBPSPP016132BX5TF1RDS923,134.00,2026-05-12 22:49:43.198560+05:30,2026-05-13 04:19:42+05:30
PO12368519,1061094000,BBPSPP016132BX1J61RDY041,174.00,2026-05-12 22:49:44.605749+05:30,2026-05-13 04:19:43+05:30
PO12233493,3127987095,DHD5F1Y1JW1TCX,3000.00,2026-05-12 22:50:05.431207+05:30,2026-05-13 04:20:04+05:30
PO12475911,3736054000,DHD5I1J1JW1RD5,163.00,2026-05-12 22:50:06.393672+05:30,2026-05-13 04:20:05+05:30
PO12197136,1308578000,28570096413,290.00,2026-05-12 22:57:50.607465+05:30,2026-05-13 04:27:49+05:30
PO12554512,8909253000,HGALP0012C0359617532,841.00,2026-05-12 22:59:04.607698+05:30,2026-05-13 04:29:03+05:30
PO12232508,0341494892,BBPSBD016132BALAAAJXQHSU,64.00,2026-05-12 23:00:02.980890+05:30,2026-05-13 04:30:01+05:30
PO12523757,4628573000,EW1503629281276157952,264.00,2026-05-12 23:00:21.378231+05:30,2026-05-13 04:30:20+05:30
PO12098204,7902583000,HGVRUZZTE04X0RTV0V7PAN4QEN361322300,1.00,2026-05-12 23:00:33.143422+05:30,2026-05-13 04:30:31+05:30
PO12090579,6011496039,28570159976,1000.00,2026-05-12 23:04:35.748027+05:30,2026-05-13 04:34:34+05:30
PO12561238,6677256828,PP01BX031641939FLRG6442570R61310316,273.00,2026-05-12 23:04:39.529295+05:30,2026-05-13 04:34:38+05:30
PO12066878,5337384000,DHD5TKX1JW3M5L,1000.00,2026-05-12 23:07:31.353859+05:30,2026-05-13 04:37:30+05:30
PO12098831,3270929177,HGALP070C50359688137,14.00,2026-05-12 23:09:44.392489+05:30,2026-05-13 04:39:43+05:30
PO12575625,8849244000,28570215699,500.00,2026-05-12 23:10:52.496629+05:30,2026-05-13 04:40:51+05:30
PO12509554,6328320028,BBPSBD016132BALAAAJXQTRW,54.00,2026-05-12 23:11:03.724374+05:30,2026-05-13 04:41:02+05:30
PO12043401,7582584000,28570241860,2319.00,2026-05-12 23:15:43.635863+05:30,2026-05-13 04:45:42+05:30
PO12278225,0230283000,28570273125,300.00,2026-05-12 23:18:12.064760+05:30,2026-05-13 04:48:10+05:30
PO12008085,6923504000,DHD5UCS1JW4B9C,1000.00,2026-05-12 23:18:44.422164+05:30,2026-05-13 04:48:43+05:30
PO12580153,5934214000,DHD59BG1JW444C,67.00,2026-05-12 23:20:06.221715+05:30,2026-05-13 04:50:05+05:30
PO12406943,1721983000,HGALP051580359768114,378.00,2026-05-12 23:24:04.158053+05:30,2026-05-13 04:54:03+05:30
PO14800538,0770774000,28570338001,1.00,2026-05-12 23:25:57.008835+05:30,2026-05-13 04:55:55+05:30
PO12283077,0630913000,HGALP06B030359779525,127.00,2026-05-12 23:26:23.930621+05:30,2026-05-13 04:56:22+05:30
PO12043401,7582584000,28570334464,1000.00,2026-05-12 23:26:27.617665+05:30,2026-05-13 04:56:26+05:30
PO12088079,7825179000,28570359015,500.00,2026-05-12 23:29:01.299197+05:30,2026-05-13 04:59:00+05:30
PO12545323,7749922000,DHD5W881JW4QGH,250.00,2026-05-12 23:30:06.032709+05:30,2026-05-13 05:00:04+05:30
PO12070858,0452203000,HGVR1WS7FSZJDRYMU9BMGKZEAM661322330,84.00,2026-05-12 23:30:29.619467+05:30,2026-05-13 05:00:28+05:30
PO12604519,7612213374,BBPSPP016132BX4SF1TPQ130,112.00,2026-05-12 23:40:03.118281+05:30,2026-05-13 05:10:01+05:30
PO12191816,4591646036,DHD5Z7X1JW3UEP,1000.00,2026-05-12 23:40:05.466561+05:30,2026-05-13 05:10:04+05:30
PO12074507,0292964248,DHD5T7Z1JW5FZJ,2000.00,2026-05-12 23:40:06.138236+05:30,2026-05-13 05:10:04+05:30
PO12145547,8050379412,28570460612,886.00,2026-05-12 23:42:33.583536+05:30,2026-05-13 05:12:32+05:30
PO12446877,5055163000,HGALP057BA0359854180,107.00,2026-05-12 23:43:42.605829+05:30,2026-05-13 05:13:41+05:30
PO12012458,3900144000,DHD5ZZZ1JW3U09,1000.00,2026-05-12 23:50:05.743940+05:30,2026-05-13 05:20:04+05:30
